b_plan_sha256,case,default_c_initial_makespan,fixed_added_copy_bytes,fixed_cache_hit_rate,fixed_makespan,fixed_to_default_ratio,fixed_to_reoptimized_ratio,gpu_backend,plan_changed,reoptimized_added_copy_bytes,reoptimized_cache_hit_rate,reoptimized_candidate,reoptimized_failed_alternatives,reoptimized_makespan,reoptimized_plan_sha256,reoptimized_to_default_ratio,variant
74e2f48a02bc0da889d9ecfa1e9a1620e41c58aa5959111496f36eec5e3f8b21,case_012,13406.0,53568.0,0.07677657421735508,13406.0,1.0,1.0,mps,False,53568.0,0.07677657421735508,base_base,0,13406.0,74e2f48a02bc0da889d9ecfa1e9a1620e41c58aa5959111496f36eec5e3f8b21,1.0,cache_bandwidth_double
74e2f48a02bc0da889d9ecfa1e9a1620e41c58aa5959111496f36eec5e3f8b21,case_012,13406.0,53568.0,0.07677657421735508,13406.0,1.0,1.0,mps,False,53568.0,0.07677657421735508,base_base,0,13406.0,74e2f48a02bc0da889d9ecfa1e9a1620e41c58aa5959111496f36eec5e3f8b21,1.0,cache_bandwidth_half
74e2f48a02bc0da889d9ecfa1e9a1620e41c58aa5959111496f36eec5e3f8b21,case_012,13406.0,53568.0,0.07677657421735508,13406.0,1.0,1.0,mps,False,53568.0,0.07677657421735508,base_base,0,13406.0,74e2f48a02bc0da889d9ecfa1e9a1620e41c58aa5959111496f36eec5e3f8b21,1.0,cache_capacity_double
74e2f48a02bc0da889d9ecfa1e9a1620e41c58aa5959111496f36eec5e3f8b21,case_012,13406.0,53568.0,0.07677657421735508,13406.0,1.0,1.0,mps,False,53568.0,0.07677657421735508,base_base,0,13406.0,74e2f48a02bc0da889d9ecfa1e9a1620e41c58aa5959111496f36eec5e3f8b21,1.0,cache_capacity_half
03da0b47a1a75f2ff482f833cdb9eb23554517ec97c8a07e9c4669d1f35f24e3,case_016,7706495.0,4784208.0,0.1262120964320337,7706495.0,1.0,1.000002984504453,mps,True,4718672.0,0.12744945511815547,base_disperse_tid_1000002265_node_2259_core_1_pos_0,0,7706472.0,6d6434de9c3ef3ce26d1ae7f99555457339f55d779d89363ccbbf36dce152590,0.9999970155044544,cache_bandwidth_double
03da0b47a1a75f2ff482f833cdb9eb23554517ec97c8a07e9c4669d1f35f24e3,case_016,7706495.0,4784208.0,0.1262120964320337,7706495.0,1.0,1.000002984504453,mps,True,4718672.0,0.12744945511815547,base_disperse_tid_1000002265_node_2259_core_1_pos_0,0,7706472.0,6d6434de9c3ef3ce26d1ae7f99555457339f55d779d89363ccbbf36dce152590,0.9999970155044544,cache_bandwidth_half
03da0b47a1a75f2ff482f833cdb9eb23554517ec97c8a07e9c4669d1f35f24e3,case_016,7706495.0,4784208.0,0.2427155700616033,7706495.0,1.0,1.000002984504453,mps,True,4718672.0,0.24509510599645282,base_disperse_tid_1000002265_node_2259_core_1_pos_0,0,7706472.0,6d6434de9c3ef3ce26d1ae7f99555457339f55d779d89363ccbbf36dce152590,0.9999970155044544,cache_capacity_double
03da0b47a1a75f2ff482f833cdb9eb23554517ec97c8a07e9c4669d1f35f24e3,case_016,7706495.0,4784208.0,0.04854311401232066,7706495.0,1.0,1.000002984504453,mps,True,4718672.0,0.05882282543914868,base_disperse_tid_1000002265_node_2259_core_1_pos_0,0,7706472.0,6d6434de9c3ef3ce26d1ae7f99555457339f55d779d89363ccbbf36dce152590,0.9999970155044544,cache_capacity_half
23f9b112319e3936a068ccb03a1cd5b513fedf05827230057b5884ab0315e322,case_051,541017.0,7471132.0,0.08333308608517007,541017.0,1.0,1.0,mps,False,7471132.0,0.08333308608517007,base_base,0,541017.0,23f9b112319e3936a068ccb03a1cd5b513fedf05827230057b5884ab0315e322,1.0,cache_bandwidth_double
23f9b112319e3936a068ccb03a1cd5b513fedf05827230057b5884ab0315e322,case_051,541017.0,7471132.0,0.08333308608517007,541017.0,1.0,1.0,mps,False,7471132.0,0.08333308608517007,base_base,0,541017.0,23f9b112319e3936a068ccb03a1cd5b513fedf05827230057b5884ab0315e322,1.0,cache_bandwidth_half
23f9b112319e3936a068ccb03a1cd5b513fedf05827230057b5884ab0315e322,case_051,541017.0,7471132.0,0.16666617217034013,541017.0,1.0,1.0,mps,False,7471132.0,0.16666617217034013,base_base,0,541017.0,23f9b112319e3936a068ccb03a1cd5b513fedf05827230057b5884ab0315e322,1.0,cache_capacity_double
23f9b112319e3936a068ccb03a1cd5b513fedf05827230057b5884ab0315e322,case_051,541017.0,7471132.0,0.0,541017.0,1.0,1.0,mps,False,7471132.0,0.0,base_base,0,541017.0,23f9b112319e3936a068ccb03a1cd5b513fedf05827230057b5884ab0315e322,1.0,cache_capacity_half
60a26b6a3c952b931c7b43a829a0e05b86fa3a998ca1dab6a3b77999ad16f6d3,case_062,718939.0,7147008.0,0.0005425935973955507,718939.0,1.0,1.0247807011292074,mps,True,9028608.0,0.061555075593952485,r1_split_g0_h1_c4_p0,0,701554.0,57b5a541f6ceec49cae03b457f6b669defda84f3a70f69bcb2cb70e71178600e,0.9758185325876048,cache_bandwidth_double
60a26b6a3c952b931c7b43a829a0e05b86fa3a998ca1dab6a3b77999ad16f6d3,case_062,718939.0,7147008.0,0.0005425935973955507,718939.0,1.0,1.0247792404016791,mps,True,9028608.0,0.061555075593952485,r1_split_g0_h1_c4_p0,0,701555.0,57b5a541f6ceec49cae03b457f6b669defda84f3a70f69bcb2cb70e71178600e,0.9758199235261963,cache_bandwidth_half
60a26b6a3c952b931c7b43a829a0e05b86fa3a998ca1dab6a3b77999ad16f6d3,case_062,718939.0,7147008.0,0.0005425935973955507,718939.0,1.0,1.0247807011292074,mps,True,9028608.0,0.061555075593952485,r1_split_g0_h1_c4_p0,0,701554.0,57b5a541f6ceec49cae03b457f6b669defda84f3a70f69bcb2cb70e71178600e,0.9758185325876048,cache_capacity_double
60a26b6a3c952b931c7b43a829a0e05b86fa3a998ca1dab6a3b77999ad16f6d3,case_062,718939.0,7147008.0,0.0005425935973955507,718939.0,1.0,1.0247807011292074,mps,True,9028608.0,0.017444758265492608,r1_split_g0_h1_c4_p0,0,701554.0,57b5a541f6ceec49cae03b457f6b669defda84f3a70f69bcb2cb70e71178600e,0.9758185325876048,cache_capacity_half
641a4ced7312dd343437d661ed65a184d94fef87d8de6543fdf114fc7ef96d84,case_067,15931687.0,262750080.0,0.0,15931687.0,1.0,1.0468685943173737,mps,True,261427072.0,0.09178869912702652,base_split_height_g1_p4,0,15218421.0,cce18458b3a5d656f81cad82e3d6fb9859d5becc9a8a06d68bc5f8780d352b85,0.9552297255149439,cache_bandwidth_double
641a4ced7312dd343437d661ed65a184d94fef87d8de6543fdf114fc7ef96d84,case_067,15931687.0,262750080.0,0.0,15931687.0,1.0,1.0423002838969817,mps,True,261427072.0,0.08769472775187277,base_split_height_g1_p4,0,15285122.0,cce18458b3a5d656f81cad82e3d6fb9859d5becc9a8a06d68bc5f8780d352b85,0.9594164133402822,cache_bandwidth_half
641a4ced7312dd343437d661ed65a184d94fef87d8de6543fdf114fc7ef96d84,case_067,15931687.0,262750080.0,0.0,15931687.0,1.0,1.057790265124019,mps,True,261427072.0,0.23096046468125855,base_split_height_g1_p4,0,15061291.0,cce18458b3a5d656f81cad82e3d6fb9859d5becc9a8a06d68bc5f8780d352b85,0.9453669909533121,cache_capacity_double
641a4ced7312dd343437d661ed65a184d94fef87d8de6543fdf114fc7ef96d84,case_067,15931687.0,262750080.0,0.0,15931687.0,1.0,1.0370062008747551,mps,True,261427072.0,0.0534348555527879,base_split_height_g1_p4,0,15363155.0,cce18458b3a5d656f81cad82e3d6fb9859d5becc9a8a06d68bc5f8780d352b85,0.9643143880494263,cache_capacity_half
f9e651df6a8229a7879066c19329096daf7d234ff4a05bd6b9f88f0a1a712f81,case_081,30943.0,0.0,0.0,30943.0,1.0,1.0,mps,False,0.0,0.0,base_base,0,30943.0,f9e651df6a8229a7879066c19329096daf7d234ff4a05bd6b9f88f0a1a712f81,1.0,cache_bandwidth_double
f9e651df6a8229a7879066c19329096daf7d234ff4a05bd6b9f88f0a1a712f81,case_081,30943.0,0.0,0.0,30943.0,1.0,1.0,mps,False,0.0,0.0,base_base,0,30943.0,f9e651df6a8229a7879066c19329096daf7d234ff4a05bd6b9f88f0a1a712f81,1.0,cache_bandwidth_half
f9e651df6a8229a7879066c19329096daf7d234ff4a05bd6b9f88f0a1a712f81,case_081,30943.0,0.0,0.0,30943.0,1.0,1.0,mps,False,0.0,0.0,base_base,0,30943.0,f9e651df6a8229a7879066c19329096daf7d234ff4a05bd6b9f88f0a1a712f81,1.0,cache_capacity_double
f9e651df6a8229a7879066c19329096daf7d234ff4a05bd6b9f88f0a1a712f81,case_081,30943.0,0.0,0.0,30943.0,1.0,1.0,mps,False,0.0,0.0,base_base,0,30943.0,f9e651df6a8229a7879066c19329096daf7d234ff4a05bd6b9f88f0a1a712f81,1.0,cache_capacity_half
