added_copy_bytes,cache_hit_bytes,cache_hit_rate,cache_miss_bytes,candidate,case,control,cores,definition,error,error_type,evaluation_seconds,makespan,original_graph_copy_bytes,partition_added_copy_bytes,plan_sha256,rank,scene,scheduled_copy_bytes,selected,source,spill_added_copy_bytes,status
0,0,0.0,0,A0_base,case_051,no_receive_domain,2,"A/B starts and local edits use compute load, path and id instead of receive-domain byte priorities; real copy traffic remains in official profile and evaluation.",,,0.3622472500001095,607628,393218,0,2a2865adc5eff22153cf709fe4d0e43cbfa7456ab5e749636d0c433923fc996f,1,A,393218,True,seed,0,AI_VERIFIED
1179660,0,0.0,0,A2_base,case_051,no_receive_domain,2,"A/B starts and local edits use compute load, path and id instead of receive-domain byte priorities; real copy traffic remains in official profile and evaluation.",,,0.28301420800016786,612275,393218,1179660,f0b52063391cc6a3ac91b14492999d4bc347857c6732045ac51cb74144b9e9e5,2,A,1572878,False,seed,0,AI_VERIFIED
0,0,0.0,0,B0_base,case_051,no_receive_domain,2,"A/B starts and local edits use compute load, path and id instead of receive-domain byte priorities; real copy traffic remains in official profile and evaluation.",,,0.36954025000068214,607628,393218,0,2a2865adc5eff22153cf709fe4d0e43cbfa7456ab5e749636d0c433923fc996f,1,B,393218,True,seed,0,AI_VERIFIED
393228,0,0.0,0,L2_base,case_051,no_receive_domain,2,"A/B starts and local edits use compute load, path and id instead of receive-domain byte priorities; real copy traffic remains in official profile and evaluation.",,,0.33193641700017906,609681,393218,393228,fd0e268fa468f39db4993ad1781c2725143b8f40389dc7fe5e2f5951c49717a8,2,B,786446,False,legacy_seed,0,AI_VERIFIED
7078260,0,0.0,0,B3_base,case_051,no_receive_domain,5,"A/B starts and local edits use compute load, path and id instead of receive-domain byte priorities; real copy traffic remains in official profile and evaluation.",,,0.49523820800004614,574131,393218,7012720,5a46103213bcab2474476dfcad08c019b3256c4e8b3faa16b8cacd107e2f2063,1,B,7471478,True,seed,65540,AI_VERIFIED
6357092,0,0.0,0,L2_base,case_051,no_receive_domain,5,"A/B starts and local edits use compute load, path and id instead of receive-domain byte priorities; real copy traffic remains in official profile and evaluation.",,,0.49251920799997606,582380,393218,6357092,ad693ecc7ebb8c94530b65a00f697ed7e522611d160ab0d3cf0442bdd6c9f78c,2,B,6750310,False,legacy_seed,0,AI_VERIFIED
29376,0,0.0,0,L1_base,case_012,no_receive_domain,2,"A/B starts and local edits use compute load, path and id instead of receive-domain byte priorities; real copy traffic remains in official profile and evaluation.",,,0.12256695900032355,30058,554898,29376,db30914618b4c8f56b037619f2bd7f5e53a72647f2c498d2d97d684db3177abf,1,A,584274,True,legacy_seed,0,AI_VERIFIED
10944,0,0.0,0,A1_base,case_012,no_receive_domain,2,"A/B starts and local edits use compute load, path and id instead of receive-domain byte priorities; real copy traffic remains in official profile and evaluation.",,,0.0929972080002699,30865,554898,10944,760245d792198d9a5c42701240f69c35bb9c9d5bc40214a907b4d15655c161c0,2,A,565842,False,seed,0,AI_VERIFIED
29376,0,0.0,0,L1_base,case_012,no_receive_domain,2,"A/B starts and local edits use compute load, path and id instead of receive-domain byte priorities; real copy traffic remains in official profile and evaluation.",,,0.13186879099976068,30058,554898,29376,db30914618b4c8f56b037619f2bd7f5e53a72647f2c498d2d97d684db3177abf,1,B,584274,True,legacy_seed,0,AI_VERIFIED
10944,0,0.0,0,B1_base,case_012,no_receive_domain,2,"A/B starts and local edits use compute load, path and id instead of receive-domain byte priorities; real copy traffic remains in official profile and evaluation.",,,0.10718770800031052,30865,554898,10944,760245d792198d9a5c42701240f69c35bb9c9d5bc40214a907b4d15655c161c0,2,B,565842,False,seed,0,AI_VERIFIED
53568,0,0.0,0,L1_base,case_012,no_receive_domain,5,"A/B starts and local edits use compute load, path and id instead of receive-domain byte priorities; real copy traffic remains in official profile and evaluation.",,,0.11969066699930409,13406,554898,53568,74e2f48a02bc0da889d9ecfa1e9a1620e41c58aa5959111496f36eec5e3f8b21,1,A,608466,True,legacy_seed,0,AI_VERIFIED
9792,0,0.0,0,A1_base,case_012,no_receive_domain,5,"A/B starts and local edits use compute load, path and id instead of receive-domain byte priorities; real copy traffic remains in official profile and evaluation.",,,0.11593066600016755,20131,554898,9792,ef53364e556811dd88abc8794c243cb46e4ae7244528d12fe7254fb437745af2,2,A,564690,False,seed,0,AI_VERIFIED
53568,0,0.0,0,L1_base,case_012,no_receive_domain,5,"A/B starts and local edits use compute load, path and id instead of receive-domain byte priorities; real copy traffic remains in official profile and evaluation.",,,0.13024200000018027,13406,554898,53568,74e2f48a02bc0da889d9ecfa1e9a1620e41c58aa5959111496f36eec5e3f8b21,1,B,608466,True,legacy_seed,0,AI_VERIFIED
9792,0,0.0,0,B1_base,case_012,no_receive_domain,5,"A/B starts and local edits use compute load, path and id instead of receive-domain byte priorities; real copy traffic remains in official profile and evaluation.",,,0.10738104099982593,20131,554898,9792,ef53364e556811dd88abc8794c243cb46e4ae7244528d12fe7254fb437745af2,2,B,564690,False,seed,0,AI_VERIFIED
0,0,0.0,0,A0_base,case_051,no_receive_domain,5,"A/B starts and local edits use compute load, path and id instead of receive-domain byte priorities; real copy traffic remains in official profile and evaluation.",,,0.13621879199945397,607628,393218,0,456eecf04e269a172a7af1acb42c946578f7cff24aea1494b816e99b7d7ce0f4,1,A,393218,True,seed,0,AI_VERIFIED
3866888,0,0.0,0,L2_base,case_051,no_receive_domain,5,"A/B starts and local edits use compute load, path and id instead of receive-domain byte priorities; real copy traffic remains in official profile and evaluation.",,,0.13965187499979947,624054,393218,3866888,99ac586800f6d58699e6350c24fdd013eda9bd33153dd3cefebd61a98827a2ec,2,A,4260106,False,legacy_seed,0,AI_VERIFIED
264024576,0,0.0,0,A1_base,case_067,no_receive_domain,2,"A/B starts and local edits use compute load, path and id instead of receive-domain byte priorities; real copy traffic remains in official profile and evaluation.",,,3.262325958000474,33768704,6048128,3721600,de4fc70bed692708f7aafe564468d462ad2cfa41508d6423ee70e58b2805f93e,1,A,270072704,True,seed,260302976,AI_VERIFIED
219544576,0,0.0,0,A3_base,case_067,no_receive_domain,2,"A/B starts and local edits use compute load, path and id instead of receive-domain byte priorities; real copy traffic remains in official profile and evaluation.",,,2.3310169159994985,63769279,6048128,11197440,e516ed6e0d48700321406e388ce97a050553e646b19b94a4c40c56a8c59b8558,2,A,225592704,False,seed,208347136,AI_VERIFIED
262750080,0,0.0,0,A1_base,case_067,no_receive_domain,5,"A/B starts and local edits use compute load, path and id instead of receive-domain byte priorities; real copy traffic remains in official profile and evaluation.",,,2.1377142500004993,15931687,6048128,14886400,641a4ced7312dd343437d661ed65a184d94fef87d8de6543fdf114fc7ef96d84,1,A,268798208,True,seed,247863680,AI_VERIFIED
196763008,0,0.0,0,A3_base,case_067,no_receive_domain,5,"A/B starts and local edits use compute load, path and id instead of receive-domain byte priorities; real copy traffic remains in official profile and evaluation.",,,2.9005341250003767,63457780,6048128,37328256,63d2f8265c48de583ebe347fa43ff8d27629765205e474f185e7955e0bb6a1b5,2,A,202811136,False,seed,159434752,AI_VERIFIED
264024576,0,0.0,0,B1_base,case_067,no_receive_domain,2,"A/B starts and local edits use compute load, path and id instead of receive-domain byte priorities; real copy traffic remains in official profile and evaluation.",,,2.68821991599998,33768704,6048128,3721600,de4fc70bed692708f7aafe564468d462ad2cfa41508d6423ee70e58b2805f93e,1,B,270072704,True,seed,260302976,AI_VERIFIED
255762432,0,0.0,0,L2_base,case_067,no_receive_domain,2,"A/B starts and local edits use compute load, path and id instead of receive-domain byte priorities; real copy traffic remains in official profile and evaluation.",,,2.364043916999435,45720205,6048128,1163264,1af6ffee703b2a7faf4473a35bba235320b8d53823ac3c8dc8a7f2a54036f081,2,B,261810560,False,legacy_seed,254599168,AI_VERIFIED
0,0,0.0,0,A1_base,case_081,no_receive_domain,2,"A/B starts and local edits use compute load, path and id instead of receive-domain byte priorities; real copy traffic remains in official profile and evaluation.",,,0.6828897079994931,76860,1741140,0,b7e6a3b5035f9799e42ecb4781b51865028c011698668214f8e11e4f2be19793,1,A,1741140,True,seed,0,AI_VERIFIED
0,0,0.0,0,A0_base,case_081,no_receive_domain,2,"A/B starts and local edits use compute load, path and id instead of receive-domain byte priorities; real copy traffic remains in official profile and evaluation.",,,0.8439305000001696,151795,1741140,0,167eb4cb5d117a2d5a5c5aae4eecd6bfc51dbeb7a84acd19eb3b759a28e1bbbd,2,A,1741140,False,seed,0,AI_VERIFIED
262750080,0,0.0,0,B1_base,case_067,no_receive_domain,5,"A/B starts and local edits use compute load, path and id instead of receive-domain byte priorities; real copy traffic remains in official profile and evaluation.",,,1.9994119160000992,15931687,6048128,14886400,641a4ced7312dd343437d661ed65a184d94fef87d8de6543fdf114fc7ef96d84,1,B,268798208,False,seed,247863680,AI_VERIFIED
262813312,0,0.0,0,r2_path_n52_c2_p0,case_067,no_receive_domain,5,"A/B starts and local edits use compute load, path and id instead of receive-domain byte priorities; real copy traffic remains in official profile and evaluation.",,,2.105104790999576,15828609,6048128,14951936,139eeb624c763da19901b37fba3953366ea6386352bf665c6582a9e1fef62420,2,B,268861440,True,ordinary,247861376,AI_VERIFIED
0,0,0.0,0,A1_base,case_081,no_receive_domain,5,"A/B starts and local edits use compute load, path and id instead of receive-domain byte priorities; real copy traffic remains in official profile and evaluation.",,,0.5639595000002373,30943,1741140,0,f9e651df6a8229a7879066c19329096daf7d234ff4a05bd6b9f88f0a1a712f81,1,A,1741140,True,seed,0,AI_VERIFIED
51240,0,0.0,0,A2_base,case_081,no_receive_domain,5,"A/B starts and local edits use compute load, path and id instead of receive-domain byte priorities; real copy traffic remains in official profile and evaluation.",,,0.5710612500006391,63600,1741140,51240,f9334ca438195521b4765ebd1710f4fc7028baa7db99ad554d0ce52e2f6c65d6,2,A,1792380,False,seed,0,AI_VERIFIED
0,0,0.0,0,B1_base,case_081,no_receive_domain,2,"A/B starts and local edits use compute load, path and id instead of receive-domain byte priorities; real copy traffic remains in official profile and evaluation.",,,0.7299599999996644,76860,1741140,0,b7e6a3b5035f9799e42ecb4781b51865028c011698668214f8e11e4f2be19793,1,B,1741140,True,seed,0,AI_VERIFIED
5242350,0,0.0,0,B3_base,case_081,no_receive_domain,2,"A/B starts and local edits use compute load, path and id instead of receive-domain byte priorities; real copy traffic remains in official profile and evaluation.",,,1.4332511660004457,156355,1741140,2893078,d101908528381481567f1fbfe3048be18d65e44a5fe04b5ad57d75dc5e86d0a7,2,B,6983490,False,seed,2349272,AI_VERIFIED
0,0,0.0,0,B1_base,case_081,no_receive_domain,5,"A/B starts and local edits use compute load, path and id instead of receive-domain byte priorities; real copy traffic remains in official profile and evaluation.",,,0.5969857920008508,30943,1741140,0,f9e651df6a8229a7879066c19329096daf7d234ff4a05bd6b9f88f0a1a712f81,1,B,1741140,True,seed,0,AI_VERIFIED
5899794,0,0.0,0,B3_base,case_081,no_receive_domain,5,"A/B starts and local edits use compute load, path and id instead of receive-domain byte priorities; real copy traffic remains in official profile and evaluation.",,,2.0046136250002746,135860,1741140,5873170,e9853f752f86966fde2f75aa2e8527887d714b353e55654ea770fb7cabadfff0,2,B,7640934,False,seed,26624,AI_VERIFIED
0,0,0.0,0,A0_base,case_016,no_receive_domain,2,"A/B starts and local edits use compute load, path and id instead of receive-domain byte priorities; real copy traffic remains in official profile and evaluation.",,,10.36974945899965,7715523,393218,0,085d99a8e31183460b528babd5e25515a3470d4bee6c75765189c6b934a35737,1,A,393218,True,seed,0,AI_VERIFIED
1179732,0,0.0,0,A2_base,case_016,no_receive_domain,2,"A/B starts and local edits use compute load, path and id instead of receive-domain byte priorities; real copy traffic remains in official profile and evaluation.",,,4.279241541000374,7720173,393218,1179732,3b093656849cd9b5b765feca8ac49b8f8c8e166bfaa6127d5b40594457459937,2,A,1572950,False,seed,0,AI_VERIFIED
0,0,0.0,0,A0_base,case_016,no_receive_domain,5,"A/B starts and local edits use compute load, path and id instead of receive-domain byte priorities; real copy traffic remains in official profile and evaluation.",,,10.01347375000023,7715523,393218,0,21d209bb67af2852a38e87dca51cb294aced7191073d35bbd8c3f6d0d0d9f9c8,1,A,393218,True,seed,0,AI_VERIFIED
3539172,0,0.0,0,A2_base,case_016,no_receive_domain,5,"A/B starts and local edits use compute load, path and id instead of receive-domain byte priorities; real copy traffic remains in official profile and evaluation.",,,3.5542992499995307,7729253,393218,3539172,2bb139a49f9c234971a5048eef1dcadf4030fb141006cb48f3be33d22b7ccc89,2,A,3932390,False,seed,0,AI_VERIFIED
13369480,0,0.0,0,B2_base,case_016,no_receive_domain,5,"A/B starts and local edits use compute load, path and id instead of receive-domain byte priorities; real copy traffic remains in official profile and evaluation.",,,4.195342874999369,7638712,393218,13369480,60a2b43a63c2027efde227274c8ce07c2aadfe6955c36ca53438607b2921e6b8,1,B,13762698,True,seed,0,AI_VERIFIED
5898256,0,0.0,0,L2_base,case_016,no_receive_domain,5,"A/B starts and local edits use compute load, path and id instead of receive-domain byte priorities; real copy traffic remains in official profile and evaluation.",,,4.282023707999542,7714598,393218,5898256,c48b6a296af511157ca25c98728aad67ea33318dba51576402eaacb3ae208f36,2,B,6291474,False,legacy_seed,0,AI_VERIFIED
5111836,0,0.0,0,B2_base,case_016,no_receive_domain,2,"A/B starts and local edits use compute load, path and id instead of receive-domain byte priorities; real copy traffic remains in official profile and evaluation.",,,5.841137540999625,7697616,393218,5111836,0298c5fac59a38d44938f6e575ebb79ff565d51bddfb3036e9bea1226530bb79,1,B,5505054,True,seed,0,AI_VERIFIED
2162724,0,0.0,0,L2_base,case_016,no_receive_domain,2,"A/B starts and local edits use compute load, path and id instead of receive-domain byte priorities; real copy traffic remains in official profile and evaluation.",,,6.247251583000434,7712915,393218,2162724,e2438d3e4d442d491994663f96bb030d5709dded898d99b202205b6a635ab902,2,B,2555942,False,legacy_seed,0,AI_VERIFIED
70505472,0,0.0,0,A3_base,case_062,no_receive_domain,5,"A/B starts and local edits use compute load, path and id instead of receive-domain byte priorities; real copy traffic remains in official profile and evaluation.",,,14.581234583999503,1868999,13401600,70505472,ae80c2968116908ecda2e66dab31dd21c34b26b3d506df0d59ca43c184e6e6f6,1,A,83907072,False,seed,0,AI_VERIFIED
7405056,0,0.0,0,L2_base,case_062,no_receive_domain,5,"A/B starts and local edits use compute load, path and id instead of receive-domain byte priorities; real copy traffic remains in official profile and evaluation.",,,7.921938124999542,1661193,13401600,7405056,60a26b6a3c952b931c7b43a829a0e05b86fa3a998ca1dab6a3b77999ad16f6d3,2,A,20806656,True,legacy_seed,0,AI_VERIFIED
62439936,0,0.0,0,A3_base,case_062,no_receive_domain,2,"A/B starts and local edits use compute load, path and id instead of receive-domain byte priorities; real copy traffic remains in official profile and evaluation.",,,14.370792249999795,2510322,13401600,62439936,af9dae8c819f219f15a1d4fcc9702ff75ba8312bfa80b97fc5687fe998e8a034,1,A,75841536,False,seed,0,AI_VERIFIED
62439936,0,0.0,0,r1_path_n53_c1_p0,case_062,no_receive_domain,2,"A/B starts and local edits use compute load, path and id instead of receive-domain byte priorities; real copy traffic remains in official profile and evaluation.",,,15.190191333000257,2510022,13401600,62439936,02c6aa0c28008e6b60f22288e5e0cf7870142e7d4632c6ff880dd51fd9338f6f,2,A,75841536,True,ordinary,0,AI_VERIFIED
6684700,0,0.0,0,B3_base,case_051,no_capacity_guidance,2,"B R start uses H; capacity anchors, edits, representative and pressure ranking are removed; official Step2 spilling remains active.",,,0.24811912499990285,540470,393218,6684700,e244a71fc571400beeea7dcd6af943764c5830b59aaef8f273deb8ddd61fc4e6,1,B,7077918,True,seed,0,AI_VERIFIED
0,0,0.0,0,B0_base,case_051,no_capacity_guidance,2,"B R start uses H; capacity anchors, edits, representative and pressure ranking are removed; official Step2 spilling remains active.",,,0.2617992499999673,607628,393218,0,2a2865adc5eff22153cf709fe4d0e43cbfa7456ab5e749636d0c433923fc996f,2,B,393218,False,seed,0,AI_VERIFIED
29376,0,0.0,0,L1_base,case_012,no_capacity_guidance,2,"B R start uses H; capacity anchors, edits, representative and pressure ranking are removed; official Step2 spilling remains active.",,,0.19696779100013373,30058,554898,29376,db30914618b4c8f56b037619f2bd7f5e53a72647f2c498d2d97d684db3177abf,1,B,584274,True,legacy_seed,0,AI_VERIFIED
10944,0,0.0,0,B1_base,case_012,no_capacity_guidance,2,"B R start uses H; capacity anchors, edits, representative and pressure ranking are removed; official Step2 spilling remains active.",,,0.17240783400029613,30865,554898,10944,760245d792198d9a5c42701240f69c35bb9c9d5bc40214a907b4d15655c161c0,2,B,565842,False,seed,0,AI_VERIFIED
53568,0,0.0,0,L1_base,case_012,no_capacity_guidance,5,"B R start uses H; capacity anchors, edits, representative and pressure ranking are removed; official Step2 spilling remains active.",,,0.20547966699996323,13406,554898,53568,74e2f48a02bc0da889d9ecfa1e9a1620e41c58aa5959111496f36eec5e3f8b21,1,B,608466,True,legacy_seed,0,AI_VERIFIED
9792,0,0.0,0,B1_base,case_012,no_capacity_guidance,5,"B R start uses H; capacity anchors, edits, representative and pressure ranking are removed; official Step2 spilling remains active.",,,0.17663770800027123,20131,554898,9792,ef53364e556811dd88abc8794c243cb46e4ae7244528d12fe7254fb437745af2,2,B,564690,False,seed,0,AI_VERIFIED
6357092,0,0.0,0,L2_base,case_051,no_capacity_guidance,5,"B R start uses H; capacity anchors, edits, representative and pressure ranking are removed; official Step2 spilling remains active.",,,0.2808428750004168,582380,393218,6357092,ad693ecc7ebb8c94530b65a00f697ed7e522611d160ab0d3cf0442bdd6c9f78c,1,B,6750310,True,legacy_seed,0,AI_VERIFIED
0,0,0.0,0,B0_base,case_051,no_capacity_guidance,5,"B R start uses H; capacity anchors, edits, representative and pressure ranking are removed; official Step2 spilling remains active.",,,0.20231533399964974,607628,393218,0,456eecf04e269a172a7af1acb42c946578f7cff24aea1494b816e99b7d7ce0f4,2,B,393218,False,seed,0,AI_VERIFIED
264024576,0,0.0,0,B1_base,case_067,no_capacity_guidance,2,"B R start uses H; capacity anchors, edits, representative and pressure ranking are removed; official Step2 spilling remains active.",,,4.948439165999844,33768704,6048128,3721600,de4fc70bed692708f7aafe564468d462ad2cfa41508d6423ee70e58b2805f93e,1,B,270072704,True,seed,260302976,AI_VERIFIED
255762432,0,0.0,0,L2_base,case_067,no_capacity_guidance,2,"B R start uses H; capacity anchors, edits, representative and pressure ranking are removed; official Step2 spilling remains active.",,,3.7879761250005686,45720205,6048128,1163264,1af6ffee703b2a7faf4473a35bba235320b8d53823ac3c8dc8a7f2a54036f081,2,B,261810560,False,legacy_seed,254599168,AI_VERIFIED
0,0,0.0,0,B1_base,case_081,no_capacity_guidance,2,"B R start uses H; capacity anchors, edits, representative and pressure ranking are removed; official Step2 spilling remains active.",,,1.186260666000635,76860,1741140,0,b7e6a3b5035f9799e42ecb4781b51865028c011698668214f8e11e4f2be19793,1,B,1741140,True,seed,0,AI_VERIFIED
5668408,0,0.0,0,B3_base,case_081,no_capacity_guidance,2,"B R start uses H; capacity anchors, edits, representative and pressure ranking are removed; official Step2 spilling remains active.",,,2.3148749169995426,162310,1741140,2872688,876cf61b751bba49303647b161f70b24fe3206452d050fb9888659005a7cfa3d,2,B,7409548,False,seed,2795720,AI_VERIFIED
68193792,0,0.0,0,B2_base,case_062,no_receive_domain,5,"A/B starts and local edits use compute load, path and id instead of receive-domain byte priorities; real copy traffic remains in official profile and evaluation.",,,22.71745779200046,1787531,13401600,60006912,ae80c2968116908ecda2e66dab31dd21c34b26b3d506df0d59ca43c184e6e6f6,1,B,81595392,False,seed,8186880,AI_VERIFIED
68184576,0,0.0,0,B3_base,case_062,no_receive_domain,5,"A/B starts and local edits use compute load, path and id instead of receive-domain byte priorities; real copy traffic remains in official profile and evaluation.",,,23.581614790999993,1575253,13401600,60701184,0ad807b0e453c204c0768d32eb6a91979977bb28457703b08590992d60660280,2,B,81586176,True,seed,7483392,AI_VERIFIED
68975616,0,0.0,0,B3_base,case_062,no_receive_domain,2,"A/B starts and local edits use compute load, path and id instead of receive-domain byte priorities; real copy traffic remains in official profile and evaluation.",,,27.37736679200043,2524790,13401600,32710656,30c24e9169d4e77a47fb4986667130d528e3550b577add20d964a311b9a975a3,1,B,82377216,True,seed,36264960,AI_VERIFIED
68077056,0,0.0,0,r1_split_g4_h0_c0_p8,case_062,no_receive_domain,2,"A/B starts and local edits use compute load, path and id instead of receive-domain byte priorities; real copy traffic remains in official profile and evaluation.",,,26.321915958000318,2542456,13401600,34387968,7bc4b22155c69181092ce90a12990dc5273a468d090e38ddb5832defaef682ca,2,B,81478656,False,ordinary,33689088,AI_VERIFIED
262750080,0,0.0,0,B1_base,case_067,no_capacity_guidance,5,"B R start uses H; capacity anchors, edits, representative and pressure ranking are removed; official Step2 spilling remains active.",,,3.365654750000431,15931687,6048128,14886400,641a4ced7312dd343437d661ed65a184d94fef87d8de6543fdf114fc7ef96d84,1,B,268798208,True,seed,247863680,AI_VERIFIED
96218240,0,0.0,0,B3_base,case_067,no_capacity_guidance,5,"B R start uses H; capacity anchors, edits, representative and pressure ranking are removed; official Step2 spilling remains active.",,,6.602788625000358,37548541,6048128,54926464,0e2ced4809be6431a4d7e8ff20ea0cc6fb2c4a76a0e8a26f9983a02142e60f1e,2,B,102266368,False,seed,41291776,AI_VERIFIED
0,0,0.0,0,B1_base,case_081,no_capacity_guidance,5,"B R start uses H; capacity anchors, edits, representative and pressure ranking are removed; official Step2 spilling remains active.",,,0.864830874999825,30943,1741140,0,f9e651df6a8229a7879066c19329096daf7d234ff4a05bd6b9f88f0a1a712f81,1,B,1741140,True,seed,0,AI_VERIFIED
5010196,0,0.0,0,B3_base,case_081,no_capacity_guidance,5,"B R start uses H; capacity anchors, edits, representative and pressure ranking are removed; official Step2 spilling remains active.",,,2.005176499999834,165571,1741140,2382404,3f69827f5e312439fe729e4c09cf2479aecf391e15b24c31e07c9d6a03124cc4,2,B,6751336,False,seed,2627792,AI_VERIFIED
2162724,0,0.0,0,L2_base,case_016,no_capacity_guidance,2,"B R start uses H; capacity anchors, edits, representative and pressure ranking are removed; official Step2 spilling remains active.",,,9.238258708000103,7712915,393218,2162724,e2438d3e4d442d491994663f96bb030d5709dded898d99b202205b6a635ab902,1,B,2555942,True,legacy_seed,0,AI_VERIFIED
0,0,0.0,0,B0_base,case_016,no_capacity_guidance,2,"B R start uses H; capacity anchors, edits, representative and pressure ranking are removed; official Step2 spilling remains active.",,,14.492199957999219,7715523,393218,0,085d99a8e31183460b528babd5e25515a3470d4bee6c75765189c6b934a35737,2,B,393218,False,seed,0,AI_VERIFIED
786440,0,0.0,0,r1_merge_g1_2,case_051,light_direct_select,2,A starts and ordinary/capacity representatives are ranked directly by the light score without independent official profile selection.,,,0.2150607499997932,610726,393218,786440,0b869a2a4c6c394d4184932b269d2ab0a6f6d6c5ac07e16a73dc3e45f05116fd,1,A,1179658,True,ordinary,0,AI_VERIFIED
1179660,0,0.0,0,A2_base,case_051,light_direct_select,2,A starts and ordinary/capacity representatives are ranked directly by the light score without independent official profile selection.,,,0.1982904590004182,611375,393218,1179660,f64c8391e5759f7d7f657df9a5698d15507e61006386a4d6cee634c0326efff0,2,A,1572878,False,seed,0,AI_VERIFIED
3539076,0,0.0,0,A2_base,case_051,light_direct_select,5,A starts and ordinary/capacity representatives are ranked directly by the light score without independent official profile selection.,,,0.32495529199968587,621575,393218,3539076,18740eb580670dc7f416276bf44625efff95ba72795330738755ffd2db838a91,1,A,3932294,True,seed,0,AI_VERIFIED
3866888,0,0.0,0,L2_base,case_051,light_direct_select,5,A starts and ordinary/capacity representatives are ranked directly by the light score without independent official profile selection.,,,0.3036253750005926,624054,393218,3866888,99ac586800f6d58699e6350c24fdd013eda9bd33153dd3cefebd61a98827a2ec,2,A,4260106,False,legacy_seed,0,AI_VERIFIED
29376,0,0.0,0,L1_base,case_012,light_direct_select,2,A starts and ordinary/capacity representatives are ranked directly by the light score without independent official profile selection.,,,0.21923654200054443,30058,554898,29376,db30914618b4c8f56b037619f2bd7f5e53a72647f2c498d2d97d684db3177abf,1,A,584274,True,legacy_seed,0,AI_VERIFIED
10944,0,0.0,0,A1_base,case_012,light_direct_select,2,A starts and ordinary/capacity representatives are ranked directly by the light score without independent official profile selection.,,,0.20821391600020434,30865,554898,10944,760245d792198d9a5c42701240f69c35bb9c9d5bc40214a907b4d15655c161c0,2,A,565842,False,seed,0,AI_VERIFIED
53568,0,0.0,0,L1_base,case_012,light_direct_select,5,A starts and ordinary/capacity representatives are ranked directly by the light score without independent official profile selection.,,,0.2384678749995146,13406,554898,53568,74e2f48a02bc0da889d9ecfa1e9a1620e41c58aa5959111496f36eec5e3f8b21,1,A,608466,True,legacy_seed,0,AI_VERIFIED
190600,0,0.0,0,r1_split_g3_h1_c2_p1,case_012,light_direct_select,5,A starts and ordinary/capacity representatives are ranked directly by the light score without independent official profile selection.,,,0.2038942909994148,17623,554898,190600,24ec9c2f0564ea8d59ccdb44aef90a0527296b305de08d75b24bfd4bb3bdc683,2,A,745498,False,ordinary,0,AI_VERIFIED
263179520,0,0.0,0,L2_base,case_067,light_direct_select,2,A starts and ordinary/capacity representatives are ranked directly by the light score without independent official profile selection.,,,2.727202333000605,63877319,6048128,11345024,f84802f1f2f6f239eba14634cb42e5079d6dcd0365c02cc49f90920bc3b17941,1,A,269227648,False,legacy_seed,251834496,AI_VERIFIED
224305664,0,0.0,0,L3_base,case_067,light_direct_select,2,A starts and ordinary/capacity representatives are ranked directly by the light score without independent official profile selection.,,,2.9948177500000384,63574293,6048128,12059136,53598378f1d0bdef268e0344b2c06bc34b88fb28f4a3a6559532c6cba6a7628f,2,A,230353792,True,legacy_seed,212246528,AI_VERIFIED
260564992,0,0.0,0,L2_base,case_067,light_direct_select,5,A starts and ordinary/capacity representatives are ranked directly by the light score without independent official profile selection.,,,2.4854201250000187,63960616,6048128,34035072,ddb26e9a76ca9850f08aae7d7fdeabc62dfebcb780d0ff63d395bba993003039,1,A,266613120,False,legacy_seed,226529920,AI_VERIFIED
193700096,0,0.0,0,L3_base,case_067,light_direct_select,5,A starts and ordinary/capacity representatives are ranked directly by the light score without independent official profile selection.,,,2.902084958999694,63959635,6048128,26421504,636e2708cbe877e20ecffe0999067e2f36f1af511903091018595eeadc82d544,2,A,199748224,True,legacy_seed,167278592,AI_VERIFIED
45082,0,0.0,0,r2_boundary_n1044_c1_p0,case_081,light_direct_select,2,A starts and ordinary/capacity representatives are ranked directly by the light score without independent official profile selection.,,,0.7581647500001054,154020,1741140,45082,d671d3e83d7cfaa9185f0f32bfba391a3b3fb31f8dbf892df4e212922f0643c4,1,A,1786222,True,ordinary,0,AI_VERIFIED
40986,0,0.0,0,L2_base,case_081,light_direct_select,2,A starts and ordinary/capacity representatives are ranked directly by the light score without independent official profile selection.,,,0.8392614169997614,154073,1741140,40986,8e5d58043c4403a4d6abda2cc5b297a249fffd057af009462f1bebe0a06e4d29,2,A,1782126,False,legacy_seed,0,AI_VERIFIED
5898256,0,0.0,0,L2_base,case_016,no_capacity_guidance,5,"B R start uses H; capacity anchors, edits, representative and pressure ranking are removed; official Step2 spilling remains active.",,,5.395842291000008,7714598,393218,5898256,c48b6a296af511157ca25c98728aad67ea33318dba51576402eaacb3ae208f36,1,B,6291474,True,legacy_seed,0,AI_VERIFIED
0,0,0.0,0,B0_base,case_016,no_capacity_guidance,5,"B R start uses H; capacity anchors, edits, representative and pressure ranking are removed; official Step2 spilling remains active.",,,14.085393499999554,7715523,393218,0,21d209bb67af2852a38e87dca51cb294aced7191073d35bbd8c3f6d0d0d9f9c8,2,B,393218,False,seed,0,AI_VERIFIED
0,0,0.0,0,A2_base,case_081,light_direct_select,5,A starts and ordinary/capacity representatives are ranked directly by the light score without independent official profile selection.,,,0.7854252910001378,31753,1741140,0,a5e91612ea0cb684cccf56603bd30a047edb2e6bf8a17f7f123b21b698534d69,1,A,1741140,False,seed,0,AI_VERIFIED
0,0,0.0,0,A1_base,case_081,light_direct_select,5,A starts and ordinary/capacity representatives are ranked directly by the light score without independent official profile selection.,,,0.9076051669999288,30943,1741140,0,f9e651df6a8229a7879066c19329096daf7d234ff4a05bd6b9f88f0a1a712f81,2,A,1741140,True,seed,0,AI_VERIFIED
5308496,0,0.0,0,r1_merge_g5_6,case_016,light_direct_select,2,A starts and ordinary/capacity representatives are ranked directly by the light score without independent official profile selection.,,,5.044757624999875,7727944,393218,5308496,43cbf9d5a5504fbcedac349ed41a6eadeeaeb8d6cabe4771165fa8a36e327b68,1,A,5701714,True,ordinary,0,AI_VERIFIED
6488144,0,0.0,0,L3_base,case_016,light_direct_select,2,A starts and ordinary/capacity representatives are ranked directly by the light score without independent official profile selection.,,,4.656647791999603,7729138,393218,6488144,09d4a7e1cc3adab910148e6dd5150b45ca6513456a4603e0fcb0e0a276b462a3,2,A,6881362,False,legacy_seed,0,AI_VERIFIED
3538980,0,0.0,0,A2_base,case_016,light_direct_select,5,A starts and ordinary/capacity representatives are ranked directly by the light score without independent official profile selection.,,,4.530085041999882,7729464,393218,3538980,d5e14af1d9b7c264c99186fd6e20c5572c6a4aa65294105ce77a529853f3ac47,1,A,3932198,True,seed,0,AI_VERIFIED
7471180,0,0.0,0,A3_base,case_016,light_direct_select,5,A starts and ordinary/capacity representatives are ranked directly by the light score without independent official profile selection.,,,4.07097954099936,7744054,393218,7471180,b853a7917e59472152a57cfe6e3f2fd43934db700af1be43ef124f0a563e1726,2,A,7864398,False,seed,0,AI_VERIFIED
68831232,0,0.0,0,B3_base,case_062,no_capacity_guidance,2,"B R start uses H; capacity anchors, edits, representative and pressure ranking are removed; official Step2 spilling remains active.",,,24.60115554100048,2531447,13401600,34232832,845bd5a6d688c091cbb617f9061fcd1ddb1f4a16a1bf5a6447d64f61ce720181,1,B,82232832,True,seed,34598400,AI_VERIFIED
76270080,0,0.0,0,L3_base,case_062,no_capacity_guidance,2,"B R start uses H; capacity anchors, edits, representative and pressure ranking are removed; official Step2 spilling remains active.",,,27.202378500000123,2610093,13401600,41882112,6241ae04555da6cc939f39d3ec46aa1bcbb12dc3b5ec061e6abaaf8b06707faf,2,B,89671680,False,legacy_seed,34387968,AI_VERIFIED
,,,,r1_split_g4_h0_c1_p0,case_062,light_direct_select,2,A starts and ordinary/capacity representatives are ranked directly by the light score without independent official profile selection.,task schedule: dependency cycle; 1 -[subgraph dependency]-> 2; 2 -[subgraph dependency]-> 3; 3 -[subgraph dependency]-> 8; 8 -[core 1 task order]-> 7; 7 -[subgraph dependency]-> 1,EvaluationValidationError,0.3352667079998355,,,,1206c258783cb5e7c08c670b51c6770a1fa60b3d40bf9396cd2277830de52eeb,1,A,,False,ordinary,,EVALUATION_FAILED
63387648,0,0.0,0,A3_base,case_062,light_direct_select,2,A starts and ordinary/capacity representatives are ranked directly by the light score without independent official profile selection.,,,13.49342895799964,2850260,13401600,63387648,ef7967fc81e3503c6a9269d503b46281762742177fac45785782b25c9524aaf9,2,A,76789248,True,seed,0,AI_VERIFIED
9286656,0,0.0,0,r1_split_g1_h0_c4_p0,case_062,light_direct_select,5,A starts and ordinary/capacity representatives are ranked directly by the light score without independent official profile selection.,,,7.338069749999704,1661180,13401600,9286656,360e445e1f7d04ea9a58ba3d8bc400d6df10eb57a8bfb5e917dd4b104777fb8d,1,A,22688256,True,ordinary,0,AI_VERIFIED
7405056,0,0.0,0,L2_base,case_062,light_direct_select,5,A starts and ordinary/capacity representatives are ranked directly by the light score without independent official profile selection.,,,7.298431332999826,1661193,13401600,7405056,60a26b6a3c952b931c7b43a829a0e05b86fa3a998ca1dab6a3b77999ad16f6d3,2,A,20806656,False,legacy_seed,0,AI_VERIFIED
66167808,0,0.0,0,B2_base,case_062,no_capacity_guidance,5,"B R start uses H; capacity anchors, edits, representative and pressure ranking are removed; official Step2 spilling remains active.",,,19.86980066599972,1635201,13401600,42152448,3f50249c9555cf4f7f48865eb61c19a13ac7b5b65af4d7f19aa60087e3734f31,1,B,79569408,True,seed,24015360,AI_VERIFIED
67838976,0,0.0,0,B3_base,case_062,no_capacity_guidance,5,"B R start uses H; capacity anchors, edits, representative and pressure ranking are removed; official Step2 spilling remains active.",,,20.953236207999907,1672386,13401600,42198528,d78876122b68c53410d828f05bd047d8263415eee8aef3b95785a666ba464119,2,B,81240576,False,seed,25640448,AI_VERIFIED
