run,case,cores,candidate,source,status,error_type,error_prefix
v7_cache_zero_rescue_20260927_1100,case_062,2,event_timing_tid_1000007191_miss_5_bytes_23040_core_0,event_timing,EVALUATION_FAILED,EvaluationValidationError,"global execution (core, op): dependency cycle; (0, 3635) -[local data/memory dependency]-> (0, 3645); (0, 3645) -[local data/memory dependency]-> (0, 3655); (0, 3655) -[local data/memory dependency]-> (0, 3665); (0, 3665) -[local data/memor"
v7_cache_zero_rescue_20260927_1100,case_062,2,event_timing_tid_1000007191_miss_5_bytes_23040_back,event_timing,EVALUATION_FAILED,EvaluationValidationError,"global execution (core, op): dependency cycle; (0, 1000043554) -[PIPE_MTE3 FIFO]-> (0, 1000043578); (0, 1000043578) -[PIPE_MTE3 FIFO]-> (0, 1000043602); (0, 1000043602) -[PIPE_MTE3 FIFO]-> (0, 1000043626); (0, 1000043626) -[PIPE_MTE3 FIFO]-"
v7_cache_zero_rescue_20260927_1100,case_062,2,event_timing_tid_1000007191_miss_5_bytes_23040_back,event_timing,EVALUATION_FAILED,EvaluationValidationError,"global execution (core, op): dependency cycle; (0, 1000055614) -[PIPE_MTE3 FIFO]-> (0, 1000055638); (0, 1000055638) -[PIPE_MTE3 FIFO]-> (0, 1000055662); (0, 1000055662) -[PIPE_MTE3 FIFO]-> (0, 1000055686); (0, 1000055686) -[PIPE_MTE3 FIFO]-"
v7_cache_zero_rescue_20260927_1100,case_062,2,event_timing_tid_1000007191_miss_5_bytes_23040_front,event_timing,EVALUATION_FAILED,EvaluationValidationError,"global execution (core, op): dependency cycle; (0, 4934) -[local data/memory dependency]-> (0, 1000033204); (0, 1000033204) -[local data/memory dependency]-> (0, 4944); (0, 4944) -[local data/memory dependency]-> (0, 1000033222); (0, 100003"
v7_cache_zero_rescue_20260927_1100,case_062,2,event_timing_tid_1000007191_miss_5_bytes_23040_front,event_timing,EVALUATION_FAILED,EvaluationValidationError,"global execution (core, op): dependency cycle; (0, 1000053244) -[PIPE_MTE3 FIFO]-> (0, 1000053262); (0, 1000053262) -[PIPE_MTE3 FIFO]-> (0, 1000053280); (0, 1000053280) -[PIPE_MTE3 FIFO]-> (0, 1000053298); (0, 1000053298) -[PIPE_MTE3 FIFO]-"
v7_cache_zero_rescue_20260927_1100,case_062,2,event_timing_tid_1000007191_miss_5_bytes_23040_front,event_timing,EVALUATION_FAILED,EvaluationValidationError,"global execution (core, op): dependency cycle; (0, 1000064356) -[PIPE_MTE3 FIFO]-> (0, 1000064371); (0, 1000064371) -[PIPE_MTE3 FIFO]-> (0, 1000064386); (0, 1000064386) -[PIPE_MTE3 FIFO]-> (0, 1000064401); (0, 1000064401) -[PIPE_MTE3 FIFO]-"
v7_cache_zero_rescue_20260927_1100,case_062,3,event_timing_tid_1000019631_miss_6_bytes_27648_back,event_timing,EVALUATION_FAILED,EvaluationValidationError,"global execution (core, op): dependency cycle; (2, 1000062214) -[PIPE_MTE3 FIFO]-> (2, 1000062235); (2, 1000062235) -[PIPE_MTE3 FIFO]-> (2, 1000062256); (2, 1000062256) -[PIPE_MTE3 FIFO]-> (2, 1000062277); (2, 1000062277) -[PIPE_MTE3 FIFO]-"
v7_cache_zero_rescue_20260927_1100,case_062,3,event_timing_tid_1000019631_miss_6_bytes_27648_back,event_timing,EVALUATION_FAILED,EvaluationValidationError,"global execution (core, op): dependency cycle; (0, 10397) -[local data/memory dependency]-> (0, 10407); (0, 10407) -[local data/memory dependency]-> (0, 10417); (0, 10417) -[local data/memory dependency]-> (0, 10427); (0, 10427) -[local dat"
v7_cache_zero_rescue_20260927_1100,case_062,3,event_timing_tid_1000019631_miss_6_bytes_27648_back,event_timing,EVALUATION_FAILED,EvaluationValidationError,"global execution (core, op): dependency cycle; (1, 1000064402) -[PIPE_MTE3 FIFO]-> (1, 1000064422); (1, 1000064422) -[PIPE_MTE3 FIFO]-> (1, 1000064442); (1, 1000064442) -[PIPE_MTE3 FIFO]-> (1, 1000064462); (1, 1000064462) -[cross-core COPY]"
v7_cache_zero_rescue_20260927_1100,case_062,3,event_timing_tid_1000019631_miss_6_bytes_27648_core_2,event_timing,EVALUATION_FAILED,EvaluationValidationError,"global execution (core, op): dependency cycle; (0, 1000071980) -[PIPE_MTE3 FIFO]-> (0, 1000072000); (0, 1000072000) -[PIPE_MTE3 FIFO]-> (0, 1000072020); (0, 1000072020) -[PIPE_MTE3 FIFO]-> (0, 1000072040); (0, 1000072040) -[PIPE_MTE3 FIFO]-"
v7_cache_zero_rescue_20260927_1100,case_062,3,event_timing_tid_1000019631_miss_6_bytes_27648_front,event_timing,EVALUATION_FAILED,EvaluationValidationError,"global execution (core, op): dependency cycle; (0, 4594) -[local data/memory dependency]-> (0, 1000036648); (0, 1000036648) -[local data/memory dependency]-> (0, 4604); (0, 4604) -[local data/memory dependency]-> (0, 1000036669); (0, 100003"
v7_cache_zero_rescue_deep_20260927_1130,case_062,2,event_timing_tid_1000007191_miss_5_bytes_23040_core_0,event_timing,EVALUATION_FAILED,EvaluationValidationError,"global execution (core, op): dependency cycle; (0, 3635) -[local data/memory dependency]-> (0, 3645); (0, 3645) -[local data/memory dependency]-> (0, 3655); (0, 3655) -[local data/memory dependency]-> (0, 3665); (0, 3665) -[local data/memor"
v7_cache_zero_rescue_deep_20260927_1130,case_062,2,event_timing_tid_1000007191_miss_5_bytes_23040_back,event_timing,EVALUATION_FAILED,EvaluationValidationError,"global execution (core, op): dependency cycle; (0, 1000043554) -[PIPE_MTE3 FIFO]-> (0, 1000043578); (0, 1000043578) -[PIPE_MTE3 FIFO]-> (0, 1000043602); (0, 1000043602) -[PIPE_MTE3 FIFO]-> (0, 1000043626); (0, 1000043626) -[PIPE_MTE3 FIFO]-"
v7_cache_zero_rescue_deep_20260927_1130,case_062,2,event_timing_tid_1000007191_miss_5_bytes_23040_back,event_timing,EVALUATION_FAILED,EvaluationValidationError,"global execution (core, op): dependency cycle; (0, 1000055614) -[PIPE_MTE3 FIFO]-> (0, 1000055638); (0, 1000055638) -[PIPE_MTE3 FIFO]-> (0, 1000055662); (0, 1000055662) -[PIPE_MTE3 FIFO]-> (0, 1000055686); (0, 1000055686) -[PIPE_MTE3 FIFO]-"
v7_cache_zero_rescue_deep_20260927_1130,case_062,2,event_timing_tid_1000007191_miss_5_bytes_23040_front,event_timing,EVALUATION_FAILED,EvaluationValidationError,"global execution (core, op): dependency cycle; (0, 4934) -[local data/memory dependency]-> (0, 1000033204); (0, 1000033204) -[local data/memory dependency]-> (0, 4944); (0, 4944) -[local data/memory dependency]-> (0, 1000033222); (0, 100003"
v7_cache_zero_rescue_deep_20260927_1130,case_062,2,event_timing_tid_1000007191_miss_5_bytes_23040_front,event_timing,EVALUATION_FAILED,EvaluationValidationError,"global execution (core, op): dependency cycle; (0, 1000053244) -[PIPE_MTE3 FIFO]-> (0, 1000053262); (0, 1000053262) -[PIPE_MTE3 FIFO]-> (0, 1000053280); (0, 1000053280) -[PIPE_MTE3 FIFO]-> (0, 1000053298); (0, 1000053298) -[PIPE_MTE3 FIFO]-"
v7_cache_zero_rescue_deep_20260927_1130,case_062,2,event_timing_tid_1000007191_miss_5_bytes_23040_front,event_timing,EVALUATION_FAILED,EvaluationValidationError,"global execution (core, op): dependency cycle; (0, 1000064356) -[PIPE_MTE3 FIFO]-> (0, 1000064371); (0, 1000064371) -[PIPE_MTE3 FIFO]-> (0, 1000064386); (0, 1000064386) -[PIPE_MTE3 FIFO]-> (0, 1000064401); (0, 1000064401) -[PIPE_MTE3 FIFO]-"
v7_cache_zero_rescue_deep_20260927_1130,case_062,3,event_timing_tid_1000019631_miss_6_bytes_27648_back,event_timing,EVALUATION_FAILED,EvaluationValidationError,"global execution (core, op): dependency cycle; (2, 1000062214) -[PIPE_MTE3 FIFO]-> (2, 1000062235); (2, 1000062235) -[PIPE_MTE3 FIFO]-> (2, 1000062256); (2, 1000062256) -[PIPE_MTE3 FIFO]-> (2, 1000062277); (2, 1000062277) -[PIPE_MTE3 FIFO]-"
v7_cache_zero_rescue_deep_20260927_1130,case_062,3,event_timing_tid_1000019631_miss_6_bytes_27648_back,event_timing,EVALUATION_FAILED,EvaluationValidationError,"global execution (core, op): dependency cycle; (0, 10397) -[local data/memory dependency]-> (0, 10407); (0, 10407) -[local data/memory dependency]-> (0, 10417); (0, 10417) -[local data/memory dependency]-> (0, 10427); (0, 10427) -[local dat"
v7_cache_zero_rescue_deep_20260927_1130,case_062,3,event_timing_tid_1000019631_miss_6_bytes_27648_back,event_timing,EVALUATION_FAILED,EvaluationValidationError,"global execution (core, op): dependency cycle; (1, 1000064402) -[PIPE_MTE3 FIFO]-> (1, 1000064422); (1, 1000064422) -[PIPE_MTE3 FIFO]-> (1, 1000064442); (1, 1000064442) -[PIPE_MTE3 FIFO]-> (1, 1000064462); (1, 1000064462) -[cross-core COPY]"
v7_cache_zero_rescue_deep_20260927_1130,case_062,3,event_timing_tid_1000019631_miss_6_bytes_27648_core_2,event_timing,EVALUATION_FAILED,EvaluationValidationError,"global execution (core, op): dependency cycle; (0, 1000071980) -[PIPE_MTE3 FIFO]-> (0, 1000072000); (0, 1000072000) -[PIPE_MTE3 FIFO]-> (0, 1000072020); (0, 1000072020) -[PIPE_MTE3 FIFO]-> (0, 1000072040); (0, 1000072040) -[PIPE_MTE3 FIFO]-"
v7_cache_zero_rescue_deep_20260927_1130,case_062,3,event_timing_tid_1000019631_miss_6_bytes_27648_front,event_timing,EVALUATION_FAILED,EvaluationValidationError,"global execution (core, op): dependency cycle; (0, 4594) -[local data/memory dependency]-> (0, 1000036648); (0, 1000036648) -[local data/memory dependency]-> (0, 4604); (0, 4604) -[local data/memory dependency]-> (0, 1000036669); (0, 100003"
v7_cache_zero_rescue_deep_20260927_1130,case_062,3,event_timing_tid_1000019631_miss_6_bytes_27648_core_0,event_timing,EVALUATION_FAILED,EvaluationValidationError,"global execution (core, op): dependency cycle; (0, 1000061691) -[PIPE_MTE3 FIFO]-> (0, 1000061711); (0, 1000061711) -[PIPE_MTE3 FIFO]-> (0, 1000061731); (0, 1000061731) -[PIPE_MTE3 FIFO]-> (0, 1000061751); (0, 1000061751) -[PIPE_MTE3 FIFO]-"
v7_cache_zero_rescue_deep_20260927_1130,case_062,3,event_timing_tid_1000019631_miss_6_bytes_27648_core_0,event_timing,EVALUATION_FAILED,EvaluationValidationError,"global execution (core, op): dependency cycle; (0, 13745) -[local data/memory dependency]-> (0, 14595); (0, 14595) -[local data/memory dependency]-> (0, 15445); (0, 15445) -[local data/memory dependency]-> (0, 16295); (0, 16295) -[local dat"
