case,category,cores,epsilon_0_005_candidate,epsilon_0_01_candidate,evaluated_hit_candidate_count,event_count,final_cache_accesses,final_cache_hit_bytes,final_cache_miss_bytes,final_candidate,final_makespan,logical_event_mapping_count,main_max_hit_bytes,repeated_logical_tensor_count,rescue_fastest_hit_bytes,rescue_fastest_hit_candidate,rescue_fastest_hit_makespan,rescue_hit_candidate_count,status
case_008,single_core_no_repeated_copy_in_final,1,,,0,1068,534,0,3870936,incumbent_base,269325,1068,0,0,0,,,0,AI_VERIFIED
case_008,no_repeated_copy_in_final,2,,,0,864,432,0,1990872,incumbent_base,244266,864,0,0,0,,,0,AI_VERIFIED
case_008,no_repeated_copy_in_final,3,,,0,864,432,0,1990872,incumbent_base,163359,864,0,0,0,,,0,AI_VERIFIED
case_008,no_repeated_copy_in_final,4,,,0,864,432,0,1990872,incumbent_base,123060,864,0,0,0,,,0,AI_VERIFIED
case_008,no_repeated_copy_in_final,5,,,0,864,432,0,1990872,incumbent_base,100603,864,0,0,0,,,0,AI_VERIFIED
case_014,final_has_cache_hit,1,,,1,25775,13788,9944064,70961016,incumbent_base,17689602,25775,9944064,1615,0,,,0,AI_VERIFIED
case_014,final_has_cache_hit,2,,,2,24547,14154,18627072,63041808,incumbent_base,8888616,24547,18627072,1615,0,,,0,AI_VERIFIED
case_014,final_has_cache_hit,3,,,3,25266,14959,25331592,62350968,incumbent_base,5942569,25266,25331592,1603,0,,,0,AI_VERIFIED
case_014,final_has_cache_hit,4,,,3,27242,16190,25165248,66632496,incumbent_base,4500714,27242,25331592,1615,0,,,0,AI_VERIFIED
case_014,final_has_cache_hit,5,,,3,28615,16907,26205696,70859616,incumbent_base,3672221,28615,26295288,1545,0,,,0,AI_VERIFIED
case_040,final_has_cache_hit,1,,,2,583,292,8192,976024,incumbent_split_height_g1_p4,249653,583,8192,1,0,,,0,AI_VERIFIED
case_040,final_has_cache_hit,2,,,3,543,276,53760,913222,incumbent_disperse_tid_12_node_163_core_0_pos_0,137487,543,53760,9,0,,,0,AI_VERIFIED
case_040,final_has_cache_hit,3,,,2,540,273,12288,913222,incumbent_disperse_tid_3_node_22_core_2_pos_0,140543,540,12288,6,0,,,0,AI_VERIFIED
case_040,final_has_cache_hit,4,,,2,666,338,24714,1061126,r2_split_g0_h1_c2_p1,136073,666,24714,7,0,,,0,AI_VERIFIED
case_040,final_has_cache_hit,5,,,2,540,273,12288,913222,incumbent_disperse_tid_12_node_37_core_2_pos_0,140543,540,12288,6,0,,,0,AI_VERIFIED
case_018,final_has_cache_hit,1,,,3,2212,1112,73728,4328724,incumbent_aggregate,990647,2212,1224704,14,0,,,0,AI_VERIFIED
case_018,final_has_cache_hit,2,,,5,1555,983,2450432,2395412,incumbent_base,502571,1555,2450432,232,0,,,0,AI_VERIFIED
case_018,final_has_cache_hit,3,,,5,1610,1111,3557376,2129172,event_timing_tid_2017_miss_2_bytes_16384_front,338488,1610,3557376,232,0,,,0,AI_VERIFIED
case_018,final_has_cache_hit,4,,,5,1901,1270,3673088,2858260,event_timing_tid_1990_miss_3_bytes_24576_front,253384,1901,3677952,232,0,,,0,AI_VERIFIED
case_018,final_has_cache_hit,5,,,5,1947,1342,3969664,2968212,event_timing_tid_1951_miss_4_bytes_32768_front,201659,1947,4059136,232,0,,,0,AI_VERIFIED
case_064,single_core_no_repeated_copy_in_final,1,,,0,124,62,0,35622,incumbent_base,19116,124,0,0,0,,,0,AI_VERIFIED
case_064,no_repeated_copy_in_final,2,,,0,124,62,0,35622,incumbent_base,19116,124,0,0,0,,,0,AI_VERIFIED
case_064,no_repeated_copy_in_final,3,,,0,124,62,0,35622,incumbent_base,19116,124,0,0,0,,,0,AI_VERIFIED
case_064,no_repeated_copy_in_final,4,,,0,124,62,0,35622,incumbent_base,19116,124,0,0,0,,,0,AI_VERIFIED
case_064,no_repeated_copy_in_final,5,,,0,124,62,0,35622,incumbent_base,19116,124,0,0,0,,,0,AI_VERIFIED
case_076,final_has_cache_hit,1,,,2,21541,11606,4342784,26415104,incumbent_split_topo_g0_p2,6182761,21541,4347904,1644,0,,,0,AI_VERIFIED
case_076,final_has_cache_hit,2,,,5,23905,13930,9714688,25656320,incumbent_disperse_tid_1000000279_node_1176_core_1_pos_0,3063504,23905,10003456,1644,0,,,0,AI_VERIFIED
case_076,final_has_cache_hit,3,,,5,25565,15456,13006848,25594880,incumbent_base,2047868,25565,13746176,1644,0,,,0,AI_VERIFIED
case_076,final_has_cache_hit,4,,,4,26327,16804,17383424,24336384,incumbent_disperse_tid_1000000307_node_1200_core_1_pos_0,1536296,26327,17399808,1644,0,,,0,AI_VERIFIED
case_076,final_has_cache_hit,5,,,2,26773,16825,16793600,25497600,incumbent_base,1232497,26773,16793600,1644,0,,,0,AI_VERIFIED
case_081,single_core_no_repeated_copy_in_final,1,,,0,1360,680,0,1044820,incumbent_base,151795,1360,0,0,0,,,0,AI_VERIFIED
case_081,hit_found_in_rescue,2,,,0,1360,680,0,1044820,incumbent_base,76860,1360,0,0,2048,incumbent_disperse_tid_1000004258_node_3663_core_1_pos_0,152400,1,AI_VERIFIED
case_081,hit_found_in_rescue,3,,,0,1360,680,0,1044820,incumbent_base,51943,1360,0,0,2048,incumbent_disperse_tid_1000004315_node_3712_core_1_pos_0,102455,1,AI_VERIFIED
case_081,hit_found_in_rescue,4,,,0,1360,680,0,1044820,incumbent_base,39588,1360,0,0,2048,incumbent_disperse_tid_1000004600_node_3957_core_1_pos_0,77538,1,AI_VERIFIED
case_081,hit_found_in_rescue,5,,,0,1360,680,0,1044820,incumbent_base,30943,1360,0,0,2048,incumbent_disperse_tid_1000004543_node_3908_core_0_pos_0,61613,1,AI_VERIFIED
case_011,single_core_no_repeated_copy_in_final,1,,,0,352,176,0,540672,incumbent_base,184697,352,0,0,0,,,0,AI_VERIFIED
case_011,hit_alternative_in_main_search,2,,,1,440,264,0,720896,incumbent_base,92646,440,161792,88,0,,,0,AI_VERIFIED
case_011,final_has_cache_hit,3,,,3,707,528,987136,638976,incumbent_disperse_tid_1000000163_node_603_core_2_pos_2,68637,707,987136,176,0,,,0,AI_VERIFIED
case_011,hit_alternative_in_main_search,4,,,2,616,440,0,1081344,incumbent_base,46880,616,987136,88,0,,,0,AI_VERIFIED
case_011,final_has_cache_hit,5,,,2,880,704,1347584,815104,C1_base,46777,880,1347584,176,0,,,0,AI_VERIFIED
case_023,final_has_cache_hit,1,,,2,289,146,6144,468938,incumbent_aggregate,93197,289,6144,3,0,,,0,AI_VERIFIED
case_023,final_has_cache_hit,2,,,3,274,140,84096,434122,incumbent_split_topo_g1_p2,60171,274,84096,6,0,,,0,AI_VERIFIED
case_023,final_has_cache_hit,3,,,2,282,148,207552,434122,incumbent_base,40897,282,207552,10,0,,,0,AI_VERIFIED
case_023,final_has_cache_hit,4,,,3,285,151,281280,434122,incumbent_base,30142,285,281280,10,0,,,0,AI_VERIFIED
case_023,final_has_cache_hit,5,,,4,282,148,148032,557002,event_timing_tid_1038_miss_3_bytes_73728_front,24517,282,281280,7,0,,,0,AI_VERIFIED
case_048,single_core_no_repeated_copy_in_final,1,,,0,338,169,0,410182,incumbent_base,222220,338,0,0,0,,,0,AI_VERIFIED
case_048,final_has_cache_hit,2,,,2,682,347,24580,545254,incumbent_aggregate_tid_1000001920,219037,682,24580,12,0,,,0,AI_VERIFIED
case_048,final_has_cache_hit,3,,,2,930,486,65286,667896,incumbent_base,218419,930,65286,40,0,,,0,AI_VERIFIED
case_048,final_has_cache_hit,4,,,2,930,486,65286,667896,incumbent_base,218419,930,65290,40,0,,,0,AI_VERIFIED
case_048,final_has_cache_hit,5,,,3,1009,530,90766,710982,incumbent_split_topo_g30_p4,215393,1009,90766,46,0,,,0,AI_VERIFIED
case_050,final_has_cache_hit,1,,,2,592,300,24580,725416,incumbent_split_height_g3_p4,148876,592,24580,8,0,,,0,AI_VERIFIED
case_050,final_has_cache_hit,2,,,3,382,193,11648,319302,incumbent_disperse_tid_9224_node_9231_core_1_pos_0,107981,382,24580,4,0,,,0,AI_VERIFIED
case_050,final_has_cache_hit,3,,,2,382,193,11648,319302,incumbent_disperse_tid_9224_node_9231_core_1_pos_0,107981,382,11648,4,0,,,0,AI_VERIFIED
case_050,final_has_cache_hit,4,,,4,439,225,3532,334724,incumbent_split_height_g2_p4,107658,439,11648,7,0,,,0,AI_VERIFIED
case_050,final_has_cache_hit,5,,,3,439,225,3532,334724,incumbent_split_height_g2_p4,107658,439,3532,7,0,,,0,AI_VERIFIED
case_091,final_has_cache_hit,1,,,2,27095,14491,8082048,45838848,incumbent_split_topo_g0_p4,9166672,27095,8082048,1389,0,,,0,AI_VERIFIED
case_091,final_has_cache_hit,2,,,4,29250,16040,11590464,52849312,incumbent_base,4569395,29250,12269376,1417,0,,,0,AI_VERIFIED
case_091,final_has_cache_hit,3,,,2,30606,17377,16382528,53542656,incumbent_base,3057457,30606,16382528,1417,0,,,0,AI_VERIFIED
case_091,final_has_cache_hit,4,,,2,32046,17932,14582560,58766720,incumbent_base,2306119,32046,14582560,1417,0,,,0,AI_VERIFIED
case_091,final_has_cache_hit,5,,,3,32129,19199,24930816,55022080,incumbent_base,1876653,32129,24930816,1417,0,,,0,AI_VERIFIED
case_093,single_core_no_repeated_copy_in_final,1,,,0,560,280,0,573440,incumbent_base,74205,560,0,0,0,,,0,AI_VERIFIED
case_093,hit_found_in_rescue,2,,incumbent_disperse_tid_1000000003_node_44_core_0_pos_0,0,564,284,0,581632,incumbent_base,37827,564,0,4,6144,incumbent_disperse_tid_1000000003_node_44_core_0_pos_0,38095,1,AI_VERIFIED
case_093,hit_found_in_rescue,3,,,0,568,288,0,589824,incumbent_base,25103,568,0,4,12288,incumbent_disperse_tid_1000000001_node_18_core_0_pos_0,25589,3,AI_VERIFIED
case_093,hit_found_in_rescue,4,,,0,572,292,0,598016,incumbent_base,19779,572,0,4,12288,incumbent_disperse_tid_1000000001_node_6_core_1_pos_0,20403,3,AI_VERIFIED
case_093,hit_found_in_rescue,5,,,0,576,296,0,606208,incumbent_base,15876,576,0,4,14336,incumbent_disperse_tid_1000000001_node_18_core_4_pos_0,16350,5,AI_VERIFIED
case_029,single_core_no_repeated_copy_in_final,1,,,0,336,168,0,258132,incumbent_base,37555,336,0,0,0,,,0,AI_VERIFIED
case_029,hit_found_in_rescue,2,,,0,336,168,0,258132,incumbent_base,19740,336,0,0,2048,incumbent_disperse_tid_1000000610_node_527_core_1_pos_0,38160,1,AI_VERIFIED
case_029,hit_found_in_rescue,3,,,0,336,168,0,258132,incumbent_base,12743,336,0,0,2048,incumbent_disperse_tid_1000000667_node_576_core_0_pos_0,25700,1,AI_VERIFIED
case_029,hit_found_in_rescue,4,,,0,336,168,0,258132,incumbent_base,11028,336,0,0,2048,incumbent_disperse_tid_1000000952_node_821_core_1_pos_0,20418,1,AI_VERIFIED
case_029,hit_found_in_rescue,5,,,0,336,168,0,258132,incumbent_base,9383,336,0,0,2048,incumbent_disperse_tid_1000000895_node_772_core_1_pos_0,16988,1,AI_VERIFIED
case_042,final_has_cache_hit,1,,,1,3247,1899,2866176,6127392,incumbent_base,1675633,3247,2866176,443,0,,,0,AI_VERIFIED
case_042,final_has_cache_hit,2,,,4,3203,1965,3308064,5612832,incumbent_disperse_tid_1000005495_node_5021_core_1_pos_1,843098,3203,3308064,456,0,,,0,AI_VERIFIED
case_042,final_has_cache_hit,3,,,5,3675,2379,4636224,6062880,event_timing_tid_1000000109_miss_4_bytes_24576_front,561628,3675,4900128,454,0,,,0,AI_VERIFIED
case_042,final_has_cache_hit,4,,,5,3693,2399,4710240,6207264,event_timing_tid_1000000249_miss_5_bytes_30720_front,423652,3693,4710240,454,0,,,0,AI_VERIFIED
case_042,final_has_cache_hit,5,,,5,4058,2736,6196800,6354720,event_timing_tid_1000000139_miss_5_bytes_30720_front,339457,4058,6196800,454,0,,,0,AI_VERIFIED
case_072,final_has_cache_hit,1,,,1,27915,14149,3137536,116569150,incumbent_base,23890756,27915,3137536,1107,0,,,0,AI_VERIFIED
case_072,final_has_cache_hit,2,,,2,28213,14768,10838016,114200366,incumbent_base,11819724,28213,10838016,1131,0,,,0,AI_VERIFIED
case_072,final_has_cache_hit,3,,,5,28554,15513,20250624,110890798,incumbent_disperse_tid_1000001161_node_1656_core_1_pos_0,7921555,28554,20250624,1131,0,,,0,AI_VERIFIED
case_072,final_has_cache_hit,4,,,2,29911,15833,14303232,119459630,incumbent_base,5988828,29911,14303232,1131,0,,,0,AI_VERIFIED
case_072,final_has_cache_hit,5,,,3,30011,16803,28975104,113002174,incumbent_base,4809827,30011,28975104,1131,0,,,0,AI_VERIFIED
case_080,final_has_cache_hit,1,,,1,725,413,413696,2039808,incumbent_base,291826,725,413696,33,0,,,0,AI_VERIFIED
case_080,final_has_cache_hit,2,,,2,940,628,1785856,2310144,incumbent_base,145674,940,1785856,279,0,,,0,AI_VERIFIED
case_080,hit_alternative_in_main_search,3,,,2,930,651,0,4952064,incumbent_base,100325,930,413696,186,0,,,0,AI_VERIFIED
case_080,final_has_cache_hit,4,,,3,1251,930,2985984,3104768,incumbent_disperse_tid_1000000543_node_1340_core_3_pos_0,90559,1251,2985984,279,0,,,0,AI_VERIFIED
case_080,final_has_cache_hit,5,,,3,1403,1027,2363392,4128768,r6_boundary_n288_c3_p0,88140,1403,2363392,279,0,,,0,AI_VERIFIED
case_088,single_core_no_repeated_copy_in_final,1,,,0,468,234,0,1829730,incumbent_split_height_g2_p4,242071,468,0,0,0,,,0,AI_VERIFIED
case_088,final_has_cache_hit,2,,,1,1346,701,476292,2390386,incumbent_base,203492,1346,476292,56,0,,,0,AI_VERIFIED
case_088,final_has_cache_hit,3,,,2,1815,983,689992,2630132,incumbent_split_height_g20_p4,190688,1815,689992,130,0,,,0,AI_VERIFIED
case_088,final_has_cache_hit,4,,,2,1889,1038,797258,2640188,incumbent_disperse_tid_171_node_1470_core_3_pos_3,184608,1889,797258,140,0,,,0,AI_VERIFIED
case_088,final_has_cache_hit,5,,,2,1798,956,467532,2585530,incumbent_disperse_group_tid_3_group_4_core_2_pos_3,194762,1798,492108,100,0,,,0,AI_VERIFIED
case_002,final_has_cache_hit,1,,,1,1726,991,1179648,1933824,incumbent_base,254213,1726,1179648,155,0,,,0,AI_VERIFIED
case_002,final_has_cache_hit,2,,,3,2711,1429,677376,3022848,incumbent_aggregate,164754,2711,1179648,199,0,,,0,AI_VERIFIED
case_002,final_has_cache_hit,3,,,3,3140,1640,640512,3448320,r3_merge_g12_7,127539,3140,677376,199,0,,,0,AI_VERIFIED
case_002,final_has_cache_hit,4,,,3,3086,1585,387072,3227136,incumbent_aggregate,119922,3086,640512,154,0,,,0,AI_VERIFIED
case_002,final_has_cache_hit,5,,,3,3136,1611,396288,3257856,event_timing_tid_1000000399_miss_2_bytes_9216_core_1,105055,3136,396288,148,0,,,0,AI_VERIFIED
case_019,single_core_no_repeated_copy_in_final,1,,,0,178,89,0,182324,incumbent_base,70264,178,0,0,0,,,0,AI_VERIFIED
case_019,final_has_cache_hit,2,,,3,180,92,27168,179252,incumbent_split_height_g0_p4,39509,180,27168,4,0,,,0,AI_VERIFIED
case_019,final_has_cache_hit,3,,,4,184,96,54336,179252,incumbent_split_release_g0_p4,26572,184,54336,4,0,,,0,AI_VERIFIED
case_019,final_has_cache_hit,4,,,4,187,98,48160,191572,incumbent_disperse_tid_697_node_698_core_3_pos_0,23835,187,54336,5,0,,,0,AI_VERIFIED
case_019,final_has_cache_hit,5,,,3,187,98,48160,191572,incumbent_disperse_tid_697_node_698_core_3_pos_0,23835,187,48160,5,0,,,0,AI_VERIFIED
case_052,single_core_no_repeated_copy_in_final,1,,,0,534,267,0,845468,incumbent_aggregate,158577,534,0,0,0,,,0,AI_VERIFIED
case_052,final_has_cache_hit,2,,,2,535,276,102912,810044,incumbent_base,90903,535,102912,17,0,,,0,AI_VERIFIED
case_052,final_has_cache_hit,3,,,3,549,290,181248,810044,incumbent_base,61071,549,181248,17,0,,,0,AI_VERIFIED
case_052,final_has_cache_hit,4,,,4,559,300,176640,888380,event_timing_tid_2287_miss_3_bytes_41472_front,45610,559,250368,17,0,,,0,AI_VERIFIED
case_052,final_has_cache_hit,5,,,4,569,310,296448,842300,event_timing_tid_2290_miss_2_bytes_27648_front,37387,569,296448,17,0,,,0,AI_VERIFIED
case_073,repeated_misses_no_hit_candidate,1,,,0,2608,1304,0,140238464,incumbent_base,9870212,2608,0,25,0,,,0,AI_VERIFIED
case_073,final_has_cache_hit,2,,,1,3292,1717,12593152,129779840,incumbent_split_height_g0_p4,5176545,3292,12593152,50,0,,,0,AI_VERIFIED
case_073,final_has_cache_hit,3,,,2,2958,1839,15228928,127648128,incumbent_split_height_g0_p4,3969025,2958,15228928,50,0,,,0,AI_VERIFIED
case_073,final_has_cache_hit,4,,,2,2752,1877,15778816,127062144,incumbent_split_height_g0_p4,3434743,2752,15778816,50,0,,,0,AI_VERIFIED
case_073,final_has_cache_hit,5,,,1,2752,1877,15778816,127062144,lower_core_base,3434743,2752,15778816,50,0,,,0,AI_VERIFIED
case_087,final_has_cache_hit,1,,,1,4686,2618,2534400,11287004,incumbent_base,3969779,4686,2534400,435,0,,,0,AI_VERIFIED
case_087,final_has_cache_hit,2,,,3,5221,3074,4271616,11651036,incumbent_base,1982828,5221,4271616,435,0,,,0,AI_VERIFIED
case_087,final_has_cache_hit,3,,,5,5634,3298,4432896,12521948,event_timing_tid_1000009058_miss_6_bytes_27648_front,1372451,5634,4432896,435,0,,,0,AI_VERIFIED
case_087,final_has_cache_hit,4,,,4,6070,3639,5552640,12973532,incumbent_disperse_tid_1000009350_node_9272_core_2_pos_0,1042446,6070,5552640,435,0,,,0,AI_VERIFIED
case_087,final_has_cache_hit,5,,,4,6013,3613,5594112,12812252,incumbent_split_height_g1_p2,829449,6013,5594112,435,0,,,0,AI_VERIFIED
case_095,single_core_no_repeated_copy_in_final,1,,,0,4594,2297,0,16792476,r2_merge_g0_1,1161033,4594,0,0,0,,,0,AI_VERIFIED
case_095,no_repeated_copy_in_final,2,,,0,3696,1848,0,8516508,incumbent_base,1042890,3696,0,0,0,,,0,AI_VERIFIED
case_095,no_repeated_copy_in_final,3,,,0,3696,1848,0,8516508,incumbent_base,695775,3696,0,0,0,,,0,AI_VERIFIED
case_095,no_repeated_copy_in_final,4,,,0,3696,1848,0,8516508,incumbent_base,524422,3696,0,0,0,,,0,AI_VERIFIED
case_095,no_repeated_copy_in_final,5,,,0,3696,1848,0,8516508,incumbent_base,420852,3696,0,0,0,,,0,AI_VERIFIED
case_035,single_core_no_repeated_copy_in_final,1,,,0,602,301,0,396878,incumbent_split_topo_g1_p4,168511,602,0,0,0,,,0,AI_VERIFIED
case_035,hit_found_in_rescue,2,incumbent_disperse_tid_310_node_350_core_0_pos_0,incumbent_disperse_tid_310_node_350_core_0_pos_0,0,602,301,0,396878,incumbent_base,95406,602,0,0,4096,incumbent_disperse_tid_310_node_350_core_0_pos_0,95584,1,AI_VERIFIED
case_035,hit_found_in_rescue,3,incumbent_disperse_tid_310_node_350_core_2_pos_0,incumbent_disperse_tid_310_node_350_core_2_pos_0,0,602,301,0,396878,incumbent_base,95406,602,0,0,4096,incumbent_disperse_tid_310_node_350_core_2_pos_0,95424,1,AI_VERIFIED
case_035,hit_found_in_rescue,4,incumbent_disperse_tid_310_node_350_core_2_pos_0,incumbent_disperse_tid_310_node_350_core_2_pos_0,0,602,301,0,396878,incumbent_base,95406,602,0,0,4096,incumbent_disperse_tid_310_node_350_core_2_pos_0,95424,1,AI_VERIFIED
case_035,hit_found_in_rescue,5,incumbent_disperse_tid_310_node_350_core_2_pos_0,incumbent_disperse_tid_310_node_350_core_2_pos_0,0,602,301,0,396878,incumbent_base,95406,602,0,0,4096,incumbent_disperse_tid_310_node_350_core_2_pos_0,95424,1,AI_VERIFIED
case_045,single_core_no_repeated_copy_in_final,1,,,0,136,68,0,278528,incumbent_base,125614,136,0,0,0,,,0,AI_VERIFIED
case_045,final_has_cache_hit,2,,,1,139,70,4096,282624,incumbent_disperse_tid_1000000050_node_49_core_1_pos_0,63052,139,4096,1,0,,,0,AI_VERIFIED
case_045,hit_alternative_in_main_search,3,,,1,136,68,0,278528,incumbent_base,42601,136,4096,0,0,,,0,AI_VERIFIED
case_045,hit_found_in_rescue,4,,incumbent_disperse_tid_1000000050_node_49_core_2_pos_0,0,136,68,0,278528,incumbent_base,31878,136,0,0,4096,incumbent_disperse_tid_1000000050_node_49_core_2_pos_0,32059,1,AI_VERIFIED
case_045,hit_found_in_rescue,5,incumbent_disperse_tid_1000000050_node_49_core_1_pos_0,incumbent_disperse_tid_1000000050_node_49_core_1_pos_0,0,136,68,0,278528,incumbent_base,26164,136,0,0,4096,incumbent_disperse_tid_1000000050_node_49_core_1_pos_0,26164,1,AI_VERIFIED
case_066,single_core_no_repeated_copy_in_final,1,,,0,362,181,0,1027116,incumbent_split_topo_g2_p4,356326,362,0,0,0,,,0,AI_VERIFIED
case_066,hit_found_in_rescue,2,incumbent_disperse_tid_1000003789_node_3726_core_0_pos_0,incumbent_disperse_tid_1000003789_node_3726_core_0_pos_0,0,362,181,0,1027116,incumbent_split_height_g1_p4,247485,362,0,0,2688,incumbent_disperse_tid_1000003789_node_3726_core_0_pos_0,248251,1,AI_VERIFIED
case_066,hit_found_in_rescue,3,incumbent_disperse_tid_1000003789_node_3726_core_2_pos_0,incumbent_disperse_tid_1000003789_node_3726_core_2_pos_0,0,362,181,0,1027116,incumbent_split_height_g1_p4,247485,362,0,0,2688,incumbent_disperse_tid_1000003789_node_3726_core_2_pos_0,248205,1,AI_VERIFIED
case_066,hit_found_in_rescue,4,incumbent_disperse_tid_1000003789_node_3726_core_2_pos_0,incumbent_disperse_tid_1000003789_node_3726_core_2_pos_0,0,362,181,0,1027116,incumbent_split_height_g1_p4,247485,362,0,0,2688,incumbent_disperse_tid_1000003789_node_3726_core_2_pos_0,248205,1,AI_VERIFIED
case_066,final_has_cache_hit,5,,,1,3275,1753,805514,2270958,incumbent_base,237121,3275,805514,191,0,,,0,AI_VERIFIED
case_071,single_core_no_repeated_copy_in_final,1,,,0,70,35,0,111462,incumbent_split_height_g3_p4,17401,70,0,0,0,,,0,AI_VERIFIED
case_071,hit_found_in_rescue,2,,,0,70,35,0,111462,incumbent_split_height_g3_p4,17401,70,0,0,2304,incumbent_disperse_tid_1000000038_node_389_core_1_pos_0,17597,1,AI_VERIFIED
case_071,hit_found_in_rescue,3,,,0,70,35,0,111462,incumbent_split_height_g3_p4,17401,70,0,0,2304,incumbent_disperse_tid_1000000038_node_389_core_1_pos_0,17597,1,AI_VERIFIED
case_071,hit_found_in_rescue,4,,,0,70,35,0,111462,incumbent_split_height_g3_p4,17401,70,0,0,2304,incumbent_disperse_tid_1000000038_node_389_core_1_pos_0,17597,1,AI_VERIFIED
case_071,hit_found_in_rescue,5,,,0,70,35,0,111462,incumbent_split_height_g3_p4,17401,70,0,0,2304,incumbent_disperse_tid_1000000038_node_389_core_1_pos_0,17597,1,AI_VERIFIED
case_078,final_has_cache_hit,1,,,2,302,178,3613824,2472576,incumbent_split_height_g1_p4,2142955,302,6019200,23,0,,,0,AI_VERIFIED
case_078,final_has_cache_hit,2,,,2,523,288,3073896,10201200,incumbent_split_height_g0_p4,1149984,523,3613824,54,0,,,0,AI_VERIFIED
case_078,final_has_cache_hit,3,,,3,435,285,4614480,9226344,incumbent_split_height_g0_p4,882747,435,4614480,54,0,,,0,AI_VERIFIED
case_078,final_has_cache_hit,4,,,2,425,316,1634184,13239216,incumbent_split_height_g0_p4,642020,425,4614480,54,0,,,0,AI_VERIFIED
case_078,final_has_cache_hit,5,,,2,436,350,5452056,10414752,incumbent_base,578013,436,5452056,54,0,,,0,AI_VERIFIED
case_085,single_core_no_repeated_copy_in_final,1,,,0,696,348,0,1833798,incumbent_split_topo_g0_p4,3173461,696,0,0,0,,,0,AI_VERIFIED
case_085,final_has_cache_hit,2,,,2,4580,2372,425158,4745386,incumbent_split_topo_g13_p4,3157230,4580,425158,163,0,,,0,AI_VERIFIED
case_085,final_has_cache_hit,3,,,3,1792,900,134,2846924,r1_boundary_n6703_c2_p0,3112095,1792,425158,4,0,,,0,AI_VERIFIED
case_085,final_has_cache_hit,4,,,2,7337,3931,1259406,6501392,incumbent_base,2986917,7337,1259406,508,0,,,0,AI_VERIFIED
case_085,final_has_cache_hit,5,,,2,1507,766,34060,2698082,incumbent_base,3157239,1507,38156,13,0,,,0,AI_VERIFIED
case_097,repeated_misses_no_hit_candidate,1,,,0,6832,3416,0,14843904,incumbent_base,11491509,6832,0,375,0,,,0,AI_VERIFIED
case_097,hit_found_in_rescue,2,,,0,6592,3504,0,16056320,incumbent_base,5617602,6592,0,750,122880,incumbent_disperse_tid_1000001625_node_6664_core_1_pos_1,6203860,3,AI_VERIFIED
case_097,final_has_cache_hit,3,,,2,7823,4380,5357568,15257600,r2_boundary_n833_c2_p0,3622881,7823,5357568,832,0,,,0,AI_VERIFIED
case_097,final_has_cache_hit,4,,,1,5868,3624,770048,17711104,incumbent_base,2626908,5868,770048,644,0,,,0,AI_VERIFIED
case_097,final_has_cache_hit,5,,,1,9032,5203,6270976,19300352,incumbent_base,2102250,9032,6270976,832,0,,,0,AI_VERIFIED
case_006,final_has_cache_hit,1,,,3,318,163,8192,678448,incumbent_aggregate,73949,318,16384,8,0,,,0,AI_VERIFIED
case_006,final_has_cache_hit,2,,,5,284,151,56192,543268,incumbent_split_release_g0_p4,41180,284,56192,18,0,,,0,AI_VERIFIED
case_006,final_has_cache_hit,3,,,4,272,141,30080,543264,incumbent_base,31152,272,56192,10,0,,,0,AI_VERIFIED
case_006,final_has_cache_hit,4,,,3,272,141,30080,543264,incumbent_base,31152,272,30080,10,0,,,0,AI_VERIFIED
case_006,final_has_cache_hit,5,,,3,272,141,30080,543264,incumbent_base,31152,272,30080,10,0,,,0,AI_VERIFIED
case_020,single_core_no_repeated_copy_in_final,1,,,0,576,288,0,1179648,incumbent_base,532746,576,0,0,0,,,0,AI_VERIFIED
case_020,hit_found_in_rescue,2,incumbent_disperse_tid_1000005738_node_5521_core_1_pos_0,incumbent_disperse_tid_1000005738_node_5521_core_1_pos_0,0,576,288,0,1179648,incumbent_base,266580,576,0,0,4096,incumbent_disperse_tid_1000005738_node_5521_core_1_pos_0,266680,1,AI_VERIFIED
case_020,hit_found_in_rescue,3,incumbent_disperse_tid_1000005738_node_5521_core_1_pos_0,incumbent_disperse_tid_1000005738_node_5521_core_1_pos_0,0,576,288,0,1179648,incumbent_base,177950,576,0,0,4096,incumbent_disperse_tid_1000005738_node_5521_core_1_pos_0,178063,1,AI_VERIFIED
case_020,hit_found_in_rescue,4,incumbent_disperse_tid_1000005817_node_5597_core_0_pos_0,incumbent_disperse_tid_1000005817_node_5597_core_0_pos_0,0,576,288,0,1179648,incumbent_base,133704,576,0,0,4096,incumbent_disperse_tid_1000005817_node_5597_core_0_pos_0,133823,1,AI_VERIFIED
case_020,hit_found_in_rescue,5,incumbent_disperse_tid_1000006054_node_5825_core_0_pos_0,incumbent_disperse_tid_1000006054_node_5825_core_0_pos_0,0,576,288,0,1179648,incumbent_base,107650,576,0,0,4096,incumbent_disperse_tid_1000006054_node_5825_core_0_pos_0,107574,1,AI_VERIFIED
case_049,single_core_no_repeated_copy_in_final,1,,,0,294,147,0,173496,incumbent_split_height_g1_p4,194548,294,0,0,0,,,0,AI_VERIFIED
case_049,no_repeated_copy_in_final,2,,,0,288,144,0,152504,incumbent_base,160206,288,0,0,0,,,0,AI_VERIFIED
case_049,no_repeated_copy_in_final,3,,,0,288,144,0,152504,incumbent_base,160206,288,0,0,0,,,0,AI_VERIFIED
case_049,no_repeated_copy_in_final,4,,,0,288,144,0,152504,incumbent_base,160206,288,0,0,0,,,0,AI_VERIFIED
case_049,no_repeated_copy_in_final,5,,,0,288,144,0,152504,incumbent_base,160206,288,0,0,0,,,0,AI_VERIFIED
case_062,single_core_no_repeated_copy_in_final,1,,,0,8724,4362,0,13400064,incumbent_base,2854809,8724,0,0,0,,,0,AI_VERIFIED
case_062,repeated_misses_no_hit_candidate,2,,,0,46588,23294,0,62899200,incumbent_disperse_group_tid_1000012951_group_9_core_0_pos_4,2387918,46588,0,2181,0,,,0,AI_VERIFIED
case_062,repeated_misses_no_hit_candidate,3,,,0,48360,24180,0,65184768,r1_split_g4_h0_c2_p8,1818680,48360,0,2181,0,,,0,AI_VERIFIED
case_062,final_has_cache_hit,4,,,1,12871,6436,4608,16596480,incumbent_base,1270730,12871,4608,5,0,,,0,AI_VERIFIED
case_062,final_has_cache_hit,5,,,2,14103,7176,1138176,17352192,r1_split_g0_h1_c4_p0,701554,14103,1138176,250,0,,,0,AI_VERIFIED
case_068,single_core_no_repeated_copy_in_final,1,,,0,814,407,0,2739974,incumbent_split_release_g1_p4,359166,814,0,0,0,,,0,AI_VERIFIED
case_068,final_has_cache_hit,2,,,2,2018,1053,278534,3272702,incumbent_split_topo_g14_p4,302692,2018,278534,88,0,,,0,AI_VERIFIED
case_068,final_has_cache_hit,3,,,1,2664,1419,719694,3456656,incumbent_base,281418,2664,719694,170,0,,,0,AI_VERIFIED
case_068,final_has_cache_hit,4,,,1,2780,1504,908496,3477888,incumbent_base,266974,2780,908496,210,0,,,0,AI_VERIFIED
case_068,final_has_cache_hit,5,,,1,1998,1079,371084,3477416,incumbent_base,339915,1998,371084,152,0,,,0,AI_VERIFIED
case_070,single_core_no_repeated_copy_in_final,1,,,0,386,193,0,419858,incumbent_split_release_g0_p4,104334,386,0,0,0,,,0,AI_VERIFIED
case_070,final_has_cache_hit,2,,,3,402,209,78336,471058,incumbent_split_height_g1_p4,59140,402,129536,16,0,,,0,AI_VERIFIED
case_070,final_has_cache_hit,3,,,2,418,225,185344,493586,incumbent_base,39333,418,259072,16,0,,,0,AI_VERIFIED
case_070,final_has_cache_hit,4,,,2,431,238,311808,469010,incumbent_base,31192,431,317952,16,0,,,0,AI_VERIFIED
case_070,final_has_cache_hit,5,,,3,444,250,259328,613394,incumbent_disperse_tid_2081_node_2108_core_2_pos_0,26030,444,285696,17,0,,,0,AI_VERIFIED
case_100,hit_found_in_rescue,1,,,0,342,171,0,436006,incumbent_split_release_g1_p4,142753,342,0,0,8192,incumbent_split_topo_g0_p4,149265,1,AI_VERIFIED
case_100,final_has_cache_hit,2,,,3,346,175,16896,436006,incumbent_split_release_g0_p4,77421,346,16896,4,0,,,0,AI_VERIFIED
case_100,final_has_cache_hit,3,,,2,349,178,53760,454438,incumbent_base,57811,349,53760,7,0,,,0,AI_VERIFIED
case_100,final_has_cache_hit,4,,,2,489,261,308864,887336,r10_capacity_g6_front,72103,489,308864,31,0,,,0,AI_VERIFIED
case_100,final_has_cache_hit,5,,,2,629,363,351360,926282,r10_capacity_g8_front,59623,629,351360,95,0,,,0,AI_VERIFIED
case_028,final_has_cache_hit,1,,,2,4916,2853,101469696,57912264,incumbent_base,41700132,4916,101469696,196,0,,,0,AI_VERIFIED
case_028,final_has_cache_hit,2,,,2,12982,8406,1319688,276910776,incumbent_base,23615145,12982,101469696,54,0,,,0,AI_VERIFIED
case_028,hit_alternative_in_main_search,3,,,1,11536,8313,0,278227296,incumbent_base,16770711,11536,1319688,54,0,,,0,AI_VERIFIED
case_028,final_has_cache_hit,4,,,1,10819,8228,743688,277975032,incumbent_base,13585418,10819,743688,54,0,,,0,AI_VERIFIED
case_028,final_has_cache_hit,5,,,3,9967,7399,39478176,223840992,incumbent_split_height_g3_p4,10636977,9967,39478176,54,0,,,0,AI_VERIFIED
case_037,single_core_no_repeated_copy_in_final,1,,,0,360,180,0,532480,incumbent_base,210001,360,0,0,0,,,0,AI_VERIFIED
case_037,hit_alternative_in_main_search,2,,,1,460,280,0,737280,incumbent_base,105374,460,28672,100,0,,,0,AI_VERIFIED
case_037,final_has_cache_hit,3,,,2,720,540,942080,655360,incumbent_base,74038,720,944128,180,0,,,0,AI_VERIFIED
case_037,hit_alternative_in_main_search,4,,,1,660,480,0,1146880,incumbent_base,53320,660,942080,100,0,,,0,AI_VERIFIED
case_037,final_has_cache_hit,5,,,1,980,800,1579008,878592,incumbent_base,43013,980,1579008,180,0,,,0,AI_VERIFIED
case_061,single_core_no_repeated_copy_in_final,1,,,0,518,259,0,544036,incumbent_base,77191,518,0,0,0,,,0,AI_VERIFIED
case_061,final_has_cache_hit,2,,,2,535,275,42752,546084,incumbent_disperse_tid_2232_node_2233_core_1_pos_0,38792,535,42752,15,0,,,0,AI_VERIFIED
case_061,final_has_cache_hit,3,,,3,534,275,36096,544036,incumbent_base,30303,534,43008,11,0,,,0,AI_VERIFIED
case_061,final_has_cache_hit,4,,,3,548,289,70656,544036,incumbent_base,24024,548,70656,14,0,,,0,AI_VERIFIED
case_061,final_has_cache_hit,5,,,4,551,292,76544,550436,event_timing_tid_15_miss_2_bytes_6400_front,22283,551,76544,11,0,,,0,AI_VERIFIED
case_063,single_core_no_repeated_copy_in_final,1,,,0,3268,1634,0,5019648,incumbent_base,1070397,3268,0,0,0,,,0,AI_VERIFIED
case_063,final_has_cache_hit,2,,,2,16234,8185,626688,22319616,incumbent_disperse_group_tid_1000002259_group_0_core_1_pos_0,874911,16234,760320,817,0,,,0,AI_VERIFIED
case_063,final_has_cache_hit,3,,,2,15720,7866,55296,20668416,event_timing_tid_1000003227_miss_4_bytes_18432_core_2,593484,15720,55296,817,0,,,0,AI_VERIFIED
case_063,hit_found_in_rescue,4,incumbent_disperse_tid_1000002259_node_1883_core_3_pos_0,incumbent_disperse_tid_1000002259_node_1883_core_3_pos_0,0,4708,2354,0,6125568,incumbent_aggregate,324251,4708,0,0,4608,incumbent_disperse_tid_1000002259_node_1883_core_3_pos_0,324140,1,AI_VERIFIED
case_063,hit_found_in_rescue,5,incumbent_disperse_tid_1000002259_node_1883_core_3_pos_0,incumbent_disperse_tid_1000002259_node_1883_core_3_pos_0,0,4902,2451,0,6274560,incumbent_aggregate,251581,4902,0,0,4608,incumbent_disperse_tid_1000002259_node_1883_core_3_pos_0,251470,1,AI_VERIFIED
case_082,single_core_no_repeated_copy_in_final,1,,,0,178,89,0,566406,incumbent_split_topo_g0_p4,709534,178,0,0,0,,,0,AI_VERIFIED
case_082,final_has_cache_hit,2,,,1,262,137,54406,656518,incumbent_base,708711,262,54406,12,0,,,0,AI_VERIFIED
case_082,final_has_cache_hit,3,,,2,1429,745,138380,1681702,event_timing_tid_1000003013_miss_2_bytes_4096_core_1,606773,1429,138380,57,0,,,0,AI_VERIFIED
case_082,final_has_cache_hit,4,,,1,2917,1630,871304,2583434,incumbent_base,581598,2917,871304,251,0,,,0,AI_VERIFIED
case_082,final_has_cache_hit,5,,,2,2551,1390,491216,2737294,incumbent_disperse_tid_1000001471_node_2686_core_0_pos_2,592853,2551,491216,192,0,,,0,AI_VERIFIED
case_086,single_core_no_repeated_copy_in_final,1,,,0,180,90,0,321126,incumbent_split_release_g0_p4,114476,180,0,0,0,,,0,AI_VERIFIED
case_086,no_repeated_copy_in_final,2,,,0,180,90,0,321126,incumbent_split_topo_g0_p4,115496,180,0,0,0,,,0,AI_VERIFIED
case_086,no_repeated_copy_in_final,3,,,0,180,90,0,321126,incumbent_split_topo_g0_p4,115496,180,0,0,0,,,0,AI_VERIFIED
case_086,final_has_cache_hit,4,,,2,497,259,24016,508326,incumbent_split_release_g0_p4,88995,497,24016,15,0,,,0,AI_VERIFIED
case_086,no_repeated_copy_in_final,5,,,0,180,90,0,321126,incumbent_split_topo_g0_p4,115496,180,0,0,0,,,0,AI_VERIFIED
case_098,final_has_cache_hit,1,,,2,410,208,24576,878158,incumbent_aggregate,174782,410,24576,6,0,,,0,AI_VERIFIED
case_098,hit_found_in_rescue,2,incumbent_disperse_tid_188_node_189_core_0_pos_0,incumbent_disperse_tid_188_node_189_core_0_pos_0,0,294,147,0,697912,incumbent_base,89756,294,0,0,4096,incumbent_disperse_tid_188_node_189_core_0_pos_0,89963,1,AI_VERIFIED
case_098,hit_found_in_rescue,3,incumbent_disperse_tid_113_node_114_core_0_pos_0,incumbent_disperse_tid_113_node_114_core_0_pos_0,0,294,147,0,697912,incumbent_base,89756,294,0,0,4096,incumbent_disperse_tid_113_node_114_core_0_pos_0,89963,1,AI_VERIFIED
case_098,hit_found_in_rescue,4,incumbent_disperse_tid_113_node_114_core_0_pos_0,incumbent_disperse_tid_113_node_114_core_0_pos_0,0,294,147,0,697912,incumbent_base,89756,294,0,0,4096,incumbent_disperse_tid_113_node_114_core_0_pos_0,89963,1,AI_VERIFIED
case_098,hit_found_in_rescue,5,incumbent_disperse_tid_113_node_114_core_2_pos_0,incumbent_disperse_tid_113_node_114_core_2_pos_0,0,294,147,0,697912,incumbent_base,89756,294,0,0,4096,incumbent_disperse_tid_113_node_114_core_2_pos_0,89894,1,AI_VERIFIED
case_021,final_has_cache_hit,1,,,1,2260,1549,3432448,3424256,incumbent_base,6558837,2260,3432448,138,0,,,0,AI_VERIFIED
case_021,final_has_cache_hit,2,,,2,1656,1100,1204224,4325376,incumbent_base,3193634,1656,3432448,326,0,,,0,AI_VERIFIED
case_021,final_has_cache_hit,3,,,4,3114,2193,5926912,4591616,incumbent_split_topo_g1_p4,2142612,3114,5926912,450,0,,,0,AI_VERIFIED
case_021,hit_alternative_in_main_search,4,,,2,1650,1200,0,6963200,incumbent_base,1550324,1650,5926912,250,0,,,0,AI_VERIFIED
case_021,final_has_cache_hit,5,,,2,3681,2741,7858176,5928960,incumbent_base,1249380,3681,7858176,450,0,,,0,AI_VERIFIED
case_031,final_has_cache_hit,1,,,1,2349,1346,1479168,4196980,incumbent_base,1414159,2349,1479168,377,0,,,0,AI_VERIFIED
case_031,final_has_cache_hit,2,,,4,2797,1608,1718784,4948084,incumbent_split_topo_g1_p4,706497,2797,3201024,377,0,,,0,AI_VERIFIED
case_031,final_has_cache_hit,3,,,4,3239,2136,4838400,4891252,incumbent_base,473000,3239,4838400,377,0,,,0,AI_VERIFIED
case_031,final_has_cache_hit,4,,,5,3402,2207,4947456,5190772,event_timing_tid_1000000689_miss_5_bytes_30720_front,355839,3402,4947456,377,0,,,0,AI_VERIFIED
case_031,final_has_cache_hit,5,,,5,3273,2204,5377536,4739188,event_timing_tid_1000000735_miss_5_bytes_30720_front,284489,3273,5377536,377,0,,,0,AI_VERIFIED
case_051,single_core_no_repeated_copy_in_final,1,,,0,24,12,0,393216,incumbent_base,607628,24,0,0,0,,,0,AI_VERIFIED
case_051,no_repeated_copy_in_final,2,,,0,24,12,0,393216,incumbent_base,607628,24,0,0,0,,,0,AI_VERIFIED
case_051,no_repeated_copy_in_final,3,,,0,24,12,0,393216,incumbent_base,607628,24,0,0,0,,,0,AI_VERIFIED
case_051,final_has_cache_hit,4,,,1,278,151,393216,4325390,incumbent_base,541017,278,393216,12,0,,,0,AI_VERIFIED
case_051,final_has_cache_hit,5,,,1,278,151,393216,4325390,incumbent_base,541017,278,393216,12,0,,,0,AI_VERIFIED
case_055,final_has_cache_hit,1,,,2,386,197,32768,638006,incumbent_split_topo_g0_p4,114628,386,69632,8,0,,,0,AI_VERIFIED
case_055,final_has_cache_hit,2,,,3,349,176,41472,625692,incumbent_base,59839,349,69632,3,0,,,0,AI_VERIFIED
case_055,final_has_cache_hit,3,,,5,357,183,107520,633884,incumbent_disperse_tid_3_node_38_core_2_pos_0,39987,357,115712,5,0,,,0,AI_VERIFIED
case_055,final_has_cache_hit,4,,,4,361,188,173568,625692,incumbent_base,32099,361,173568,5,0,,,0,AI_VERIFIED
case_055,final_has_cache_hit,5,,,5,366,193,189952,667164,event_timing_tid_1385_miss_2_bytes_27648_front,25635,366,189952,5,0,,,0,AI_VERIFIED
case_065,single_core_no_repeated_copy_in_final,1,,,0,306,153,0,299720,incumbent_aggregate,39824,306,0,0,0,,,0,AI_VERIFIED
case_065,final_has_cache_hit,2,,,3,310,157,13968,299720,incumbent_split_release_g1_p4,26551,310,13968,4,0,,,0,AI_VERIFIED
case_065,final_has_cache_hit,3,,,2,314,161,27936,299720,incumbent_base,17972,314,27936,4,0,,,0,AI_VERIFIED
case_065,final_has_cache_hit,4,,,3,317,164,32544,308936,incumbent_split_height_g1_p4,13062,317,32544,4,0,,,0,AI_VERIFIED
case_065,final_has_cache_hit,5,,,4,322,169,23616,331976,event_timing_tid_9_miss_5_bytes_23040_front,11396,322,55584,4,0,,,0,AI_VERIFIED
case_075,single_core_no_repeated_copy_in_final,1,,,0,538,269,0,1819782,incumbent_split_height_g3_p4,1427745,538,0,0,0,,,0,AI_VERIFIED
case_075,final_has_cache_hit,2,,,2,1875,954,163844,2746070,incumbent_split_height_g0_p4,1389088,1875,163844,33,0,,,0,AI_VERIFIED
case_075,final_has_cache_hit,3,,,2,2451,1277,351622,3133448,incumbent_base,1363444,2451,351622,101,0,,,0,AI_VERIFIED
case_075,final_has_cache_hit,4,,,2,3125,1663,634502,3579580,incumbent_base,1320971,3125,634502,180,0,,,0,AI_VERIFIED
case_075,final_has_cache_hit,5,,,2,3343,1793,790672,3782086,incumbent_base,1219026,3343,790672,194,0,,,0,AI_VERIFIED
case_079,repeated_misses_no_hit_candidate,1,,,0,18088,9044,0,38260736,incumbent_base,31052251,18088,0,494,0,,,0,AI_VERIFIED
case_079,hit_found_in_rescue,2,,,0,16574,8584,0,37593088,incumbent_base,15446486,16574,0,1054,141312,incumbent_disperse_tid_1000002205_node_18816_core_1_pos_1,16224312,3,AI_VERIFIED
case_079,final_has_cache_hit,3,,,1,19380,10284,6285312,39487488,incumbent_base,10175315,19380,6285312,1122,0,,,0,AI_VERIFIED
case_079,hit_found_in_rescue,4,,,0,13546,7664,0,36257792,incumbent_base,7635624,13546,0,986,30720,incumbent_disperse_tid_1000002233_node_18830_core_1_pos_1,7961093,6,AI_VERIFIED
case_079,final_has_cache_hit,5,,,2,20552,11574,13060096,40429568,incumbent_base,6075472,20552,13060096,1122,0,,,0,AI_VERIFIED
case_004,final_has_cache_hit,1,,,2,612,362,377856,1287168,incumbent_split_release_g1_p2,387184,612,377856,112,0,,,0,AI_VERIFIED
case_004,hit_alternative_in_main_search,2,,,1,231,117,0,562176,incumbent_base,199074,231,377856,3,0,,,0,AI_VERIFIED
case_004,hit_found_in_rescue,3,incumbent_disperse_tid_1000000003_node_30_core_1_pos_0,incumbent_disperse_tid_1000000003_node_30_core_1_pos_0,0,234,120,0,672768,incumbent_base,134043,234,0,3,113664,incumbent_disperse_tid_1000000003_node_30_core_1_pos_0,133777,1,AI_VERIFIED
case_004,hit_found_in_rescue,4,,incumbent_disperse_tid_1000000001_node_21_core_3_pos_1,0,237,123,0,783360,incumbent_base,104188,237,0,3,3072,incumbent_disperse_tid_1000000001_node_21_core_3_pos_1,104803,1,AI_VERIFIED
case_004,final_has_cache_hit,5,,,1,246,130,190464,721920,r2_boundary_n6_c2_p0,86005,246,190464,4,0,,,0,AI_VERIFIED
case_015,final_has_cache_hit,1,,,3,505,265,204800,1036052,incumbent_aggregate,167630,505,204800,25,0,,,0,AI_VERIFIED
case_015,final_has_cache_hit,2,,,5,449,235,199936,884488,incumbent_split_release_g0_p4,87390,449,224512,21,0,,,0,AI_VERIFIED
case_015,final_has_cache_hit,3,,,3,451,237,290048,884488,incumbent_base,60578,451,290048,20,0,,,0,AI_VERIFIED
case_015,final_has_cache_hit,4,,,5,460,247,260480,986246,event_timing_tid_3_miss_2_bytes_65536_front,48669,460,290048,14,0,,,0,AI_VERIFIED
case_015,final_has_cache_hit,5,,,5,455,244,303616,917250,event_timing_tid_9_miss_2_bytes_65536_front,42872,455,303616,10,0,,,0,AI_VERIFIED
case_024,single_core_no_repeated_copy_in_final,1,,,0,24,12,0,393216,incumbent_base,2555343,24,0,0,0,,,0,AI_VERIFIED
case_024,hit_alternative_in_main_search,2,,,1,108,60,0,1671186,incumbent_base,2552735,108,196608,12,0,,,0,AI_VERIFIED
case_024,hit_alternative_in_main_search,3,,,1,108,60,0,1671186,incumbent_base,2552735,108,196608,12,0,,,0,AI_VERIFIED
case_024,hit_alternative_in_main_search,4,,,1,108,60,0,1671186,incumbent_base,2552735,108,196608,12,0,,,0,AI_VERIFIED
case_024,final_has_cache_hit,5,,,2,278,157,819200,3506226,incumbent_base,2538844,278,884738,12,0,,,0,AI_VERIFIED
case_025,single_core_no_repeated_copy_in_final,1,,,0,5338,2669,0,4122624,incumbent_base,4863026,5338,0,0,0,,,0,AI_VERIFIED
case_025,hit_alternative_in_main_search,2,,,1,5341,2672,0,4150272,incumbent_base,2431840,5341,19968,3,0,,,0,AI_VERIFIED
case_025,final_has_cache_hit,3,,,1,5347,2677,29184,4153344,incumbent_disperse_tid_1000000003_node_30_core_2_pos_0,1622138,5347,29184,4,0,,,0,AI_VERIFIED
case_025,hit_alternative_in_main_search,4,,,1,5347,2678,0,4205568,incumbent_base,1217444,5347,29184,3,0,,,0,AI_VERIFIED
case_025,hit_found_in_rescue,5,,,0,5354,2683,0,4237824,incumbent_base,974747,5354,0,4,1536,incumbent_disperse_tid_1000000007_node_11_core_2_pos_0,1947243,1,AI_VERIFIED
case_056,single_core_no_repeated_copy_in_final,1,,,0,442,221,0,221526,incumbent_base,277285,442,0,0,0,,,0,AI_VERIFIED
case_056,hit_found_in_rescue,2,incumbent_disperse_tid_1000007713_node_7571_core_1_pos_0,incumbent_disperse_tid_1000007713_node_7571_core_1_pos_0,0,442,221,0,221526,incumbent_base,265710,442,0,0,4096,incumbent_disperse_tid_1000007713_node_7571_core_1_pos_0,265634,1,AI_VERIFIED
case_056,hit_found_in_rescue,3,incumbent_disperse_tid_1000007713_node_7558_core_1_pos_0,incumbent_disperse_tid_1000007713_node_7558_core_1_pos_0,0,442,221,0,221526,incumbent_base,265710,442,0,0,4096,incumbent_disperse_tid_1000007713_node_7558_core_1_pos_0,265634,1,AI_VERIFIED
case_056,hit_found_in_rescue,4,incumbent_disperse_tid_1000007713_node_7558_core_1_pos_0,incumbent_disperse_tid_1000007713_node_7558_core_1_pos_0,0,442,221,0,221526,incumbent_base,265710,442,0,0,4096,incumbent_disperse_tid_1000007713_node_7558_core_1_pos_0,265634,1,AI_VERIFIED
case_056,hit_found_in_rescue,5,incumbent_disperse_tid_1000007713_node_7558_core_2_pos_0,incumbent_disperse_tid_1000007713_node_7558_core_2_pos_0,0,442,221,0,221526,incumbent_base,265710,442,0,0,4096,incumbent_disperse_tid_1000007713_node_7558_core_2_pos_0,265652,1,AI_VERIFIED
case_083,hit_alternative_in_main_search,1,,,1,332,166,0,1604192,incumbent_split_height_g1_p4,875735,332,11829024,0,0,,,0,AI_VERIFIED
case_083,final_has_cache_hit,2,,,3,843,613,5979328,2714752,incumbent_split_height_g0_p4,465958,843,11829024,50,0,,,0,AI_VERIFIED
case_083,final_has_cache_hit,3,,,2,1122,953,10443552,5403328,incumbent_base,402691,1122,11829024,50,0,,,0,AI_VERIFIED
case_083,final_has_cache_hit,4,,,2,909,783,10324096,5742624,incumbent_base,333151,909,11829024,50,0,,,0,AI_VERIFIED
case_083,final_has_cache_hit,5,,,2,772,679,10966272,5263840,incumbent_base,310731,772,11829024,50,0,,,0,AI_VERIFIED
case_090,final_has_cache_hit,1,,,2,454,277,6276096,2283456,incumbent_split_height_g1_p4,919256,454,10402560,28,0,,,0,AI_VERIFIED
case_090,final_has_cache_hit,2,,,3,546,295,4753824,2559552,incumbent_split_height_g3_p2,549431,546,5592096,23,0,,,0,AI_VERIFIED
case_090,final_has_cache_hit,3,,,2,786,504,4273776,17833728,incumbent_split_height_g1_p4,549742,786,4273776,54,0,,,0,AI_VERIFIED
case_090,final_has_cache_hit,4,,,2,685,463,1531656,20959632,incumbent_split_height_g1_p4,534087,685,1531656,54,0,,,0,AI_VERIFIED
case_090,final_has_cache_hit,5,,,2,591,468,7467480,15922464,incumbent_split_height_g3_p4,416535,591,7467480,54,0,,,0,AI_VERIFIED
case_007,single_core_no_repeated_copy_in_final,1,,,0,1116,558,0,880128,incumbent_base,1012562,1116,0,0,0,,,0,AI_VERIFIED
case_007,hit_found_in_rescue,2,incumbent_disperse_tid_1000000003_node_30_core_0_pos_0,incumbent_disperse_tid_1000000003_node_30_core_0_pos_0,0,1119,561,0,907776,incumbent_base,507494,1119,0,3,19968,incumbent_disperse_tid_1000000003_node_30_core_0_pos_0,508082,1,AI_VERIFIED
case_007,hit_found_in_rescue,3,incumbent_disperse_tid_1000000003_node_30_core_1_pos_0,incumbent_disperse_tid_1000000003_node_30_core_1_pos_0,0,1122,564,0,935424,incumbent_base,338094,1122,0,3,29184,incumbent_disperse_tid_1000000003_node_30_core_1_pos_0,338630,1,AI_VERIFIED
case_007,hit_found_in_rescue,4,incumbent_disperse_tid_1000000001_node_21_core_3_pos_1,incumbent_disperse_tid_1000000001_node_21_core_3_pos_1,0,1125,567,0,963072,incumbent_base,254398,1125,0,3,1536,incumbent_disperse_tid_1000000001_node_21_core_3_pos_1,254957,1,AI_VERIFIED
case_007,hit_found_in_rescue,5,,,0,1128,570,0,990720,incumbent_base,203834,1128,0,3,1536,incumbent_disperse_tid_1000000001_node_13_core_0_pos_1,206165,1,AI_VERIFIED
case_009,single_core_no_repeated_copy_in_final,1,,,0,636,318,0,495194,incumbent_base,153201,636,0,0,0,,,0,AI_VERIFIED
case_009,hit_found_in_rescue,2,incumbent_disperse_tid_1000006137_node_5823_core_0_pos_0,incumbent_disperse_tid_1000006137_node_5823_core_0_pos_0,0,636,318,0,495194,incumbent_base,92198,636,0,0,2048,incumbent_disperse_tid_1000006137_node_5823_core_0_pos_0,92259,1,AI_VERIFIED
case_009,final_has_cache_hit,3,,,1,660,332,38,499802,incumbent_base,91278,660,38,4,0,,,0,AI_VERIFIED
case_009,final_has_cache_hit,4,,,2,729,375,31308,532570,r2_split_g0_h1_c1_p1,90556,729,31308,17,0,,,0,AI_VERIFIED
case_009,final_has_cache_hit,5,,,3,729,375,31308,532570,lower_core_base,90556,729,31308,17,0,,,0,AI_VERIFIED
case_016,single_core_no_repeated_copy_in_final,1,,,0,24,12,0,393216,incumbent_base,7715523,24,0,0,0,,,0,AI_VERIFIED
case_016,hit_alternative_in_main_search,2,,,1,108,60,0,1671186,incumbent_base,7712915,108,393216,12,0,,,0,AI_VERIFIED
case_016,hit_alternative_in_main_search,3,,,1,108,60,0,1671186,incumbent_base,7712915,108,196608,12,0,,,0,AI_VERIFIED
case_016,final_has_cache_hit,4,,,2,220,122,425984,2916392,incumbent_disperse_tid_1000002265_node_2259_core_1_pos_0,7706472,220,425984,12,0,,,0,AI_VERIFIED
case_016,final_has_cache_hit,5,,,2,220,122,425984,2916392,incumbent_disperse_tid_1000002265_node_2259_core_1_pos_0,7706472,220,425984,12,0,,,0,AI_VERIFIED
case_022,final_has_cache_hit,1,,,2,333,179,29696,238116,incumbent_split_release_g1_p4,54591,333,29696,24,0,,,0,AI_VERIFIED
case_022,final_has_cache_hit,2,,,3,279,141,6912,213540,incumbent_base,28324,279,29696,3,0,,,0,AI_VERIFIED
case_022,final_has_cache_hit,3,,,4,282,144,13824,213540,incumbent_split_height_g0_p4,18965,282,13824,3,0,,,0,AI_VERIFIED
case_022,final_has_cache_hit,4,,,4,282,144,13824,213540,incumbent_split_height_g0_p4,14275,282,13824,3,0,,,0,AI_VERIFIED
case_022,final_has_cache_hit,5,,,3,285,147,20736,213540,incumbent_base,11824,285,27648,3,0,,,0,AI_VERIFIED
case_027,final_has_cache_hit,1,,,2,1043,548,217088,3469312,incumbent_base,2304836,1043,872448,33,0,,,0,AI_VERIFIED
case_027,final_has_cache_hit,2,,,3,1134,696,319488,3268608,incumbent_base,1120962,1134,872448,258,0,,,0,AI_VERIFIED
case_027,final_has_cache_hit,3,,,5,1742,1161,3043328,2914304,r2_boundary_n629_c1_p0,831365,1742,3043328,360,0,,,0,AI_VERIFIED
case_027,hit_alternative_in_main_search,4,,,3,1260,900,0,5160960,incumbent_base,559196,1260,3043328,180,0,,,0,AI_VERIFIED
case_027,final_has_cache_hit,5,,,4,2297,1437,899072,6465536,r2_capacity_g1_front,552561,2297,899072,360,0,,,0,AI_VERIFIED
case_084,single_core_no_repeated_copy_in_final,1,,,0,10716,5358,0,14766186,incumbent_base,1371156,10716,0,0,0,,,0,AI_VERIFIED
case_084,no_repeated_copy_in_final,2,,,0,8616,4308,0,9927786,incumbent_base,1255052,8616,0,0,0,,,0,AI_VERIFIED
case_084,no_repeated_copy_in_final,3,,,0,8616,4308,0,9927786,incumbent_base,836220,8616,0,0,0,,,0,AI_VERIFIED
case_084,no_repeated_copy_in_final,4,,,0,8616,4308,0,9927786,incumbent_base,629028,8616,0,0,0,,,0,AI_VERIFIED
case_084,no_repeated_copy_in_final,5,,,0,8616,4308,0,9927786,incumbent_base,503472,8616,0,0,0,,,0,AI_VERIFIED
case_094,final_has_cache_hit,1,,,2,238,121,16384,524576,incumbent_split_height_g0_p4,87488,238,16384,4,0,,,0,AI_VERIFIED
case_094,final_has_cache_hit,2,,,3,222,118,106272,471328,incumbent_split_topo_g0_p4,46927,222,106272,14,0,,,0,AI_VERIFIED
case_094,final_has_cache_hit,3,,,3,236,132,194112,489760,incumbent_split_height_g1_p4,31679,236,212544,14,0,,,0,AI_VERIFIED
case_094,final_has_cache_hit,4,,,2,249,145,304704,485152,incumbent_base,24640,249,304704,14,0,,,0,AI_VERIFIED
case_094,final_has_cache_hit,5,,,2,263,159,274272,621856,incumbent_base,20380,263,274272,14,0,,,0,AI_VERIFIED
case_013,single_core_no_repeated_copy_in_final,1,,,0,1976,988,0,2023424,incumbent_base,263949,1976,0,0,0,,,0,AI_VERIFIED
case_013,hit_found_in_rescue,2,incumbent_disperse_tid_1000000003_node_44_core_0_pos_0,incumbent_disperse_tid_1000000003_node_44_core_0_pos_0,0,1980,992,0,2031616,incumbent_base,132198,1980,0,4,6144,incumbent_disperse_tid_1000000003_node_44_core_0_pos_0,132431,1,AI_VERIFIED
case_013,hit_found_in_rescue,3,,incumbent_disperse_tid_1000000001_node_18_core_0_pos_0,0,1984,996,0,2039808,incumbent_base,88351,1984,0,4,12288,incumbent_disperse_tid_1000000001_node_18_core_0_pos_0,88837,3,AI_VERIFIED
case_013,hit_found_in_rescue,4,,incumbent_disperse_tid_1000000001_node_18_core_2_pos_0,0,1988,1000,0,2048000,incumbent_base,66982,1988,0,4,12288,incumbent_disperse_tid_1000000001_node_18_core_2_pos_0,67571,2,AI_VERIFIED
case_013,final_has_cache_hit,5,,,2,2000,1008,30720,2033664,r2_order_release_core_3,53418,2000,30720,4,0,,,0,AI_VERIFIED
case_026,final_has_cache_hit,1,,,2,304,159,114688,964022,incumbent_split_release_g3_p4,88492,304,139264,9,0,,,0,AI_VERIFIED
case_026,final_has_cache_hit,2,,,4,213,111,21936,488886,incumbent_split_topo_g0_p4,51429,213,114688,9,0,,,0,AI_VERIFIED
case_026,final_has_cache_hit,3,,,3,216,114,95664,488886,incumbent_base,41665,216,95664,12,0,,,0,AI_VERIFIED
case_026,final_has_cache_hit,4,,,2,216,114,95664,488886,incumbent_base,41665,216,95664,12,0,,,0,AI_VERIFIED
case_026,final_has_cache_hit,5,,,2,216,114,95664,488886,incumbent_base,41665,216,95664,12,0,,,0,AI_VERIFIED
case_034,final_has_cache_hit,1,,,2,1416,769,599040,2353776,incumbent_split_topo_g0_p4,841851,1416,1038336,120,0,,,0,AI_VERIFIED
case_034,final_has_cache_hit,2,,,3,1653,1047,1615872,2312240,incumbent_base,417777,1653,1615872,346,0,,,0,AI_VERIFIED
case_034,final_has_cache_hit,3,,,5,2031,1425,2798080,2312240,event_timing_tid_7797_miss_2_bytes_9216_front,276560,2031,2798080,395,0,,,0,AI_VERIFIED
case_034,final_has_cache_hit,4,,,5,2159,1492,2751488,2506800,event_timing_tid_7797_miss_2_bytes_9216_front,212170,2159,3169280,389,0,,,0,AI_VERIFIED
case_034,final_has_cache_hit,5,,,5,2334,1690,3462656,2443824,incumbent_disperse_tid_7812_node_7942_core_4_pos_0,168887,2334,3462656,384,0,,,0,AI_VERIFIED
case_038,final_has_cache_hit,1,,,2,3430,1983,2082816,5107210,incumbent_split_topo_g0_p4,1359544,3430,2082816,556,0,,,0,AI_VERIFIED
case_038,final_has_cache_hit,2,,,5,4317,2497,2436096,6435850,incumbent_split_topo_g1_p4,674381,4317,2672640,739,0,,,0,AI_VERIFIED
case_038,final_has_cache_hit,3,,,5,5138,3144,3892224,7000074,event_timing_tid_1000003446_miss_2_bytes_65536_front,452022,5138,3892224,739,0,,,0,AI_VERIFIED
case_038,final_has_cache_hit,4,,,5,5623,3431,4257280,7833098,event_timing_tid_1000003448_miss_4_bytes_131072_front,337813,5623,4257280,739,0,,,0,AI_VERIFIED
case_038,final_has_cache_hit,5,,,5,5647,3590,5265408,7205898,event_timing_tid_1000003446_miss_2_bytes_65536_front,272533,5647,5265408,739,0,,,0,AI_VERIFIED
case_046,hit_alternative_in_main_search,1,,,1,142,71,0,1077856,incumbent_base,226233,142,3120992,0,0,,,0,AI_VERIFIED
case_046,final_has_cache_hit,2,,,3,236,171,2207872,1059136,incumbent_split_height_g0_p4,125148,236,3120992,50,0,,,0,AI_VERIFIED
case_046,final_has_cache_hit,3,,,4,283,221,2134112,2042784,incumbent_split_height_g0_p4,106079,283,3120992,50,0,,,0,AI_VERIFIED
case_046,final_has_cache_hit,4,,,4,339,275,1673632,3495680,incumbent_split_height_g0_p2,98844,339,3120992,50,0,,,0,AI_VERIFIED
case_046,final_has_cache_hit,5,,,5,339,275,1673632,3495680,lower_core_base,98844,339,3120992,50,0,,,0,AI_VERIFIED
case_067,repeated_misses_no_hit_candidate,1,,,0,4720,2360,0,258366848,incumbent_base,63397576,4720,0,25,0,,,0,AI_VERIFIED
case_067,final_has_cache_hit,2,,,1,6106,3142,18886656,243618432,incumbent_split_height_g0_p4,32164982,6106,18886656,50,0,,,0,AI_VERIFIED
case_067,final_has_cache_hit,3,,,2,5500,3370,15804416,247836928,incumbent_split_height_g0_p4,22573181,5500,18886656,50,0,,,0,AI_VERIFIED
case_067,final_has_cache_hit,4,,,2,5116,3472,19190016,244823424,incumbent_split_height_g0_p4,17693167,5116,19190016,50,0,,,0,AI_VERIFIED
case_067,final_has_cache_hit,5,,,2,4921,3532,25423872,238706944,incumbent_split_height_g1_p4,15229262,4921,25423872,50,0,,,0,AI_VERIFIED
case_092,hit_alternative_in_main_search,1,,,1,1660,830,0,4441184,incumbent_split_height_g2_p4,4004200,1660,52970464,0,0,,,0,AI_VERIFIED
case_092,final_has_cache_hit,2,,,2,6264,5454,50993920,16176064,incumbent_base,2358868,6264,52970464,50,0,,,0,AI_VERIFIED
case_092,final_has_cache_hit,3,,,2,6216,5400,44215392,23375840,incumbent_base,1792534,6216,52970464,50,0,,,0,AI_VERIFIED
case_092,final_has_cache_hit,4,,,2,6061,5346,44066112,23946368,incumbent_base,1470508,6061,52970464,50,0,,,0,AI_VERIFIED
case_092,final_has_cache_hit,5,,,2,5727,5070,39473888,28505376,incumbent_base,1351088,5727,52970464,50,0,,,0,AI_VERIFIED
case_005,single_core_no_repeated_copy_in_final,1,,,0,178,89,0,318822,incumbent_aggregate,93171,178,0,0,0,,,0,AI_VERIFIED
case_005,final_has_cache_hit,2,,,1,379,194,23044,392758,r2_move_g6_c1_p0,93060,379,23044,9,0,,,0,AI_VERIFIED
case_005,final_has_cache_hit,3,,,3,1887,981,132008,982758,incumbent_split_release_g9_p4,86911,1887,132008,73,0,,,0,AI_VERIFIED
case_005,final_has_cache_hit,4,,,2,1887,981,132008,982758,incumbent_split_release_g4_p4,86911,1887,132008,73,0,,,0,AI_VERIFIED
case_005,final_has_cache_hit,5,,,2,1887,981,132008,982758,incumbent_split_release_g4_p4,86911,1887,132008,73,0,,,0,AI_VERIFIED
case_010,single_core_no_repeated_copy_in_final,1,,,0,204,102,0,496206,incumbent_split_release_g0_p4,79774,204,0,0,0,,,0,AI_VERIFIED
case_010,final_has_cache_hit,2,,,2,195,102,48384,384078,incumbent_split_release_g0_p4,41774,195,48384,9,0,,,0,AI_VERIFIED
case_010,final_has_cache_hit,3,,,3,205,107,44928,407118,r9_capacity_g1_back,30412,205,48384,9,0,,,0,AI_VERIFIED
case_010,final_has_cache_hit,4,,,4,204,111,65664,415182,incumbent_split_release_g3_p4,29845,204,65664,9,0,,,0,AI_VERIFIED
case_010,final_has_cache_hit,5,,,4,204,111,65664,415182,incumbent_split_release_g2_p4,29845,204,67072,9,0,,,0,AI_VERIFIED
case_017,final_has_cache_hit,1,,,3,543,277,22528,613966,incumbent_aggregate,149367,543,22528,11,0,,,0,AI_VERIFIED
case_017,final_has_cache_hit,2,,,4,522,265,8064,614606,incumbent_base,81772,522,95744,8,0,,,0,AI_VERIFIED
case_017,final_has_cache_hit,3,,,5,533,275,97792,614478,incumbent_disperse_tid_2964_node_2968_core_2_pos_0,55154,533,175104,9,0,,,0,AI_VERIFIED
case_017,final_has_cache_hit,4,,,5,536,279,251136,537422,event_timing_tid_2877_miss_2_bytes_4608_front,41209,536,251136,8,0,,,0,AI_VERIFIED
case_017,final_has_cache_hit,5,,,5,542,285,188928,684878,event_timing_tid_3_miss_3_bytes_73728_front,34231,542,322560,8,0,,,0,AI_VERIFIED
case_041,final_has_cache_hit,1,,,1,13941,7330,3643392,32203776,incumbent_base,6001575,13941,3643392,1045,0,,,0,AI_VERIFIED
case_041,final_has_cache_hit,2,,,2,13326,7303,6100992,29598720,incumbent_base,2981318,13326,6100992,1045,0,,,0,AI_VERIFIED
case_041,final_has_cache_hit,3,,,5,14504,8472,10368000,29432832,event_timing_tid_1000000409_miss_9_bytes_55296_front,1989953,14504,10564608,1045,0,,,0,AI_VERIFIED
case_041,final_has_cache_hit,4,,,3,14183,8093,9492480,29853696,incumbent_base,1494017,14183,10368000,1045,0,,,0,AI_VERIFIED
case_041,final_has_cache_hit,5,,,5,16179,9861,14902272,30720000,event_timing_tid_1000010481_miss_10_bytes_61440_front,1194643,16179,14902272,1045,0,,,0,AI_VERIFIED
case_043,final_has_cache_hit,1,,,3,1014,520,86788,1652652,incumbent_split_release_g3_p4,656100,1014,86788,26,0,,,0,AI_VERIFIED
case_043,final_has_cache_hit,2,,,3,898,512,417792,1431000,incumbent_base,347613,898,417792,126,0,,,0,AI_VERIFIED
case_043,final_has_cache_hit,3,,,5,808,422,141312,1431000,incumbent_split_release_g0_p4,265478,808,417792,36,0,,,0,AI_VERIFIED
case_043,final_has_cache_hit,4,,,3,932,521,348160,1513940,incumbent_base,295497,932,381952,137,0,,,0,AI_VERIFIED
case_043,final_has_cache_hit,5,,,3,932,521,348160,1513940,incumbent_base,295497,932,381952,137,0,,,0,AI_VERIFIED
case_096,single_core_no_repeated_copy_in_final,1,,,0,228,114,0,210260,incumbent_split_release_g2_p4,75108,228,0,0,0,,,0,AI_VERIFIED
case_096,final_has_cache_hit,2,,,3,236,122,67392,210260,incumbent_split_release_g0_p4,41802,236,67392,8,0,,,0,AI_VERIFIED
case_096,final_has_cache_hit,3,,,2,241,127,79488,210260,incumbent_base,30318,241,79488,8,0,,,0,AI_VERIFIED
case_096,final_has_cache_hit,4,,,2,241,127,24192,265556,incumbent_base,26984,241,55296,8,0,,,0,AI_VERIFIED
case_096,final_has_cache_hit,5,,,2,231,117,18432,247124,incumbent_split_release_g0_p4,38946,231,55296,3,0,,,0,AI_VERIFIED
case_099,final_has_cache_hit,1,,,1,3254,1874,2023424,5994752,incumbent_base,1618902,3254,2023424,444,0,,,0,AI_VERIFIED
case_099,final_has_cache_hit,2,,,3,3524,2270,4284416,5503232,incumbent_base,806053,3524,4284416,444,0,,,0,AI_VERIFIED
case_099,final_has_cache_hit,3,,,3,3798,2435,4575232,5968128,incumbent_disperse_tid_1000000580_node_800_core_1_pos_0,537694,3798,4575232,444,0,,,0,AI_VERIFIED
case_099,final_has_cache_hit,4,,,3,3945,2718,6320128,5470464,C1_base,403147,3945,6889472,444,0,,,0,AI_VERIFIED
case_099,final_has_cache_hit,5,,,3,4373,2968,6717440,6153472,r2_boundary_n199_c0_p0,327139,4373,6762496,445,0,,,0,AI_VERIFIED
case_030,final_has_cache_hit,1,,,2,3598,2127,2100224,5241856,incumbent_split_topo_g0_p2,2806776,3598,2100224,590,0,,,0,AI_VERIFIED
case_030,final_has_cache_hit,2,,,3,4438,2826,3849216,5421056,incumbent_base,1398912,4438,3849216,596,0,,,0,AI_VERIFIED
case_030,final_has_cache_hit,3,,,5,5163,3607,6359040,5280768,incumbent_disperse_tid_1000004491_node_4271_core_1_pos_0,932731,5163,6359040,596,0,,,0,AI_VERIFIED
case_030,final_has_cache_hit,4,,,4,4598,3188,5324800,4827136,incumbent_base,699694,4598,6359040,596,0,,,0,AI_VERIFIED
case_030,final_has_cache_hit,5,,,4,5756,4031,7201280,5947392,incumbent_disperse_tid_1000000001_node_44_core_4_pos_0,559025,5756,7201280,596,0,,,0,AI_VERIFIED
case_032,hit_alternative_in_main_search,1,,,1,302,151,0,279156,incumbent_aggregate,34141,302,10240,0,0,,,0,AI_VERIFIED
case_032,final_has_cache_hit,2,,,3,306,155,6216,279156,incumbent_split_height_g0_p4,20711,306,6216,4,0,,,0,AI_VERIFIED
case_032,final_has_cache_hit,3,,,4,310,159,12432,279156,incumbent_base,14175,310,16968,4,0,,,0,AI_VERIFIED
case_032,final_has_cache_hit,4,,,4,313,162,18576,279156,incumbent_base,11004,313,18576,4,0,,,0,AI_VERIFIED
case_032,final_has_cache_hit,5,,,3,310,159,12432,279156,incumbent_base,10479,310,18576,4,0,,,0,AI_VERIFIED
case_044,hit_alternative_in_main_search,1,,,1,122,61,0,952928,incumbent_base,88538,122,4408416,0,0,,,0,AI_VERIFIED
case_044,final_has_cache_hit,2,,,4,346,174,576,1016928,r9_capacity_g1_front,67862,346,4408416,2,0,,,0,AI_VERIFIED
case_044,final_has_cache_hit,3,,,4,346,174,576,1016928,lower_core_base,67862,346,4408416,2,0,,,0,AI_VERIFIED
case_044,final_has_cache_hit,4,,,4,346,174,576,1016928,lower_core_base,67862,346,4408416,2,0,,,0,AI_VERIFIED
case_044,hit_alternative_in_main_search,5,,,4,342,171,0,1024736,r10_boundary_n71_c2_p0,63439,342,4408416,0,0,,,0,AI_VERIFIED
case_058,repeated_misses_no_hit_candidate,1,,,0,16136,8068,0,35344384,incumbent_split_topo_g0_p4,4533133,16136,0,467,0,,,0,AI_VERIFIED
case_058,final_has_cache_hit,2,,,3,16753,8657,4317184,35737600,incumbent_base,2266610,16753,4390912,1056,0,,,0,AI_VERIFIED
case_058,final_has_cache_hit,3,,,2,13612,7367,6488064,30580736,incumbent_split_topo_g0_p4,1533246,13612,6488064,960,0,,,0,AI_VERIFIED
case_058,final_has_cache_hit,4,,,2,17799,9779,13246464,35999744,incumbent_base,1142629,17799,13246464,1056,0,,,0,AI_VERIFIED
case_058,hit_found_in_rescue,5,,,0,11056,6650,0,38727680,incumbent_base,1004819,11056,0,886,241664,incumbent_disperse_tid_1000002101_node_16684_core_1_pos_1,1041343,8,AI_VERIFIED
case_060,final_has_cache_hit,1,,,3,2524,1434,970754,3048158,incumbent_split_topo_g1_p4,883441,2524,1763336,510,0,,,0,AI_VERIFIED
case_060,final_has_cache_hit,2,,,4,2512,1640,2093056,2587342,incumbent_split_topo_g0_p4,437319,2512,2093056,547,0,,,0,AI_VERIFIED
case_060,final_has_cache_hit,3,,,4,2948,2013,2546816,2774696,incumbent_disperse_tid_1000002029_node_2884_core_0_pos_0,297002,2948,2556032,537,0,,,0,AI_VERIFIED
case_060,final_has_cache_hit,4,,,4,3162,2142,2753664,3002028,incumbent_split_topo_g0_p4,221694,3162,2904192,533,0,,,0,AI_VERIFIED
case_060,final_has_cache_hit,5,,,3,3202,2249,3179904,2867752,incumbent_base,175626,3202,3179904,526,0,,,0,AI_VERIFIED
case_069,single_core_no_repeated_copy_in_final,1,,,0,72,36,0,113766,incumbent_split_height_g0_p4,22655,72,0,0,0,,,0,AI_VERIFIED
case_069,no_repeated_copy_in_final,2,,,0,72,36,0,113766,incumbent_split_release_g0_p4,24048,72,0,0,0,,,0,AI_VERIFIED
case_069,final_has_cache_hit,3,,,2,579,304,36200,401958,r3_boundary_n1028_c0_p6,22922,579,36200,28,0,,,0,AI_VERIFIED
case_069,final_has_cache_hit,4,,,1,717,376,44742,368102,incumbent_base,24134,717,44742,34,0,,,0,AI_VERIFIED
case_069,final_has_cache_hit,5,,,2,257,154,78348,197142,event_timing_tid_1000000148_miss_2_bytes_2304_core_4,13239,57,85644,43,0,,,0,AI_VERIFIED
case_077,single_core_no_repeated_copy_in_final,1,,,0,672,336,0,2141260,incumbent_split_topo_g0_p4,494044,672,0,0,0,,,0,AI_VERIFIED
case_077,final_has_cache_hit,2,,,1,679,343,57344,2141260,incumbent_base,248734,679,57344,7,0,,,0,AI_VERIFIED
case_077,final_has_cache_hit,3,,,3,693,350,57344,2198604,incumbent_split_topo_g2_p4,168126,693,57344,7,0,,,0,AI_VERIFIED
case_077,final_has_cache_hit,4,,,3,688,351,114688,2149452,incumbent_disperse_tid_1000004420_node_4253_core_1_pos_0,126652,688,114688,7,0,,,0,AI_VERIFIED
case_077,final_has_cache_hit,5,,,2,693,357,172032,2141260,incumbent_base,115617,693,172032,7,0,,,0,AI_VERIFIED
case_033,final_has_cache_hit,1,,,1,2560,1340,720384,6762032,incumbent_base,1774080,2560,720384,370,0,,,0,AI_VERIFIED
case_033,final_has_cache_hit,2,,,4,2870,1749,3358752,6195248,event_timing_tid_1108_miss_4_bytes_24576_front,887951,2870,3358752,385,0,,,0,AI_VERIFIED
case_033,final_has_cache_hit,3,,,5,2917,1825,3780672,6100016,event_timing_tid_1201_miss_4_bytes_24576_front,590152,2917,4017216,385,0,,,0,AI_VERIFIED
case_033,final_has_cache_hit,4,,,5,2867,1856,4216416,5886512,incumbent_disperse_tid_1603_node_5085_core_2_pos_0,441850,2867,4311648,385,0,,,0,AI_VERIFIED
case_033,final_has_cache_hit,5,,,5,3189,1951,3348096,7358000,event_timing_tid_1057_miss_4_bytes_24576_front,354514,3189,4216416,385,0,,,0,AI_VERIFIED
case_053,final_has_cache_hit,1,,,3,1158,680,2613792,4087622,r1_merge_g2_3,1421619,1158,5155968,52,0,,,0,AI_VERIFIED
case_053,final_has_cache_hit,2,,,4,1298,756,3190336,4820758,incumbent_split_height_g1_p4,759346,1298,5155968,60,0,,,0,AI_VERIFIED
case_053,final_has_cache_hit,3,,,5,997,567,3570304,4578486,incumbent_split_height_g2_p4,491765,997,5155968,60,0,,,0,AI_VERIFIED
case_053,final_has_cache_hit,4,,,4,997,567,3570304,4578486,lower_core_base,491765,997,5155968,60,0,,,0,AI_VERIFIED
case_053,final_has_cache_hit,5,,,4,997,567,3570304,4578486,lower_core_base,491765,997,5155968,60,0,,,0,AI_VERIFIED
case_054,final_has_cache_hit,1,,,1,1107,554,2,1713002,incumbent_split_height_g2_p4,792519,1107,2,1,0,,,0,AI_VERIFIED
case_054,hit_alternative_in_main_search,2,,,1,714,357,0,1655366,incumbent_split_topo_g0_p4,513641,714,2,6,0,,,0,AI_VERIFIED
case_054,hit_found_in_rescue,3,,,0,844,422,0,1706636,incumbent_split_release_g0_p4,513130,844,0,10,49222,event_timing_tid_1000015760_miss_2_bytes_16384_core_2,559011,4,AI_VERIFIED
case_054,hit_found_in_rescue,4,,incumbent_disperse_tid_1000006898_node_6814_core_3_pos_0,0,844,422,0,1706636,incumbent_split_release_g0_p4,513130,844,0,10,1024,incumbent_disperse_tid_1000006898_node_6814_core_3_pos_0,516384,3,AI_VERIFIED
case_054,hit_found_in_rescue,5,,,0,714,357,0,1655366,incumbent_split_topo_g0_p4,513641,714,0,6,70,event_timing_tid_1000015760_miss_2_bytes_16384_core_0,813533,1,AI_VERIFIED
case_057,final_has_cache_hit,1,,,3,351,181,45056,451306,incumbent_split_topo_g1_p4,59096,351,94208,11,0,,,0,AI_VERIFIED
case_057,final_has_cache_hit,2,,,4,260,133,22304,336588,incumbent_split_height_g1_p4,29658,260,94208,6,0,,,0,AI_VERIFIED
case_057,final_has_cache_hit,3,,,3,258,131,288,350412,incumbent_base,20705,258,94208,4,0,,,0,AI_VERIFIED
case_057,final_has_cache_hit,4,,,3,262,135,28224,336588,incumbent_base,16485,262,94208,4,0,,,0,AI_VERIFIED
case_057,final_has_cache_hit,5,,,3,258,131,13824,336876,incumbent_base,14028,258,94208,4,0,,,0,AI_VERIFIED
case_059,final_has_cache_hit,1,,,1,1117,765,1691648,1081344,incumbent_base,815938,1117,1691648,73,0,,,0,AI_VERIFIED
case_059,hit_alternative_in_main_search,2,,,1,880,528,0,1441792,incumbent_base,369318,880,1691648,176,0,,,0,AI_VERIFIED
case_059,final_has_cache_hit,3,,,3,1634,1280,2961408,1159168,r2_boundary_n353_c2_p0,257883,1634,2961408,352,0,,,0,AI_VERIFIED
case_059,hit_alternative_in_main_search,4,,,1,1232,880,0,2162688,incumbent_base,185216,1232,1691648,176,0,,,0,AI_VERIFIED
case_059,final_has_cache_hit,5,,,2,2112,1760,3989504,1417216,incumbent_base,150736,2112,3989504,352,0,,,0,AI_VERIFIED
case_089,single_core_no_repeated_copy_in_final,1,,,0,188,94,0,402560,incumbent_base,689572,188,0,0,0,,,0,AI_VERIFIED
case_089,final_has_cache_hit,2,,,1,242,148,224968,416312,incumbent_split_release_g1_p4,346763,242,224968,54,0,,,0,AI_VERIFIED
case_089,final_has_cache_hit,3,,,1,296,202,224968,655032,incumbent_split_release_g0_p4,242586,296,224968,54,0,,,0,AI_VERIFIED
case_089,final_has_cache_hit,4,,,1,350,256,231880,886840,incumbent_split_release_g0_p4,175147,350,231880,54,0,,,0,AI_VERIFIED
case_089,final_has_cache_hit,5,,,1,404,310,220360,1137080,incumbent_split_release_g3_p4,144388,404,220360,54,0,,,0,AI_VERIFIED
case_001,single_core_no_repeated_copy_in_final,1,,,0,402,201,0,820352,incumbent_base,233110,402,0,0,0,,,0,AI_VERIFIED
case_001,hit_found_in_rescue,2,,,0,403,202,0,821504,incumbent_base,116868,403,0,1,5248,incumbent_disperse_tid_1000000888_node_713_core_0_pos_0,233967,1,AI_VERIFIED
case_001,hit_found_in_rescue,3,,,0,404,203,0,822656,incumbent_base,78545,404,0,1,5248,incumbent_disperse_tid_1000000923_node_741_core_2_pos_0,156068,1,AI_VERIFIED
case_001,hit_found_in_rescue,4,,,0,405,204,0,823808,incumbent_base,58984,405,0,1,5248,incumbent_disperse_tid_1000000958_node_769_core_0_pos_0,117745,1,AI_VERIFIED
case_001,hit_found_in_rescue,5,,,0,406,205,0,824960,incumbent_base,47502,406,0,1,5248,incumbent_disperse_tid_1000000958_node_769_core_0_pos_0,94554,1,AI_VERIFIED
case_003,single_core_no_repeated_copy_in_final,1,,,0,396,198,0,1284230,incumbent_split_release_g2_p4,591743,396,0,0,0,,,0,AI_VERIFIED
case_003,final_has_cache_hit,2,,,2,421,214,98438,1302662,r1_split_g0_h0_c1_p0,531381,421,98438,7,0,,,0,AI_VERIFIED
case_003,final_has_cache_hit,3,,,3,5044,2573,347016,2879592,incumbent_disperse_group_tid_1000004544_group_11_core_2_pos_4,522594,5044,388104,94,0,,,0,AI_VERIFIED
case_003,final_has_cache_hit,4,,,3,5044,2573,347016,2879592,incumbent_disperse_group_tid_1000004544_group_11_core_2_pos_4,522594,5044,391816,94,0,,,0,AI_VERIFIED
case_003,final_has_cache_hit,5,,,2,7181,3721,773512,3456048,incumbent_base,469516,7181,773512,210,0,,,0,AI_VERIFIED
case_012,single_core_no_repeated_copy_in_final,1,,,0,506,253,0,488192,incumbent_aggregate,42239,506,0,0,0,,,0,AI_VERIFIED
case_012,final_has_cache_hit,2,,,3,515,264,29376,484096,incumbent_split_height_g1_p4,29156,515,29376,13,0,,,0,AI_VERIFIED
case_012,final_has_cache_hit,3,,,4,526,274,39168,485248,incumbent_disperse_tid_1868_node_1920_core_1_pos_0,20561,526,39168,13,0,,,0,AI_VERIFIED
case_012,final_has_cache_hit,4,,,4,533,282,49536,484096,incumbent_split_release_g1_p2,15705,533,49536,13,0,,,0,AI_VERIFIED
case_012,final_has_cache_hit,5,,,4,537,286,41280,496384,event_timing_tid_1766_miss_2_bytes_12288_front,13406,537,49536,13,0,,,0,AI_VERIFIED
case_036,single_core_no_repeated_copy_in_final,1,,,0,1602,801,0,3277952,incumbent_base,931510,1602,0,0,0,,,0,AI_VERIFIED
case_036,hit_found_in_rescue,2,incumbent_disperse_tid_1000003888_node_3113_core_0_pos_1,incumbent_disperse_tid_1000003888_node_3113_core_0_pos_1,0,1603,802,0,3279104,incumbent_base,466068,1603,0,1,4096,incumbent_disperse_tid_1000003888_node_3113_core_0_pos_1,466637,1,AI_VERIFIED
case_036,repeated_misses_no_hit_candidate,3,,,0,1604,803,0,3280256,incumbent_base,311345,1604,0,1,0,,,0,AI_VERIFIED
case_036,hit_found_in_rescue,4,incumbent_disperse_tid_1000003958_node_3169_core_0_pos_1,incumbent_disperse_tid_1000003958_node_3169_core_0_pos_1,0,1605,804,0,3281408,incumbent_base,233584,1605,0,1,4096,incumbent_disperse_tid_1000003958_node_3169_core_0_pos_1,234015,1,AI_VERIFIED
case_036,hit_found_in_rescue,5,incumbent_disperse_tid_1000003958_node_3169_core_0_pos_1,incumbent_disperse_tid_1000003958_node_3169_core_0_pos_1,0,1606,805,0,3282560,incumbent_base,187182,1606,0,1,4096,incumbent_disperse_tid_1000003958_node_3169_core_0_pos_1,187544,1,AI_VERIFIED
case_039,final_has_cache_hit,1,,,1,5269,2637,40960,12337152,incumbent_split_topo_g0_p4,1426335,5269,40960,271,0,,,0,AI_VERIFIED
case_039,final_has_cache_hit,2,,,3,4821,2997,6033408,9355264,incumbent_split_topo_g1_p4,703954,4821,6033408,646,0,,,0,AI_VERIFIED
case_039,final_has_cache_hit,3,,,3,5465,3383,7286784,11239424,r2_boundary_n651_c2_p0,482066,5465,7286784,646,0,,,0,AI_VERIFIED
case_039,final_has_cache_hit,4,,,3,5874,3804,10428416,11378688,incumbent_base,368055,5874,10493952,646,0,,,0,AI_VERIFIED
case_039,final_has_cache_hit,5,,,3,6495,4126,9154560,15527936,C1_base,340476,6495,10428416,646,0,,,0,AI_VERIFIED
case_047,single_core_no_repeated_copy_in_final,1,,,0,542,271,0,457286,incumbent_split_release_g2_p4,322738,542,0,0,0,,,0,AI_VERIFIED
case_047,final_has_cache_hit,2,,,1,3337,1689,51714,1004488,incumbent_base,321355,3337,51714,41,0,,,0,AI_VERIFIED
case_047,no_repeated_copy_in_final,3,,,0,542,271,0,457286,incumbent_split_height_g0_p4,324264,542,0,0,0,,,0,AI_VERIFIED
case_047,final_has_cache_hit,4,,,1,5974,3111,165444,1448174,incumbent_base,314754,5974,165444,240,0,,,0,AI_VERIFIED
case_047,final_has_cache_hit,5,,,2,774,395,280,527846,incumbent_split_height_g1_p4,315056,774,280,4,0,,,0,AI_VERIFIED
case_074,final_has_cache_hit,1,,,1,2642,1428,1642496,8204316,incumbent_base,1678120,2642,1642496,379,0,,,0,AI_VERIFIED
case_074,final_has_cache_hit,2,,,3,2917,1682,2605056,8249368,r2_boundary_n4295_c1_p0,818681,2917,2605056,375,0,,,0,AI_VERIFIED
case_074,final_has_cache_hit,3,,,3,2964,1780,3670016,7720984,incumbent_disperse_tid_2926_node_4699_core_2_pos_0,554482,2964,3690496,375,0,,,0,AI_VERIFIED
case_074,final_has_cache_hit,4,,,3,3023,1873,3747840,7880728,incumbent_base,415633,3023,4055040,370,0,,,0,AI_VERIFIED
case_074,final_has_cache_hit,5,,,3,3095,1882,3665920,8093720,incumbent_base,335626,3095,3665920,370,0,,,0,AI_VERIFIED
