case,fixed_added_copy_bytes,fixed_cache_hit_rate,fixed_makespan,fixed_to_reoptimized_ratio,gpu_backend,reoptimized_added_copy_bytes,reoptimized_cache_hit_rate,reoptimized_candidate,reoptimized_failed_alternatives,reoptimized_makespan,variant
case_012,53568.0,0.07677657421735508,13406.0,1.0,mps,53568.0,0.07677657421735508,base_base,0,13406.0,cache_bandwidth_double
case_012,53568.0,0.07677657421735508,13406.0,1.0,mps,53568.0,0.07677657421735508,base_base,0,13406.0,cache_bandwidth_half
case_012,53568.0,0.07677657421735508,13406.0,1.0,mps,53568.0,0.07677657421735508,base_base,0,13406.0,cache_capacity_double
case_012,53568.0,0.07677657421735508,13406.0,1.0,mps,53568.0,0.07677657421735508,base_base,0,13406.0,cache_capacity_half
case_016,3735752.0,0.33332239549220943,7740714.0,1.0,mps,3735752.0,0.33332239549220943,base_base,1,7740714.0,cache_bandwidth_double
case_016,3735752.0,0.33332239549220943,7740666.0,1.0,mps,3735752.0,0.33332239549220943,base_base,1,7740666.0,cache_bandwidth_half
case_016,3735752.0,0.33332239549220943,7740666.0,1.0,mps,3735752.0,0.33332239549220943,base_base,1,7740666.0,cache_capacity_double
case_016,3735752.0,0.2580560481230008,7740666.0,1.0,mps,3735752.0,0.2580560481230008,base_base,1,7740666.0,cache_capacity_half
case_051,3670204.0,0.423899825856207,627568.0,1.0,mps,3670204.0,0.423899825856207,base_base,1,627568.0,cache_bandwidth_double
case_051,3670204.0,0.423899825856207,627371.0,1.0,mps,3670204.0,0.423899825856207,base_base,1,627371.0,cache_bandwidth_half
case_051,3670204.0,0.423899825856207,627502.0,1.0,mps,3670204.0,0.423899825856207,base_base,1,627502.0,cache_capacity_double
case_051,3670204.0,0.2934691102081433,627502.0,1.0,mps,3670204.0,0.2934691102081433,base_base,1,627502.0,cache_capacity_half
case_062,80862720.0,0.043855302279484636,1691572.0,1.0,mps,80862720.0,0.043855302279484636,base_base,1,1691572.0,cache_bandwidth_double
case_062,80862720.0,0.043855302279484636,1691090.0,1.0,mps,80862720.0,0.043855302279484636,base_base,1,1691090.0,cache_bandwidth_half
case_062,80862720.0,0.049666636633930984,1685616.0,1.0,mps,80862720.0,0.049666636633930984,base_base,1,1685616.0,cache_capacity_double
case_062,80862720.0,0.014325614920263087,1718264.0,1.0,mps,80862720.0,0.014325614920263087,base_base,1,1718264.0,cache_capacity_half
case_067,262750080.0,0.0,15931687.0,1.0,mps,262750080.0,0.0,base_base,0,15931687.0,cache_bandwidth_double
case_067,262750080.0,0.0,15931687.0,1.0,mps,262750080.0,0.0,base_base,0,15931687.0,cache_bandwidth_half
case_067,262750080.0,0.0,15931687.0,1.0,mps,262750080.0,0.0,base_base,0,15931687.0,cache_capacity_double
case_067,262750080.0,0.0,15931687.0,1.0,mps,262750080.0,0.0,base_base,0,15931687.0,cache_capacity_half
case_081,0.0,0.0,30943.0,1.0,mps,0.0,0.0,base_base,0,30943.0,cache_bandwidth_double
case_081,0.0,0.0,30943.0,1.0,mps,0.0,0.0,base_base,0,30943.0,cache_bandwidth_half
case_081,0.0,0.0,30943.0,1.0,mps,0.0,0.0,base_base,0,30943.0,cache_capacity_double
case_081,0.0,0.0,30943.0,1.0,mps,0.0,0.0,base_base,0,30943.0,cache_capacity_half
