candidate,case,error,error_type,variant
base_reorder,case_016,"global execution (core, op): dependency cycle; (0, 19) -[local data/memory dependency]-> (0, 20); (0, 20) -[local data/memory dependency]-> (0, 23); (0, 23) -[local data/memory dependency]-> (0, 24); (0, 24) -[local data/memory dependency]-> (0, 27); (0, 27) -[local data/memory dependency]-> (0, 28); (0, 28) -[local data/memory dependency]-> (0, 31); (0, 31) -[local data/memory dependency]-> (0, 32); (0, 32) -[local data/memory dependency]-> (0, 35); (0, 35) -[local data/memory dependency]-> (0, 36); (0, 36) -[local data/memory dependency]-> (0, 39); (0, 39) -[local data/memory dependency]-> (0, 40); (0, 40) -[local data/memory dependency]-> (0, 43); (0, 43) -[local data/memory dependency]-> (0, 44); (0, 44) -[local data/memory dependency]-> (0, 47); (0, 47) -[local data/memory dependency]-> (0, 48); (0, 48) -[local data/memory dependency]-> (0, 51); ... (2659 edges total)",EvaluationValidationError,cache_bandwidth_double
base_reorder,case_016,"global execution (core, op): dependency cycle; (0, 19) -[local data/memory dependency]-> (0, 20); (0, 20) -[local data/memory dependency]-> (0, 23); (0, 23) -[local data/memory dependency]-> (0, 24); (0, 24) -[local data/memory dependency]-> (0, 27); (0, 27) -[local data/memory dependency]-> (0, 28); (0, 28) -[local data/memory dependency]-> (0, 31); (0, 31) -[local data/memory dependency]-> (0, 32); (0, 32) -[local data/memory dependency]-> (0, 35); (0, 35) -[local data/memory dependency]-> (0, 36); (0, 36) -[local data/memory dependency]-> (0, 39); (0, 39) -[local data/memory dependency]-> (0, 40); (0, 40) -[local data/memory dependency]-> (0, 43); (0, 43) -[local data/memory dependency]-> (0, 44); (0, 44) -[local data/memory dependency]-> (0, 47); (0, 47) -[local data/memory dependency]-> (0, 48); (0, 48) -[local data/memory dependency]-> (0, 51); ... (2659 edges total)",EvaluationValidationError,cache_bandwidth_half
base_reorder,case_016,"global execution (core, op): dependency cycle; (0, 19) -[local data/memory dependency]-> (0, 20); (0, 20) -[local data/memory dependency]-> (0, 23); (0, 23) -[local data/memory dependency]-> (0, 24); (0, 24) -[local data/memory dependency]-> (0, 27); (0, 27) -[local data/memory dependency]-> (0, 28); (0, 28) -[local data/memory dependency]-> (0, 31); (0, 31) -[local data/memory dependency]-> (0, 32); (0, 32) -[local data/memory dependency]-> (0, 35); (0, 35) -[local data/memory dependency]-> (0, 36); (0, 36) -[local data/memory dependency]-> (0, 39); (0, 39) -[local data/memory dependency]-> (0, 40); (0, 40) -[local data/memory dependency]-> (0, 43); (0, 43) -[local data/memory dependency]-> (0, 44); (0, 44) -[local data/memory dependency]-> (0, 47); (0, 47) -[local data/memory dependency]-> (0, 48); (0, 48) -[local data/memory dependency]-> (0, 51); ... (2659 edges total)",EvaluationValidationError,cache_capacity_double
base_reorder,case_016,"global execution (core, op): dependency cycle; (0, 19) -[local data/memory dependency]-> (0, 20); (0, 20) -[local data/memory dependency]-> (0, 23); (0, 23) -[local data/memory dependency]-> (0, 24); (0, 24) -[local data/memory dependency]-> (0, 27); (0, 27) -[local data/memory dependency]-> (0, 28); (0, 28) -[local data/memory dependency]-> (0, 31); (0, 31) -[local data/memory dependency]-> (0, 32); (0, 32) -[local data/memory dependency]-> (0, 35); (0, 35) -[local data/memory dependency]-> (0, 36); (0, 36) -[local data/memory dependency]-> (0, 39); (0, 39) -[local data/memory dependency]-> (0, 40); (0, 40) -[local data/memory dependency]-> (0, 43); (0, 43) -[local data/memory dependency]-> (0, 44); (0, 44) -[local data/memory dependency]-> (0, 47); (0, 47) -[local data/memory dependency]-> (0, 48); (0, 48) -[local data/memory dependency]-> (0, 51); ... (2659 edges total)",EvaluationValidationError,cache_capacity_half
base_move,case_051,"global execution (core, op): dependency cycle; (0, 1002) -[local data/memory dependency]-> (0, 999); (0, 999) -[local data/memory dependency]-> (0, 1000); (0, 1000) -[local data/memory dependency]-> (0, 1010); (0, 1010) -[local data/memory dependency]-> (0, 1013); (0, 1013) -[local data/memory dependency]-> (0, 1015); (0, 1015) -[local data/memory dependency]-> (0, 1016); (0, 1016) -[local data/memory dependency]-> (0, 1017); (0, 1017) -[local data/memory dependency]-> (0, 1018); (0, 1018) -[local data/memory dependency]-> (0, 1019); (0, 1019) -[local data/memory dependency]-> (0, 1022); (0, 1022) -[local data/memory dependency]-> (0, 1023); (0, 1023) -[local data/memory dependency]-> (0, 1026); (0, 1026) -[local data/memory dependency]-> (0, 1027); (0, 1027) -[local data/memory dependency]-> (0, 1030); (0, 1030) -[local data/memory dependency]-> (0, 1031); (0, 1031) -[local data/memory dependency]-> (0, 1034); ... (220 edges total)",EvaluationValidationError,cache_bandwidth_double
base_move,case_051,"global execution (core, op): dependency cycle; (0, 1002) -[local data/memory dependency]-> (0, 999); (0, 999) -[local data/memory dependency]-> (0, 1000); (0, 1000) -[local data/memory dependency]-> (0, 1010); (0, 1010) -[local data/memory dependency]-> (0, 1013); (0, 1013) -[local data/memory dependency]-> (0, 1015); (0, 1015) -[local data/memory dependency]-> (0, 1016); (0, 1016) -[local data/memory dependency]-> (0, 1017); (0, 1017) -[local data/memory dependency]-> (0, 1018); (0, 1018) -[local data/memory dependency]-> (0, 1019); (0, 1019) -[local data/memory dependency]-> (0, 1022); (0, 1022) -[local data/memory dependency]-> (0, 1023); (0, 1023) -[local data/memory dependency]-> (0, 1026); (0, 1026) -[local data/memory dependency]-> (0, 1027); (0, 1027) -[local data/memory dependency]-> (0, 1030); (0, 1030) -[local data/memory dependency]-> (0, 1031); (0, 1031) -[local data/memory dependency]-> (0, 1034); ... (220 edges total)",EvaluationValidationError,cache_bandwidth_half
base_move,case_051,"global execution (core, op): dependency cycle; (0, 1002) -[local data/memory dependency]-> (0, 999); (0, 999) -[local data/memory dependency]-> (0, 1000); (0, 1000) -[local data/memory dependency]-> (0, 1010); (0, 1010) -[local data/memory dependency]-> (0, 1013); (0, 1013) -[local data/memory dependency]-> (0, 1015); (0, 1015) -[local data/memory dependency]-> (0, 1016); (0, 1016) -[local data/memory dependency]-> (0, 1017); (0, 1017) -[local data/memory dependency]-> (0, 1018); (0, 1018) -[local data/memory dependency]-> (0, 1019); (0, 1019) -[local data/memory dependency]-> (0, 1022); (0, 1022) -[local data/memory dependency]-> (0, 1023); (0, 1023) -[local data/memory dependency]-> (0, 1026); (0, 1026) -[local data/memory dependency]-> (0, 1027); (0, 1027) -[local data/memory dependency]-> (0, 1030); (0, 1030) -[local data/memory dependency]-> (0, 1031); (0, 1031) -[local data/memory dependency]-> (0, 1034); ... (220 edges total)",EvaluationValidationError,cache_capacity_double
base_move,case_051,"global execution (core, op): dependency cycle; (0, 1002) -[local data/memory dependency]-> (0, 999); (0, 999) -[local data/memory dependency]-> (0, 1000); (0, 1000) -[local data/memory dependency]-> (0, 1010); (0, 1010) -[local data/memory dependency]-> (0, 1013); (0, 1013) -[local data/memory dependency]-> (0, 1015); (0, 1015) -[local data/memory dependency]-> (0, 1016); (0, 1016) -[local data/memory dependency]-> (0, 1017); (0, 1017) -[local data/memory dependency]-> (0, 1018); (0, 1018) -[local data/memory dependency]-> (0, 1019); (0, 1019) -[local data/memory dependency]-> (0, 1022); (0, 1022) -[local data/memory dependency]-> (0, 1023); (0, 1023) -[local data/memory dependency]-> (0, 1026); (0, 1026) -[local data/memory dependency]-> (0, 1027); (0, 1027) -[local data/memory dependency]-> (0, 1030); (0, 1030) -[local data/memory dependency]-> (0, 1031); (0, 1031) -[local data/memory dependency]-> (0, 1034); ... (220 edges total)",EvaluationValidationError,cache_capacity_half
base_reorder,case_062,"global execution (core, op): dependency cycle; (0, 1000054650) -[PIPE_MTE3 FIFO]-> (0, 1000054681); (0, 1000054681) -[PIPE_MTE3 FIFO]-> (0, 1000054712); (0, 1000054712) -[PIPE_MTE3 FIFO]-> (0, 1000054743); (0, 1000054743) -[PIPE_MTE3 FIFO]-> (0, 1000054774); (0, 1000054774) -[PIPE_MTE3 FIFO]-> (0, 1000054805); (0, 1000054805) -[PIPE_MTE3 FIFO]-> (0, 1000054836); (0, 1000054836) -[PIPE_MTE3 FIFO]-> (0, 1000054867); (0, 1000054867) -[PIPE_MTE3 FIFO]-> (0, 1000054898); (0, 1000054898) -[PIPE_MTE3 FIFO]-> (0, 1000054929); (0, 1000054929) -[PIPE_MTE3 FIFO]-> (0, 1000054960); (0, 1000054960) -[PIPE_MTE3 FIFO]-> (0, 1000054991); (0, 1000054991) -[PIPE_MTE3 FIFO]-> (0, 1000055022); (0, 1000055022) -[PIPE_MTE3 FIFO]-> (0, 1000055053); (0, 1000055053) -[PIPE_MTE3 FIFO]-> (0, 1000055084); (0, 1000055084) -[PIPE_MTE3 FIFO]-> (0, 1000055115); (0, 1000055115) -[PIPE_MTE3 FIFO]-> (0, 1000055146); ... (370 edges total)",EvaluationValidationError,cache_bandwidth_double
base_reorder,case_062,"global execution (core, op): dependency cycle; (0, 1000054650) -[PIPE_MTE3 FIFO]-> (0, 1000054681); (0, 1000054681) -[PIPE_MTE3 FIFO]-> (0, 1000054712); (0, 1000054712) -[PIPE_MTE3 FIFO]-> (0, 1000054743); (0, 1000054743) -[PIPE_MTE3 FIFO]-> (0, 1000054774); (0, 1000054774) -[PIPE_MTE3 FIFO]-> (0, 1000054805); (0, 1000054805) -[PIPE_MTE3 FIFO]-> (0, 1000054836); (0, 1000054836) -[PIPE_MTE3 FIFO]-> (0, 1000054867); (0, 1000054867) -[PIPE_MTE3 FIFO]-> (0, 1000054898); (0, 1000054898) -[PIPE_MTE3 FIFO]-> (0, 1000054929); (0, 1000054929) -[PIPE_MTE3 FIFO]-> (0, 1000054960); (0, 1000054960) -[PIPE_MTE3 FIFO]-> (0, 1000054991); (0, 1000054991) -[PIPE_MTE3 FIFO]-> (0, 1000055022); (0, 1000055022) -[PIPE_MTE3 FIFO]-> (0, 1000055053); (0, 1000055053) -[PIPE_MTE3 FIFO]-> (0, 1000055084); (0, 1000055084) -[PIPE_MTE3 FIFO]-> (0, 1000055115); (0, 1000055115) -[PIPE_MTE3 FIFO]-> (0, 1000055146); ... (370 edges total)",EvaluationValidationError,cache_bandwidth_half
base_reorder,case_062,"global execution (core, op): dependency cycle; (0, 1000054650) -[PIPE_MTE3 FIFO]-> (0, 1000054681); (0, 1000054681) -[PIPE_MTE3 FIFO]-> (0, 1000054712); (0, 1000054712) -[PIPE_MTE3 FIFO]-> (0, 1000054743); (0, 1000054743) -[PIPE_MTE3 FIFO]-> (0, 1000054774); (0, 1000054774) -[PIPE_MTE3 FIFO]-> (0, 1000054805); (0, 1000054805) -[PIPE_MTE3 FIFO]-> (0, 1000054836); (0, 1000054836) -[PIPE_MTE3 FIFO]-> (0, 1000054867); (0, 1000054867) -[PIPE_MTE3 FIFO]-> (0, 1000054898); (0, 1000054898) -[PIPE_MTE3 FIFO]-> (0, 1000054929); (0, 1000054929) -[PIPE_MTE3 FIFO]-> (0, 1000054960); (0, 1000054960) -[PIPE_MTE3 FIFO]-> (0, 1000054991); (0, 1000054991) -[PIPE_MTE3 FIFO]-> (0, 1000055022); (0, 1000055022) -[PIPE_MTE3 FIFO]-> (0, 1000055053); (0, 1000055053) -[PIPE_MTE3 FIFO]-> (0, 1000055084); (0, 1000055084) -[PIPE_MTE3 FIFO]-> (0, 1000055115); (0, 1000055115) -[PIPE_MTE3 FIFO]-> (0, 1000055146); ... (370 edges total)",EvaluationValidationError,cache_capacity_double
base_reorder,case_062,"global execution (core, op): dependency cycle; (0, 1000054650) -[PIPE_MTE3 FIFO]-> (0, 1000054681); (0, 1000054681) -[PIPE_MTE3 FIFO]-> (0, 1000054712); (0, 1000054712) -[PIPE_MTE3 FIFO]-> (0, 1000054743); (0, 1000054743) -[PIPE_MTE3 FIFO]-> (0, 1000054774); (0, 1000054774) -[PIPE_MTE3 FIFO]-> (0, 1000054805); (0, 1000054805) -[PIPE_MTE3 FIFO]-> (0, 1000054836); (0, 1000054836) -[PIPE_MTE3 FIFO]-> (0, 1000054867); (0, 1000054867) -[PIPE_MTE3 FIFO]-> (0, 1000054898); (0, 1000054898) -[PIPE_MTE3 FIFO]-> (0, 1000054929); (0, 1000054929) -[PIPE_MTE3 FIFO]-> (0, 1000054960); (0, 1000054960) -[PIPE_MTE3 FIFO]-> (0, 1000054991); (0, 1000054991) -[PIPE_MTE3 FIFO]-> (0, 1000055022); (0, 1000055022) -[PIPE_MTE3 FIFO]-> (0, 1000055053); (0, 1000055053) -[PIPE_MTE3 FIFO]-> (0, 1000055084); (0, 1000055084) -[PIPE_MTE3 FIFO]-> (0, 1000055115); (0, 1000055115) -[PIPE_MTE3 FIFO]-> (0, 1000055146); ... (370 edges total)",EvaluationValidationError,cache_capacity_half
