"section","subsection","claim_or_output","direct_evidence","status","planned_figure_or_table","open_gap"
"abstract","summary","Q1/Q2/Q3 methods and verified headline values","evidence/claims.csv + results/v071_full_20260924_v2_analysis/core_summary.csv + review/v071_claim_verification_20260924.json","PENDING","official unified abstract","95个完整case的计算结果已绑定；五个大图和科学/人工复核仍开放"
"1","1.1","question actions and required outputs","inputs/problem/A题/通用神经网络处理器下的多核调度问题.docx","VERIFIED_FROM_PROBLEM","TAB-V071-01","none"
"1","1.2","three scene semantics and hardware relations","inputs/raw/A题/附件/data/config.txt + docs + evaluator source","PARTIAL","TAB-V071-04;FIG-V071-01","V0.1 source hash and semantic audit pending"
"1","1.3","100-graph structural statistics","inputs/manifest.json + V0.7.1 static summary","PENDING","TAB-V071-02","静态统计的独立哈希绑定仍开放"
"2","2.1","raw inputs and fixed parameters","evidence/parameters.csv + raw input manifest","VERIFIED_BASELINE","TAB-V071-04","输入、配置和代码哈希已在run.json与claim verification绑定"
"2","2.2","unified notation","../idea/A题_Idea_V0.7.1_融合修订.md §§5–7 + paper/latex/main.tex + formula audit","PARTIAL","TAB-V071-03","formula-by-formula implementation audit pending"
"2","2.3","assumptions and check scope","review/v071_claim_verification_20260924.json + official input checks","PENDING","TAB-V071-14","容量独立重建、FIFO proxy与科学验证仍开放"
"3","3.1","feasible plan X=(g,a,sigma)","V0.7.1 eqs (2)-(3) + official checker","PARTIAL","FIG-V071-03","review/v071_implementation_audit_20260924.md；逐行独立legality artifact仍开放"
"3","3.2","residency-domain traffic Q_A/Q_B/Q_C","V0.7.1 eqs (4)-(6) + evaluator source","PARTIAL","TAB-V071-05","Q0/profile与官方搬运守恒已在claim verification通过；科学验证仍开放"
"3","3.3","capacity/Pipe/sync/service pools","V0.7.1 eqs (7)-(10) + official docs/source","PARTIAL","FIG-V071-03","官方C事件已保留；FIFO proxy重加权尚未实现"
"3","3.4","finite lexicographic objective and three cache ratios","V0.7.1 eqs (11),(22) + result schema","PENDING","TAB-V071-05","cache_pairs.csv与claim verification已绑定；当前为有限候选选择"
"4","4.1","four structural starts","D/H/R implementation + run manifest","PENDING","TAB-V071-06","src/v071_solver、tools/run_v071.py与run manifest已绑定；真正V1/V2仍开放"
"4","4.2","light/profile/official evaluation layers","profile logs + official result traces","PENDING","FIG-V071-04;TAB-V071-07","candidate_metrics与profile日志已登记；轻量排序代理边界仍开放"
"4","4.3","local edits/capacity/cache timing candidates","candidate ledger + source snapshots","PENDING","TAB-V071-06","profile rank与前2完整槽已记录；容量/时序候选准入仍开放"
"4","4.4","budget/timeout/failure accounting","run manifest + progress/failure logs","PENDING","TAB-V071-07","run manifest、failure_summary与long_tail_summary已登记；诊断预算仍开放"
"5","5.1","Q1 bottleneck analysis","question text + V0.1 result traces","PENDING","TAB-V071-08","core_summary与selected_metrics已登记；统计口径为95个完整case"
"5","5.2","Q1 candidate generation and fallback","Q1 plan/metrics/legality logs","PENDING","FIG-V071-05","当前为profile筛选后的有限完整槽；五个大图和全局最优性仍开放"
"5","5.3","Q1 speedups and traffic","Q1 summary + per-case metrics + validation","PENDING","FIG-V071-06;TAB-V071-09","1–5核结果及慢例已登记；科学验证仍开放"
"6","6.1","Q2 residency/capacity tradeoff","official B expansion traces","PENDING","TAB-V071-10","官方结果含profile/动态字段；独立Step2/Step3科学核验仍开放"
"6","6.2","Q2 capacity exploration and selection","capacity candidate ledger + profile/official results","PENDING","FIG-V071-07;TAB-V071-11","容量代表候选未完成；保留为实现审计开放项"
"6","6.3","Q2 net gain attribution","paired Q1/Q2 metrics + traffic/spill fields","PENDING","FIG-V071-08","未完成匹配预算消融；不得写成机制因果"
"7","7.1","fixed-plan hardware cache comparison","paired B/C plan hashes + C results","PENDING","TAB-V071-12","475组同计划配对已登记；五个大图动态配对仍PENDING"
"7","7.2","FIFO query/completion semantics","cache event logs + official source","PENDING","FIG-V071-10","官方cache事件在case结果中保留；独立FIFO proxy与边界复核仍开放"
"7","7.3","cache adaptation and three gain definitions","C fixed/adapted/independently-selected outputs","PENDING","FIG-V071-09","同方案Cache比值和命中率已登记；三类适配收益仍未完整验证"
"7","7.4","resource sensitivity and adverse cases","diagnostic results + failure ledger","PENDING","FIG-V071-11;TAB-V071-13","参数/代理诊断尚未完成；failure/long-tail已登记"
"8","8.1","small exact checks","V0.1 validation_checks + exact enumeration","PENDING","TAB-V071-14","程序级claim verification已通过；科学与人工复核仍开放"
"8","8.2","parameter/budget sensitivity","diagnostic matrix and manifests","PENDING","FIG-V071-12","当前运行号、候选槽和阈值已登记；独立敏感性仍开放"
"8","8.3","mechanism ablations","matched-budget ablation results","PENDING","FIG-V071-13","消融尚未完成"
"8","8.4","reproduction/failure/resource states","clean repro manifest + failure logs","PENDING","TAB-V071-15","post-run provenance与workspace check已通过；人工复核仍NOT_ASSESSED"
"9","9.1","advantages/limitations/validity","claims + validation + support index","PENDING","TAB-V071-16/17","当前claims已绑定；五大图、科学验证和人工复核仍开放"
"appendix","results","full per-case Q1/Q2/Q3 outputs","new V0.1 CSV/JSON + hashes","PENDING","appendix tables","当前附录为1,425条选中记录；五个大图动态记录仍PENDING"
"appendix","algorithm","reproduction pseudocode and entry points","source snapshot + README + environment manifest","PENDING","ALG-V071-01","tools/run_v071.py、tools/a_summarize_v071.py与README已登记；V1/V2/FIFO缺口保留"
"appendix","ai","local AI annotations and unified disclosure","evidence/ai_usage.csv + actual tool/version evidence","PENDING","official AI fields","AI精确版本证据与队员审核仍待补齐"
