scene,cores,n,mean_speedup,diagnostic_mean_speedup,median_diagnostic_speedup,mean_makespan,mean_added_copy_bytes,below_baseline_count
A,1,100,1.0,1.0116012714430582,1.0,3119652.28,12188306.42,3
A,2,100,1.6805310615921483,1.6805310615921483,1.9626420560915985,2077639.02,12222915.68,20
A,3,100,2.2660621670176515,2.2660621670176515,2.8339771518193713,1381715.0,13334697.06,24
A,4,100,2.8698816312272823,2.8698816312272823,3.6268285588632407,1045368.54,14060745.94,17
A,5,100,3.3010004918893556,3.3010004918893556,3.9604689205196357,1395515.04,13857461.4,19
B,1,100,1.0,0.9878097136485732,0.9983020263566527,3294949.25,26067558.28,51
B,2,100,1.7085536371446772,1.7085536371446772,1.9646947692480978,1733015.15,13978934.6,11
B,3,100,2.265565352240358,2.265565352240358,2.8339771518193713,1367211.63,14595723.3,12
B,4,100,2.8709493208822803,2.8709493208822803,3.635259011346958,1053795.44,15295173.38,13
B,5,100,3.310074499220332,3.310074499220332,4.004617791387901,929324.47,15731596.3,10
C,1,100,1.0157626235870598,1.0157626235870598,1.0,3218327.04,21818719.76,48
C,2,100,1.7193746999258854,1.7193746999258854,1.9703173246790433,1724911.46,13977032.84,11
C,3,100,2.2846442880735576,2.2846442880735576,2.8339771518193713,1359280.15,14595577.38,12
C,4,100,2.9051611079319533,2.9051611079319533,3.6731950934064175,1044557.22,15283263.22,13
C,5,100,3.3493765889450127,3.3493765889450127,4.071898421750582,922120.1,15724958.38,10
