claim_id,requirement_ids,statement,value,unit,tolerance,result_file,result_row,result_column,code_file,run_id,paper_location,figure_file,verification_file,assumption_branch,human_review,status
Q1-eta_c,C-Q1-01--10,问题一 eta_c,0.9,ratio,1e-6,paper/results/runs/c-study-20260911-v1.1/q1_summary.json,eta_c,,paper/code/validate_q1.py,c-study-20260911-v1.1,paper/latex/sections/05_q1.tex;paper/latex/sections/05_validation.tex,,paper/results/runs/c-study-20260911-v1.1/q1_verification.json,H1-H5 research branch; see CONTEXT,PENDING,AI_VERIFIED
Q1-eta_d,C-Q1-01--10,问题一 eta_d,0.9,ratio,1e-6,paper/results/runs/c-study-20260911-v1.1/q1_summary.json,eta_d,,paper/code/validate_q1.py,c-study-20260911-v1.1,paper/latex/sections/05_q1.tex;paper/latex/sections/05_validation.tex,,paper/results/runs/c-study-20260911-v1.1/q1_verification.json,H1-H5 research branch; see CONTEXT,PENDING,AI_VERIFIED
Q1-initial_kwh,C-Q1-01--10,问题一 initial_kwh,6000,kWh,1e-6,paper/results/runs/c-study-20260911-v1.1/q1_summary.json,initial_kwh,,paper/code/validate_q1.py,c-study-20260911-v1.1,paper/latex/sections/05_q1.tex;paper/latex/sections/05_validation.tex,,paper/results/runs/c-study-20260911-v1.1/q1_verification.json,H1-H5 research branch; see CONTEXT,PENDING,AI_VERIFIED
Q1-terminal_kwh,C-Q1-01--10,问题一 terminal_kwh,6000.0,kWh,1e-6,paper/results/runs/c-study-20260911-v1.1/q1_summary.json,terminal_kwh,,paper/code/validate_q1.py,c-study-20260911-v1.1,paper/latex/sections/05_q1.tex;paper/latex/sections/05_validation.tex,,paper/results/runs/c-study-20260911-v1.1/q1_verification.json,H1-H5 research branch; see CONTEXT,PENDING,AI_VERIFIED
Q1-lp_cost_yuan,C-Q1-01--10,问题一 lp_cost_yuan,35126.948589289634,yuan,1e-6,paper/results/runs/c-study-20260911-v1.1/q1_summary.json,lp_cost_yuan,,paper/code/validate_q1.py,c-study-20260911-v1.1,paper/latex/sections/05_q1.tex;paper/latex/sections/05_validation.tex,,paper/results/runs/c-study-20260911-v1.1/q1_verification.json,H1-H5 research branch; see CONTEXT,PENDING,AI_VERIFIED
Q1-no_storage_nominal_cost_yuan,C-Q1-01--10,问题一 no_storage_nominal_cost_yuan,48052.046590846665,yuan,1e-6,paper/results/runs/c-study-20260911-v1.1/q1_summary.json,no_storage_nominal_cost_yuan,,paper/code/validate_q1.py,c-study-20260911-v1.1,paper/latex/sections/05_q1.tex;paper/latex/sections/05_validation.tex,,paper/results/runs/c-study-20260911-v1.1/q1_verification.json,H1-H5 research branch; see CONTEXT,PENDING,AI_VERIFIED
Q1-cost_difference_yuan,C-Q1-01--10,问题一 cost_difference_yuan,12925.098001557031,yuan,1e-6,paper/results/runs/c-study-20260911-v1.1/q1_summary.json,cost_difference_yuan,,paper/code/validate_q1.py,c-study-20260911-v1.1,paper/latex/sections/05_q1.tex;paper/latex/sections/05_validation.tex,,paper/results/runs/c-study-20260911-v1.1/q1_verification.json,H1-H5 research branch; see CONTEXT,PENDING,AI_VERIFIED
Q1-nominal_cost_reduction_fraction,C-Q1-01--10,问题一 nominal_cost_reduction_fraction,0.26898121762870153,ratio,1e-6,paper/results/runs/c-study-20260911-v1.1/q1_summary.json,nominal_cost_reduction_fraction,,paper/code/validate_q1.py,c-study-20260911-v1.1,paper/latex/sections/05_q1.tex;paper/latex/sections/05_validation.tex,,paper/results/runs/c-study-20260911-v1.1/q1_verification.json,H1-H5 research branch; see CONTEXT,PENDING,AI_VERIFIED
Q1-purchase_kwh,C-Q1-01--10,问题一 purchase_kwh,59482.69899835391,kWh,1e-6,paper/results/runs/c-study-20260911-v1.1/q1_summary.json,purchase_kwh,,paper/code/validate_q1.py,c-study-20260911-v1.1,paper/latex/sections/05_q1.tex;paper/latex/sections/05_validation.tex,,paper/results/runs/c-study-20260911-v1.1/q1_verification.json,H1-H5 research branch; see CONTEXT,PENDING,AI_VERIFIED
Q1-load_kwh,C-Q1-01--10,问题一 load_kwh,111024.80809999998,kWh,1e-6,paper/results/runs/c-study-20260911-v1.1/q1_summary.json,load_kwh,,paper/code/validate_q1.py,c-study-20260911-v1.1,paper/latex/sections/05_q1.tex;paper/latex/sections/05_validation.tex,,paper/results/runs/c-study-20260911-v1.1/q1_verification.json,H1-H5 research branch; see CONTEXT,PENDING,AI_VERIFIED
Q1-pv_kwh,C-Q1-01--10,问题一 pv_kwh,55482.83566666667,kWh,1e-6,paper/results/runs/c-study-20260911-v1.1/q1_summary.json,pv_kwh,,paper/code/validate_q1.py,c-study-20260911-v1.1,paper/latex/sections/05_q1.tex;paper/latex/sections/05_validation.tex,,paper/results/runs/c-study-20260911-v1.1/q1_verification.json,H1-H5 research branch; see CONTEXT,PENDING,AI_VERIFIED
Q1-charge_bus_kwh,C-Q1-01--10,问题一 charge_bus_kwh,20740.66613168725,kWh,1e-6,paper/results/runs/c-study-20260911-v1.1/q1_summary.json,charge_bus_kwh,,paper/code/validate_q1.py,c-study-20260911-v1.1,paper/latex/sections/05_q1.tex;paper/latex/sections/05_validation.tex,,paper/results/runs/c-study-20260911-v1.1/q1_verification.json,H1-H5 research branch; see CONTEXT,PENDING,AI_VERIFIED
Q1-discharge_bus_kwh,C-Q1-01--10,问题一 discharge_bus_kwh,16799.939566666668,kWh,1e-6,paper/results/runs/c-study-20260911-v1.1/q1_summary.json,discharge_bus_kwh,,paper/code/validate_q1.py,c-study-20260911-v1.1,paper/latex/sections/05_q1.tex;paper/latex/sections/05_validation.tex,,paper/results/runs/c-study-20260911-v1.1/q1_verification.json,H1-H5 research branch; see CONTEXT,PENDING,AI_VERIFIED
Q1-spill_kwh,C-Q1-01--10,问题一 spill_kwh,0.0,kWh,1e-6,paper/results/runs/c-study-20260911-v1.1/q1_summary.json,spill_kwh,,paper/code/validate_q1.py,c-study-20260911-v1.1,paper/latex/sections/05_q1.tex;paper/latex/sections/05_validation.tex,,paper/results/runs/c-study-20260911-v1.1/q1_verification.json,H1-H5 research branch; see CONTEXT,PENDING,AI_VERIFIED
Q1-state_min_kwh,C-Q1-01--10,问题一 state_min_kwh,1200.0,kWh,1e-6,paper/results/runs/c-study-20260911-v1.1/q1_summary.json,state_min_kwh,,paper/code/validate_q1.py,c-study-20260911-v1.1,paper/latex/sections/05_q1.tex;paper/latex/sections/05_validation.tex,,paper/results/runs/c-study-20260911-v1.1/q1_verification.json,H1-H5 research branch; see CONTEXT,PENDING,AI_VERIFIED
Q1-state_max_kwh,C-Q1-01--10,问题一 state_max_kwh,10800.0,kWh,1e-6,paper/results/runs/c-study-20260911-v1.1/q1_summary.json,state_max_kwh,,paper/code/validate_q1.py,c-study-20260911-v1.1,paper/latex/sections/05_q1.tex;paper/latex/sections/05_validation.tex,,paper/results/runs/c-study-20260911-v1.1/q1_verification.json,H1-H5 research branch; see CONTEXT,PENDING,AI_VERIFIED
Q1-lp_dual_bound,C-Q1-01--10,问题一 lp_dual_bound,35126.94858928963,yuan,1e-6,paper/results/runs/c-study-20260911-v1.1/q1_summary.json,lp_dual_bound,,paper/code/validate_q1.py,c-study-20260911-v1.1,paper/latex/sections/05_q1.tex;paper/latex/sections/05_validation.tex,,paper/results/runs/c-study-20260911-v1.1/q1_verification.json,H1-H5 research branch; see CONTEXT,PENDING,AI_VERIFIED
Q1-lp_primal_dual_gap,C-Q1-01--10,问题一 lp_primal_dual_gap,0.0,yuan,1e-6,paper/results/runs/c-study-20260911-v1.1/q1_summary.json,lp_primal_dual_gap,,paper/code/validate_q1.py,c-study-20260911-v1.1,paper/latex/sections/05_q1.tex;paper/latex/sections/05_validation.tex,,paper/results/runs/c-study-20260911-v1.1/q1_verification.json,H1-H5 research branch; see CONTEXT,PENDING,AI_VERIFIED
Q1-ipm_cost_yuan,C-Q1-01--10,问题一 ipm_cost_yuan,35126.94858928963,yuan,1e-6,paper/results/runs/c-study-20260911-v1.1/q1_summary.json,ipm_cost_yuan,,paper/code/validate_q1.py,c-study-20260911-v1.1,paper/latex/sections/05_q1.tex;paper/latex/sections/05_validation.tex,,paper/results/runs/c-study-20260911-v1.1/q1_verification.json,H1-H5 research branch; see CONTEXT,PENDING,AI_VERIFIED
Q1-toy_enumeration_cost,C-Q1-01--10,问题一 toy_enumeration_cost,1,yuan,1e-6,paper/results/runs/c-study-20260911-v1.1/q1_summary.json,toy_enumeration_cost,,paper/code/validate_q1.py,c-study-20260911-v1.1,paper/latex/sections/05_q1.tex;paper/latex/sections/05_validation.tex,,paper/results/runs/c-study-20260911-v1.1/q1_verification.json,H1-H5 research branch; see CONTEXT,PENDING,AI_VERIFIED
Q1-efficiency_roundtrip_90_cost_yuan,C-Q1-01--10,问题一 efficiency_roundtrip_90_cost_yuan,33801.49554222201,yuan,1e-6,paper/results/runs/c-study-20260911-v1.1/q1_summary.json,efficiency_roundtrip_90_cost_yuan,,paper/code/validate_q1.py,c-study-20260911-v1.1,paper/latex/sections/05_q1.tex;paper/latex/sections/05_validation.tex,,paper/results/runs/c-study-20260911-v1.1/q1_verification.json,H1-H5 research branch; see CONTEXT,PENDING,AI_VERIFIED
q2_fixed-total_cost_yuan,C-GEN-01;C-Q2-02;C-Q3-05;C-Q4-01,Q2 历史均值 total_cost_yuan,28209525.37773375,yuan,1e-6,paper/results/runs/c-study-20260911-v1.1/study_summary.json,q2_fixed,total_cost_yuan,paper/code/run_c_study.py,c-study-20260911-v1.1,paper/latex/sections/06_q2.tex,,paper/results/runs/c-study-20260911-v1.1/study_verification.json,H1-H5 research branch; see CONTEXT,PENDING,AI_VERIFIED
q2_fixed-emergency_kwh,C-GEN-01;C-Q2-02;C-Q3-05;C-Q4-01,Q2 历史均值 emergency_kwh,2858054.078530799,kWh,1e-6,paper/results/runs/c-study-20260911-v1.1/study_summary.json,q2_fixed,emergency_kwh,paper/code/run_c_study.py,c-study-20260911-v1.1,paper/latex/sections/06_q2.tex,,paper/results/runs/c-study-20260911-v1.1/study_verification.json,H1-H5 research branch; see CONTEXT,PENDING,AI_VERIFIED
q2_fixed-emergency_cost_yuan,C-GEN-01;C-Q2-02;C-Q3-05;C-Q4-01,Q2 历史均值 emergency_cost_yuan,16744833.560388766,yuan,1e-6,paper/results/runs/c-study-20260911-v1.1/study_summary.json,q2_fixed,emergency_cost_yuan,paper/code/run_c_study.py,c-study-20260911-v1.1,paper/latex/sections/06_q2.tex,,paper/results/runs/c-study-20260911-v1.1/study_verification.json,H1-H5 research branch; see CONTEXT,PENDING,AI_VERIFIED
q2_fixed-first_eval_E_kwh,C-GEN-01;C-Q2-02;C-Q3-05;C-Q4-01,Q2 历史均值 first_eval_E_kwh,7310.2116388359755,kWh,1e-6,paper/results/runs/c-study-20260911-v1.1/study_summary.json,q2_fixed,first_eval_E_kwh,paper/code/run_c_study.py,c-study-20260911-v1.1,paper/latex/sections/06_q2.tex,,paper/results/runs/c-study-20260911-v1.1/study_verification.json,H1-H5 research branch; see CONTEXT,PENDING,AI_VERIFIED
q2_fixed-last_eval_E_kwh,C-GEN-01;C-Q2-02;C-Q3-05;C-Q4-01,Q2 历史均值 last_eval_E_kwh,1200.0,kWh,1e-6,paper/results/runs/c-study-20260911-v1.1/study_summary.json,q2_fixed,last_eval_E_kwh,paper/code/run_c_study.py,c-study-20260911-v1.1,paper/latex/sections/06_q2.tex,,paper/results/runs/c-study-20260911-v1.1/study_verification.json,H1-H5 research branch; see CONTEXT,PENDING,AI_VERIFIED
q2_fixed_risk-total_cost_yuan,C-GEN-01;C-Q2-02;C-Q3-05;C-Q4-01,Q2 风险余量 total_cost_yuan,15910945.454359597,yuan,1e-6,paper/results/runs/c-study-20260911-v1.1/study_summary.json,q2_fixed_risk,total_cost_yuan,paper/code/run_c_study.py,c-study-20260911-v1.1,,,paper/results/runs/c-study-20260911-v1.1/study_verification.json,H1-H5 research branch; see CONTEXT,PENDING,AI_VERIFIED
q2_fixed_risk-emergency_kwh,C-GEN-01;C-Q2-02;C-Q3-05;C-Q4-01,Q2 风险余量 emergency_kwh,170466.30773654624,kWh,1e-6,paper/results/runs/c-study-20260911-v1.1/study_summary.json,q2_fixed_risk,emergency_kwh,paper/code/run_c_study.py,c-study-20260911-v1.1,,,paper/results/runs/c-study-20260911-v1.1/study_verification.json,H1-H5 research branch; see CONTEXT,PENDING,AI_VERIFIED
q2_fixed_risk-emergency_cost_yuan,C-GEN-01;C-Q2-02;C-Q3-05;C-Q4-01,Q2 风险余量 emergency_cost_yuan,1023846.8787210358,yuan,1e-6,paper/results/runs/c-study-20260911-v1.1/study_summary.json,q2_fixed_risk,emergency_cost_yuan,paper/code/run_c_study.py,c-study-20260911-v1.1,,,paper/results/runs/c-study-20260911-v1.1/study_verification.json,H1-H5 research branch; see CONTEXT,PENDING,AI_VERIFIED
q2_fixed_risk-first_eval_E_kwh,C-GEN-01;C-Q2-02;C-Q3-05;C-Q4-01,Q2 风险余量 first_eval_E_kwh,8883.442615795944,kWh,1e-6,paper/results/runs/c-study-20260911-v1.1/study_summary.json,q2_fixed_risk,first_eval_E_kwh,paper/code/run_c_study.py,c-study-20260911-v1.1,,,paper/results/runs/c-study-20260911-v1.1/study_verification.json,H1-H5 research branch; see CONTEXT,PENDING,AI_VERIFIED
q2_fixed_risk-last_eval_E_kwh,C-GEN-01;C-Q2-02;C-Q3-05;C-Q4-01,Q2 风险余量 last_eval_E_kwh,1349.2260490608455,kWh,1e-6,paper/results/runs/c-study-20260911-v1.1/study_summary.json,q2_fixed_risk,last_eval_E_kwh,paper/code/run_c_study.py,c-study-20260911-v1.1,,,paper/results/runs/c-study-20260911-v1.1/study_verification.json,H1-H5 research branch; see CONTEXT,PENDING,AI_VERIFIED
q2_fixed_ridge-total_cost_yuan,C-GEN-01;C-Q2-02;C-Q3-05;C-Q4-01,Q2 岭回归 total_cost_yuan,15620722.321127081,yuan,1e-6,paper/results/runs/c-study-20260911-v1.1/study_summary.json,q2_fixed_ridge,total_cost_yuan,paper/code/run_c_study.py,c-study-20260911-v1.1,paper/latex/sections/06_q2.tex,,paper/results/runs/c-study-20260911-v1.1/study_verification.json,H1-H5 research branch; see CONTEXT,PENDING,AI_VERIFIED
q2_fixed_ridge-emergency_kwh,C-GEN-01;C-Q2-02;C-Q3-05;C-Q4-01,Q2 岭回归 emergency_kwh,601906.0405247685,kWh,1e-6,paper/results/runs/c-study-20260911-v1.1/study_summary.json,q2_fixed_ridge,emergency_kwh,paper/code/run_c_study.py,c-study-20260911-v1.1,paper/latex/sections/06_q2.tex,,paper/results/runs/c-study-20260911-v1.1/study_verification.json,H1-H5 research branch; see CONTEXT,PENDING,AI_VERIFIED
q2_fixed_ridge-emergency_cost_yuan,C-GEN-01;C-Q2-02;C-Q3-05;C-Q4-01,Q2 岭回归 emergency_cost_yuan,3513713.316482205,yuan,1e-6,paper/results/runs/c-study-20260911-v1.1/study_summary.json,q2_fixed_ridge,emergency_cost_yuan,paper/code/run_c_study.py,c-study-20260911-v1.1,paper/latex/sections/06_q2.tex,,paper/results/runs/c-study-20260911-v1.1/study_verification.json,H1-H5 research branch; see CONTEXT,PENDING,AI_VERIFIED
q2_fixed_ridge-first_eval_E_kwh,C-GEN-01;C-Q2-02;C-Q3-05;C-Q4-01,Q2 岭回归 first_eval_E_kwh,1367.0491961498437,kWh,1e-6,paper/results/runs/c-study-20260911-v1.1/study_summary.json,q2_fixed_ridge,first_eval_E_kwh,paper/code/run_c_study.py,c-study-20260911-v1.1,paper/latex/sections/06_q2.tex,,paper/results/runs/c-study-20260911-v1.1/study_verification.json,H1-H5 research branch; see CONTEXT,PENDING,AI_VERIFIED
q2_fixed_ridge-last_eval_E_kwh,C-GEN-01;C-Q2-02;C-Q3-05;C-Q4-01,Q2 岭回归 last_eval_E_kwh,1241.2692454225553,kWh,1e-6,paper/results/runs/c-study-20260911-v1.1/study_summary.json,q2_fixed_ridge,last_eval_E_kwh,paper/code/run_c_study.py,c-study-20260911-v1.1,paper/latex/sections/06_q2.tex,,paper/results/runs/c-study-20260911-v1.1/study_verification.json,H1-H5 research branch; see CONTEXT,PENDING,AI_VERIFIED
q2_fixed_terminal_value-total_cost_yuan,C-GEN-01;C-Q2-02;C-Q3-05;C-Q4-01,Q2 终端价值 total_cost_yuan,28209525.37773375,yuan,1e-6,paper/results/runs/c-study-20260911-v1.1/study_summary.json,q2_fixed_terminal_value,total_cost_yuan,paper/code/run_c_study.py,c-study-20260911-v1.1,,,paper/results/runs/c-study-20260911-v1.1/study_verification.json,H1-H5 research branch; see CONTEXT,PENDING,AI_VERIFIED
q2_fixed_terminal_value-emergency_kwh,C-GEN-01;C-Q2-02;C-Q3-05;C-Q4-01,Q2 终端价值 emergency_kwh,2858054.078530799,kWh,1e-6,paper/results/runs/c-study-20260911-v1.1/study_summary.json,q2_fixed_terminal_value,emergency_kwh,paper/code/run_c_study.py,c-study-20260911-v1.1,,,paper/results/runs/c-study-20260911-v1.1/study_verification.json,H1-H5 research branch; see CONTEXT,PENDING,AI_VERIFIED
q2_fixed_terminal_value-emergency_cost_yuan,C-GEN-01;C-Q2-02;C-Q3-05;C-Q4-01,Q2 终端价值 emergency_cost_yuan,16744833.560388766,yuan,1e-6,paper/results/runs/c-study-20260911-v1.1/study_summary.json,q2_fixed_terminal_value,emergency_cost_yuan,paper/code/run_c_study.py,c-study-20260911-v1.1,,,paper/results/runs/c-study-20260911-v1.1/study_verification.json,H1-H5 research branch; see CONTEXT,PENDING,AI_VERIFIED
q2_fixed_terminal_value-first_eval_E_kwh,C-GEN-01;C-Q2-02;C-Q3-05;C-Q4-01,Q2 终端价值 first_eval_E_kwh,7310.2116388359755,kWh,1e-6,paper/results/runs/c-study-20260911-v1.1/study_summary.json,q2_fixed_terminal_value,first_eval_E_kwh,paper/code/run_c_study.py,c-study-20260911-v1.1,,,paper/results/runs/c-study-20260911-v1.1/study_verification.json,H1-H5 research branch; see CONTEXT,PENDING,AI_VERIFIED
q2_fixed_terminal_value-last_eval_E_kwh,C-GEN-01;C-Q2-02;C-Q3-05;C-Q4-01,Q2 终端价值 last_eval_E_kwh,1200.0,kWh,1e-6,paper/results/runs/c-study-20260911-v1.1/study_summary.json,q2_fixed_terminal_value,last_eval_E_kwh,paper/code/run_c_study.py,c-study-20260911-v1.1,,,paper/results/runs/c-study-20260911-v1.1/study_verification.json,H1-H5 research branch; see CONTEXT,PENDING,AI_VERIFIED
q3_midnight_only-total_cost_yuan,C-GEN-01;C-Q2-02;C-Q3-05;C-Q4-01,Q3 零点计划 total_cost_yuan,27530580.022753485,yuan,1e-6,paper/results/runs/c-study-20260911-v1.1/study_summary.json,q3_midnight_only,total_cost_yuan,paper/code/run_c_study.py,c-study-20260911-v1.1,,,paper/results/runs/c-study-20260911-v1.1/study_verification.json,H1-H5 research branch; see CONTEXT,PENDING,AI_VERIFIED
q3_midnight_only-emergency_kwh,C-GEN-01;C-Q2-02;C-Q3-05;C-Q4-01,Q3 零点计划 emergency_kwh,2694375.1930106417,kWh,1e-6,paper/results/runs/c-study-20260911-v1.1/study_summary.json,q3_midnight_only,emergency_kwh,paper/code/run_c_study.py,c-study-20260911-v1.1,,,paper/results/runs/c-study-20260911-v1.1/study_verification.json,H1-H5 research branch; see CONTEXT,PENDING,AI_VERIFIED
q3_midnight_only-emergency_cost_yuan,C-GEN-01;C-Q2-02;C-Q3-05;C-Q4-01,Q3 零点计划 emergency_cost_yuan,15911480.377636995,yuan,1e-6,paper/results/runs/c-study-20260911-v1.1/study_summary.json,q3_midnight_only,emergency_cost_yuan,paper/code/run_c_study.py,c-study-20260911-v1.1,,,paper/results/runs/c-study-20260911-v1.1/study_verification.json,H1-H5 research branch; see CONTEXT,PENDING,AI_VERIFIED
q3_midnight_only-first_eval_E_kwh,C-GEN-01;C-Q2-02;C-Q3-05;C-Q4-01,Q3 零点计划 first_eval_E_kwh,7310.2530602645475,kWh,1e-6,paper/results/runs/c-study-20260911-v1.1/study_summary.json,q3_midnight_only,first_eval_E_kwh,paper/code/run_c_study.py,c-study-20260911-v1.1,,,paper/results/runs/c-study-20260911-v1.1/study_verification.json,H1-H5 research branch; see CONTEXT,PENDING,AI_VERIFIED
q3_midnight_only-last_eval_E_kwh,C-GEN-01;C-Q2-02;C-Q3-05;C-Q4-01,Q3 零点计划 last_eval_E_kwh,1200.0,kWh,1e-6,paper/results/runs/c-study-20260911-v1.1/study_summary.json,q3_midnight_only,last_eval_E_kwh,paper/code/run_c_study.py,c-study-20260911-v1.1,,,paper/results/runs/c-study-20260911-v1.1/study_verification.json,H1-H5 research branch; see CONTEXT,PENDING,AI_VERIFIED
q3_literal_updates-total_cost_yuan,C-GEN-01;C-Q2-02;C-Q3-05;C-Q4-01,Q3 新预报调整 total_cost_yuan,19887638.104761366,yuan,1e-6,paper/results/runs/c-study-20260911-v1.1/study_summary.json,q3_literal_updates,total_cost_yuan,paper/code/run_c_study.py,c-study-20260911-v1.1,,,paper/results/runs/c-study-20260911-v1.1/study_verification.json,H1-H5 research branch; see CONTEXT,PENDING,AI_VERIFIED
q3_literal_updates-emergency_kwh,C-GEN-01;C-Q2-02;C-Q3-05;C-Q4-01,Q3 新预报调整 emergency_kwh,1057755.196862198,kWh,1e-6,paper/results/runs/c-study-20260911-v1.1/study_summary.json,q3_literal_updates,emergency_kwh,paper/code/run_c_study.py,c-study-20260911-v1.1,,,paper/results/runs/c-study-20260911-v1.1/study_verification.json,H1-H5 research branch; see CONTEXT,PENDING,AI_VERIFIED
q3_literal_updates-emergency_cost_yuan,C-GEN-01;C-Q2-02;C-Q3-05;C-Q4-01,Q3 新预报调整 emergency_cost_yuan,5515628.616584138,yuan,1e-6,paper/results/runs/c-study-20260911-v1.1/study_summary.json,q3_literal_updates,emergency_cost_yuan,paper/code/run_c_study.py,c-study-20260911-v1.1,,,paper/results/runs/c-study-20260911-v1.1/study_verification.json,H1-H5 research branch; see CONTEXT,PENDING,AI_VERIFIED
q3_literal_updates-first_eval_E_kwh,C-GEN-01;C-Q2-02;C-Q3-05;C-Q4-01,Q3 新预报调整 first_eval_E_kwh,7310.2530602645475,kWh,1e-6,paper/results/runs/c-study-20260911-v1.1/study_summary.json,q3_literal_updates,first_eval_E_kwh,paper/code/run_c_study.py,c-study-20260911-v1.1,,,paper/results/runs/c-study-20260911-v1.1/study_verification.json,H1-H5 research branch; see CONTEXT,PENDING,AI_VERIFIED
q3_literal_updates-last_eval_E_kwh,C-GEN-01;C-Q2-02;C-Q3-05;C-Q4-01,Q3 新预报调整 last_eval_E_kwh,1200.0,kWh,1e-6,paper/results/runs/c-study-20260911-v1.1/study_summary.json,q3_literal_updates,last_eval_E_kwh,paper/code/run_c_study.py,c-study-20260911-v1.1,,,paper/results/runs/c-study-20260911-v1.1/study_verification.json,H1-H5 research branch; see CONTEXT,PENDING,AI_VERIFIED
q3_updates_frozen_pv-total_cost_yuan,C-GEN-01;C-Q2-02;C-Q3-05;C-Q4-01,Q3 冻结预报调整 total_cost_yuan,19891200.06796792,yuan,1e-6,paper/results/runs/c-study-20260911-v1.1/study_summary.json,q3_updates_frozen_pv,total_cost_yuan,paper/code/run_c_study.py,c-study-20260911-v1.1,,,paper/results/runs/c-study-20260911-v1.1/study_verification.json,H1-H5 research branch; see CONTEXT,PENDING,AI_VERIFIED
q3_updates_frozen_pv-emergency_kwh,C-GEN-01;C-Q2-02;C-Q3-05;C-Q4-01,Q3 冻结预报调整 emergency_kwh,1047672.5748464117,kWh,1e-6,paper/results/runs/c-study-20260911-v1.1/study_summary.json,q3_updates_frozen_pv,emergency_kwh,paper/code/run_c_study.py,c-study-20260911-v1.1,,,paper/results/runs/c-study-20260911-v1.1/study_verification.json,H1-H5 research branch; see CONTEXT,PENDING,AI_VERIFIED
q3_updates_frozen_pv-emergency_cost_yuan,C-GEN-01;C-Q2-02;C-Q3-05;C-Q4-01,Q3 冻结预报调整 emergency_cost_yuan,5455156.021681279,yuan,1e-6,paper/results/runs/c-study-20260911-v1.1/study_summary.json,q3_updates_frozen_pv,emergency_cost_yuan,paper/code/run_c_study.py,c-study-20260911-v1.1,,,paper/results/runs/c-study-20260911-v1.1/study_verification.json,H1-H5 research branch; see CONTEXT,PENDING,AI_VERIFIED
q3_updates_frozen_pv-first_eval_E_kwh,C-GEN-01;C-Q2-02;C-Q3-05;C-Q4-01,Q3 冻结预报调整 first_eval_E_kwh,7310.2530602645475,kWh,1e-6,paper/results/runs/c-study-20260911-v1.1/study_summary.json,q3_updates_frozen_pv,first_eval_E_kwh,paper/code/run_c_study.py,c-study-20260911-v1.1,,,paper/results/runs/c-study-20260911-v1.1/study_verification.json,H1-H5 research branch; see CONTEXT,PENDING,AI_VERIFIED
q3_updates_frozen_pv-last_eval_E_kwh,C-GEN-01;C-Q2-02;C-Q3-05;C-Q4-01,Q3 冻结预报调整 last_eval_E_kwh,1200.0,kWh,1e-6,paper/results/runs/c-study-20260911-v1.1/study_summary.json,q3_updates_frozen_pv,last_eval_E_kwh,paper/code/run_c_study.py,c-study-20260911-v1.1,,,paper/results/runs/c-study-20260911-v1.1/study_verification.json,H1-H5 research branch; see CONTEXT,PENDING,AI_VERIFIED
q3_fusion_updates-total_cost_yuan,C-GEN-01;C-Q2-02;C-Q3-05;C-Q4-01,Q3 预报融合 total_cost_yuan,19925263.420051478,yuan,1e-6,paper/results/runs/c-study-20260911-v1.1/study_summary.json,q3_fusion_updates,total_cost_yuan,paper/code/run_c_study.py,c-study-20260911-v1.1,,,paper/results/runs/c-study-20260911-v1.1/study_verification.json,H1-H5 research branch; see CONTEXT,PENDING,AI_VERIFIED
q3_fusion_updates-emergency_kwh,C-GEN-01;C-Q2-02;C-Q3-05;C-Q4-01,Q3 预报融合 emergency_kwh,1060371.651214854,kWh,1e-6,paper/results/runs/c-study-20260911-v1.1/study_summary.json,q3_fusion_updates,emergency_kwh,paper/code/run_c_study.py,c-study-20260911-v1.1,,,paper/results/runs/c-study-20260911-v1.1/study_verification.json,H1-H5 research branch; see CONTEXT,PENDING,AI_VERIFIED
q3_fusion_updates-emergency_cost_yuan,C-GEN-01;C-Q2-02;C-Q3-05;C-Q4-01,Q3 预报融合 emergency_cost_yuan,5526183.325179829,yuan,1e-6,paper/results/runs/c-study-20260911-v1.1/study_summary.json,q3_fusion_updates,emergency_cost_yuan,paper/code/run_c_study.py,c-study-20260911-v1.1,,,paper/results/runs/c-study-20260911-v1.1/study_verification.json,H1-H5 research branch; see CONTEXT,PENDING,AI_VERIFIED
q3_fusion_updates-first_eval_E_kwh,C-GEN-01;C-Q2-02;C-Q3-05;C-Q4-01,Q3 预报融合 first_eval_E_kwh,7310.2530602645475,kWh,1e-6,paper/results/runs/c-study-20260911-v1.1/study_summary.json,q3_fusion_updates,first_eval_E_kwh,paper/code/run_c_study.py,c-study-20260911-v1.1,,,paper/results/runs/c-study-20260911-v1.1/study_verification.json,H1-H5 research branch; see CONTEXT,PENDING,AI_VERIFIED
q3_fusion_updates-last_eval_E_kwh,C-GEN-01;C-Q2-02;C-Q3-05;C-Q4-01,Q3 预报融合 last_eval_E_kwh,1200.0,kWh,1e-6,paper/results/runs/c-study-20260911-v1.1/study_summary.json,q3_fusion_updates,last_eval_E_kwh,paper/code/run_c_study.py,c-study-20260911-v1.1,,,paper/results/runs/c-study-20260911-v1.1/study_verification.json,H1-H5 research branch; see CONTEXT,PENDING,AI_VERIFIED
q3_refund_updates-total_cost_yuan,C-GEN-01;C-Q2-02;C-Q3-05;C-Q4-01,Q3 返还分支 total_cost_yuan,20043109.178969257,yuan,1e-6,paper/results/runs/c-study-20260911-v1.1/study_summary.json,q3_refund_updates,total_cost_yuan,paper/code/run_c_study.py,c-study-20260911-v1.1,,,paper/results/runs/c-study-20260911-v1.1/study_verification.json,H1-H5 research branch; see CONTEXT,PENDING,AI_VERIFIED
q3_refund_updates-emergency_kwh,C-GEN-01;C-Q2-02;C-Q3-05;C-Q4-01,Q3 返还分支 emergency_kwh,1061776.5318087537,kWh,1e-6,paper/results/runs/c-study-20260911-v1.1/study_summary.json,q3_refund_updates,emergency_kwh,paper/code/run_c_study.py,c-study-20260911-v1.1,,,paper/results/runs/c-study-20260911-v1.1/study_verification.json,H1-H5 research branch; see CONTEXT,PENDING,AI_VERIFIED
q3_refund_updates-emergency_cost_yuan,C-GEN-01;C-Q2-02;C-Q3-05;C-Q4-01,Q3 返还分支 emergency_cost_yuan,5536189.515184456,yuan,1e-6,paper/results/runs/c-study-20260911-v1.1/study_summary.json,q3_refund_updates,emergency_cost_yuan,paper/code/run_c_study.py,c-study-20260911-v1.1,,,paper/results/runs/c-study-20260911-v1.1/study_verification.json,H1-H5 research branch; see CONTEXT,PENDING,AI_VERIFIED
q3_refund_updates-first_eval_E_kwh,C-GEN-01;C-Q2-02;C-Q3-05;C-Q4-01,Q3 返还分支 first_eval_E_kwh,7310.2530602645475,kWh,1e-6,paper/results/runs/c-study-20260911-v1.1/study_summary.json,q3_refund_updates,first_eval_E_kwh,paper/code/run_c_study.py,c-study-20260911-v1.1,,,paper/results/runs/c-study-20260911-v1.1/study_verification.json,H1-H5 research branch; see CONTEXT,PENDING,AI_VERIFIED
q3_refund_updates-last_eval_E_kwh,C-GEN-01;C-Q2-02;C-Q3-05;C-Q4-01,Q3 返还分支 last_eval_E_kwh,1200.0,kWh,1e-6,paper/results/runs/c-study-20260911-v1.1/study_summary.json,q3_refund_updates,last_eval_E_kwh,paper/code/run_c_study.py,c-study-20260911-v1.1,,,paper/results/runs/c-study-20260911-v1.1/study_verification.json,H1-H5 research branch; see CONTEXT,PENDING,AI_VERIFIED
q4_2_variable-total_cost_yuan,C-GEN-01;C-Q2-02;C-Q3-05;C-Q4-01,Q4-2 历史均值 total_cost_yuan,29108948.75490117,yuan,1e-6,paper/results/runs/c-study-20260911-v1.1/study_summary.json,q4_2_variable,total_cost_yuan,paper/code/run_c_study.py,c-study-20260911-v1.1,paper/latex/sections/08_q4.tex,,paper/results/runs/c-study-20260911-v1.1/study_verification.json,H1-H5 research branch; see CONTEXT,PENDING,AI_VERIFIED
q4_2_variable-emergency_kwh,C-GEN-01;C-Q2-02;C-Q3-05;C-Q4-01,Q4-2 历史均值 emergency_kwh,2859901.544781158,kWh,1e-6,paper/results/runs/c-study-20260911-v1.1/study_summary.json,q4_2_variable,emergency_kwh,paper/code/run_c_study.py,c-study-20260911-v1.1,paper/latex/sections/08_q4.tex,,paper/results/runs/c-study-20260911-v1.1/study_verification.json,H1-H5 research branch; see CONTEXT,PENDING,AI_VERIFIED
q4_2_variable-emergency_cost_yuan,C-GEN-01;C-Q2-02;C-Q3-05;C-Q4-01,Q4-2 历史均值 emergency_cost_yuan,17418967.213607993,yuan,1e-6,paper/results/runs/c-study-20260911-v1.1/study_summary.json,q4_2_variable,emergency_cost_yuan,paper/code/run_c_study.py,c-study-20260911-v1.1,paper/latex/sections/08_q4.tex,,paper/results/runs/c-study-20260911-v1.1/study_verification.json,H1-H5 research branch; see CONTEXT,PENDING,AI_VERIFIED
q4_2_variable-first_eval_E_kwh,C-GEN-01;C-Q2-02;C-Q3-05;C-Q4-01,Q4-2 历史均值 first_eval_E_kwh,6661.678135423279,kWh,1e-6,paper/results/runs/c-study-20260911-v1.1/study_summary.json,q4_2_variable,first_eval_E_kwh,paper/code/run_c_study.py,c-study-20260911-v1.1,paper/latex/sections/08_q4.tex,,paper/results/runs/c-study-20260911-v1.1/study_verification.json,H1-H5 research branch; see CONTEXT,PENDING,AI_VERIFIED
q4_2_variable-last_eval_E_kwh,C-GEN-01;C-Q2-02;C-Q3-05;C-Q4-01,Q4-2 历史均值 last_eval_E_kwh,1200.0,kWh,1e-6,paper/results/runs/c-study-20260911-v1.1/study_summary.json,q4_2_variable,last_eval_E_kwh,paper/code/run_c_study.py,c-study-20260911-v1.1,paper/latex/sections/08_q4.tex,,paper/results/runs/c-study-20260911-v1.1/study_verification.json,H1-H5 research branch; see CONTEXT,PENDING,AI_VERIFIED
q4_2_variable_risk-total_cost_yuan,C-GEN-01;C-Q2-02;C-Q3-05;C-Q4-01,Q4-2 风险余量 total_cost_yuan,16215161.055473149,yuan,1e-6,paper/results/runs/c-study-20260911-v1.1/study_summary.json,q4_2_variable_risk,total_cost_yuan,paper/code/run_c_study.py,c-study-20260911-v1.1,paper/latex/sections/08_q4.tex,,paper/results/runs/c-study-20260911-v1.1/study_verification.json,H1-H5 research branch; see CONTEXT,PENDING,AI_VERIFIED
q4_2_variable_risk-emergency_kwh,C-GEN-01;C-Q2-02;C-Q3-05;C-Q4-01,Q4-2 风险余量 emergency_kwh,172788.07779067257,kWh,1e-6,paper/results/runs/c-study-20260911-v1.1/study_summary.json,q4_2_variable_risk,emergency_kwh,paper/code/run_c_study.py,c-study-20260911-v1.1,paper/latex/sections/08_q4.tex,,paper/results/runs/c-study-20260911-v1.1/study_verification.json,H1-H5 research branch; see CONTEXT,PENDING,AI_VERIFIED
q4_2_variable_risk-emergency_cost_yuan,C-GEN-01;C-Q2-02;C-Q3-05;C-Q4-01,Q4-2 风险余量 emergency_cost_yuan,1090156.6330832462,yuan,1e-6,paper/results/runs/c-study-20260911-v1.1/study_summary.json,q4_2_variable_risk,emergency_cost_yuan,paper/code/run_c_study.py,c-study-20260911-v1.1,paper/latex/sections/08_q4.tex,,paper/results/runs/c-study-20260911-v1.1/study_verification.json,H1-H5 research branch; see CONTEXT,PENDING,AI_VERIFIED
q4_2_variable_risk-first_eval_E_kwh,C-GEN-01;C-Q2-02;C-Q3-05;C-Q4-01,Q4-2 风险余量 first_eval_E_kwh,8883.442615795944,kWh,1e-6,paper/results/runs/c-study-20260911-v1.1/study_summary.json,q4_2_variable_risk,first_eval_E_kwh,paper/code/run_c_study.py,c-study-20260911-v1.1,paper/latex/sections/08_q4.tex,,paper/results/runs/c-study-20260911-v1.1/study_verification.json,H1-H5 research branch; see CONTEXT,PENDING,AI_VERIFIED
q4_2_variable_risk-last_eval_E_kwh,C-GEN-01;C-Q2-02;C-Q3-05;C-Q4-01,Q4-2 风险余量 last_eval_E_kwh,1349.2260490608455,kWh,1e-6,paper/results/runs/c-study-20260911-v1.1/study_summary.json,q4_2_variable_risk,last_eval_E_kwh,paper/code/run_c_study.py,c-study-20260911-v1.1,paper/latex/sections/08_q4.tex,,paper/results/runs/c-study-20260911-v1.1/study_verification.json,H1-H5 research branch; see CONTEXT,PENDING,AI_VERIFIED
q4_2_variable_ridge-total_cost_yuan,C-GEN-01;C-Q2-02;C-Q3-05;C-Q4-01,Q4-2 岭回归 total_cost_yuan,16391586.777702246,yuan,1e-6,paper/results/runs/c-study-20260911-v1.1/study_summary.json,q4_2_variable_ridge,total_cost_yuan,paper/code/run_c_study.py,c-study-20260911-v1.1,,,paper/results/runs/c-study-20260911-v1.1/study_verification.json,H1-H5 research branch; see CONTEXT,PENDING,AI_VERIFIED
q4_2_variable_ridge-emergency_kwh,C-GEN-01;C-Q2-02;C-Q3-05;C-Q4-01,Q4-2 岭回归 emergency_kwh,596616.5584471785,kWh,1e-6,paper/results/runs/c-study-20260911-v1.1/study_summary.json,q4_2_variable_ridge,emergency_kwh,paper/code/run_c_study.py,c-study-20260911-v1.1,,,paper/results/runs/c-study-20260911-v1.1/study_verification.json,H1-H5 research branch; see CONTEXT,PENDING,AI_VERIFIED
q4_2_variable_ridge-emergency_cost_yuan,C-GEN-01;C-Q2-02;C-Q3-05;C-Q4-01,Q4-2 岭回归 emergency_cost_yuan,3609727.116087595,yuan,1e-6,paper/results/runs/c-study-20260911-v1.1/study_summary.json,q4_2_variable_ridge,emergency_cost_yuan,paper/code/run_c_study.py,c-study-20260911-v1.1,,,paper/results/runs/c-study-20260911-v1.1/study_verification.json,H1-H5 research branch; see CONTEXT,PENDING,AI_VERIFIED
q4_2_variable_ridge-first_eval_E_kwh,C-GEN-01;C-Q2-02;C-Q3-05;C-Q4-01,Q4-2 岭回归 first_eval_E_kwh,1417.8210628811403,kWh,1e-6,paper/results/runs/c-study-20260911-v1.1/study_summary.json,q4_2_variable_ridge,first_eval_E_kwh,paper/code/run_c_study.py,c-study-20260911-v1.1,,,paper/results/runs/c-study-20260911-v1.1/study_verification.json,H1-H5 research branch; see CONTEXT,PENDING,AI_VERIFIED
q4_2_variable_ridge-last_eval_E_kwh,C-GEN-01;C-Q2-02;C-Q3-05;C-Q4-01,Q4-2 岭回归 last_eval_E_kwh,1241.2692454225553,kWh,1e-6,paper/results/runs/c-study-20260911-v1.1/study_summary.json,q4_2_variable_ridge,last_eval_E_kwh,paper/code/run_c_study.py,c-study-20260911-v1.1,,,paper/results/runs/c-study-20260911-v1.1/study_verification.json,H1-H5 research branch; see CONTEXT,PENDING,AI_VERIFIED
q4_2_variable_terminal_value-total_cost_yuan,C-GEN-01;C-Q2-02;C-Q3-05;C-Q4-01,Q4-2 终端价值 total_cost_yuan,29108948.75490117,yuan,1e-6,paper/results/runs/c-study-20260911-v1.1/study_summary.json,q4_2_variable_terminal_value,total_cost_yuan,paper/code/run_c_study.py,c-study-20260911-v1.1,,,paper/results/runs/c-study-20260911-v1.1/study_verification.json,H1-H5 research branch; see CONTEXT,PENDING,AI_VERIFIED
q4_2_variable_terminal_value-emergency_kwh,C-GEN-01;C-Q2-02;C-Q3-05;C-Q4-01,Q4-2 终端价值 emergency_kwh,2859901.544781158,kWh,1e-6,paper/results/runs/c-study-20260911-v1.1/study_summary.json,q4_2_variable_terminal_value,emergency_kwh,paper/code/run_c_study.py,c-study-20260911-v1.1,,,paper/results/runs/c-study-20260911-v1.1/study_verification.json,H1-H5 research branch; see CONTEXT,PENDING,AI_VERIFIED
q4_2_variable_terminal_value-emergency_cost_yuan,C-GEN-01;C-Q2-02;C-Q3-05;C-Q4-01,Q4-2 终端价值 emergency_cost_yuan,17418967.21360799,yuan,1e-6,paper/results/runs/c-study-20260911-v1.1/study_summary.json,q4_2_variable_terminal_value,emergency_cost_yuan,paper/code/run_c_study.py,c-study-20260911-v1.1,,,paper/results/runs/c-study-20260911-v1.1/study_verification.json,H1-H5 research branch; see CONTEXT,PENDING,AI_VERIFIED
q4_2_variable_terminal_value-first_eval_E_kwh,C-GEN-01;C-Q2-02;C-Q3-05;C-Q4-01,Q4-2 终端价值 first_eval_E_kwh,6661.678135423279,kWh,1e-6,paper/results/runs/c-study-20260911-v1.1/study_summary.json,q4_2_variable_terminal_value,first_eval_E_kwh,paper/code/run_c_study.py,c-study-20260911-v1.1,,,paper/results/runs/c-study-20260911-v1.1/study_verification.json,H1-H5 research branch; see CONTEXT,PENDING,AI_VERIFIED
q4_2_variable_terminal_value-last_eval_E_kwh,C-GEN-01;C-Q2-02;C-Q3-05;C-Q4-01,Q4-2 终端价值 last_eval_E_kwh,1200.0,kWh,1e-6,paper/results/runs/c-study-20260911-v1.1/study_summary.json,q4_2_variable_terminal_value,last_eval_E_kwh,paper/code/run_c_study.py,c-study-20260911-v1.1,,,paper/results/runs/c-study-20260911-v1.1/study_verification.json,H1-H5 research branch; see CONTEXT,PENDING,AI_VERIFIED
q4_3_midnight_only-total_cost_yuan,C-GEN-01;C-Q2-02;C-Q3-05;C-Q4-01,Q4-3 零点计划 total_cost_yuan,28451597.82040644,yuan,1e-6,paper/results/runs/c-study-20260911-v1.1/study_summary.json,q4_3_midnight_only,total_cost_yuan,paper/code/run_c_study.py,c-study-20260911-v1.1,,,paper/results/runs/c-study-20260911-v1.1/study_verification.json,H1-H5 research branch; see CONTEXT,PENDING,AI_VERIFIED
q4_3_midnight_only-emergency_kwh,C-GEN-01;C-Q2-02;C-Q3-05;C-Q4-01,Q4-3 零点计划 emergency_kwh,2704797.9703611606,kWh,1e-6,paper/results/runs/c-study-20260911-v1.1/study_summary.json,q4_3_midnight_only,emergency_kwh,paper/code/run_c_study.py,c-study-20260911-v1.1,,,paper/results/runs/c-study-20260911-v1.1/study_verification.json,H1-H5 research branch; see CONTEXT,PENDING,AI_VERIFIED
q4_3_midnight_only-emergency_cost_yuan,C-GEN-01;C-Q2-02;C-Q3-05;C-Q4-01,Q4-3 零点计划 emergency_cost_yuan,16606278.375898095,yuan,1e-6,paper/results/runs/c-study-20260911-v1.1/study_summary.json,q4_3_midnight_only,emergency_cost_yuan,paper/code/run_c_study.py,c-study-20260911-v1.1,,,paper/results/runs/c-study-20260911-v1.1/study_verification.json,H1-H5 research branch; see CONTEXT,PENDING,AI_VERIFIED
q4_3_midnight_only-first_eval_E_kwh,C-GEN-01;C-Q2-02;C-Q3-05;C-Q4-01,Q4-3 零点计划 first_eval_E_kwh,6661.678135423279,kWh,1e-6,paper/results/runs/c-study-20260911-v1.1/study_summary.json,q4_3_midnight_only,first_eval_E_kwh,paper/code/run_c_study.py,c-study-20260911-v1.1,,,paper/results/runs/c-study-20260911-v1.1/study_verification.json,H1-H5 research branch; see CONTEXT,PENDING,AI_VERIFIED
q4_3_midnight_only-last_eval_E_kwh,C-GEN-01;C-Q2-02;C-Q3-05;C-Q4-01,Q4-3 零点计划 last_eval_E_kwh,1200.0,kWh,1e-6,paper/results/runs/c-study-20260911-v1.1/study_summary.json,q4_3_midnight_only,last_eval_E_kwh,paper/code/run_c_study.py,c-study-20260911-v1.1,,,paper/results/runs/c-study-20260911-v1.1/study_verification.json,H1-H5 research branch; see CONTEXT,PENDING,AI_VERIFIED
q4_3_literal_updates-total_cost_yuan,C-GEN-01;C-Q2-02;C-Q3-05;C-Q4-01,Q4-3 新预报调整 total_cost_yuan,20700608.88565426,yuan,1e-6,paper/results/runs/c-study-20260911-v1.1/study_summary.json,q4_3_literal_updates,total_cost_yuan,paper/code/run_c_study.py,c-study-20260911-v1.1,,,paper/results/runs/c-study-20260911-v1.1/study_verification.json,H1-H5 research branch; see CONTEXT,PENDING,AI_VERIFIED
q4_3_literal_updates-emergency_kwh,C-GEN-01;C-Q2-02;C-Q3-05;C-Q4-01,Q4-3 新预报调整 emergency_kwh,1096567.7217497905,kWh,1e-6,paper/results/runs/c-study-20260911-v1.1/study_summary.json,q4_3_literal_updates,emergency_kwh,paper/code/run_c_study.py,c-study-20260911-v1.1,,,paper/results/runs/c-study-20260911-v1.1/study_verification.json,H1-H5 research branch; see CONTEXT,PENDING,AI_VERIFIED
q4_3_literal_updates-emergency_cost_yuan,C-GEN-01;C-Q2-02;C-Q3-05;C-Q4-01,Q4-3 新预报调整 emergency_cost_yuan,5997914.791790614,yuan,1e-6,paper/results/runs/c-study-20260911-v1.1/study_summary.json,q4_3_literal_updates,emergency_cost_yuan,paper/code/run_c_study.py,c-study-20260911-v1.1,,,paper/results/runs/c-study-20260911-v1.1/study_verification.json,H1-H5 research branch; see CONTEXT,PENDING,AI_VERIFIED
q4_3_literal_updates-first_eval_E_kwh,C-GEN-01;C-Q2-02;C-Q3-05;C-Q4-01,Q4-3 新预报调整 first_eval_E_kwh,6661.678135423279,kWh,1e-6,paper/results/runs/c-study-20260911-v1.1/study_summary.json,q4_3_literal_updates,first_eval_E_kwh,paper/code/run_c_study.py,c-study-20260911-v1.1,,,paper/results/runs/c-study-20260911-v1.1/study_verification.json,H1-H5 research branch; see CONTEXT,PENDING,AI_VERIFIED
q4_3_literal_updates-last_eval_E_kwh,C-GEN-01;C-Q2-02;C-Q3-05;C-Q4-01,Q4-3 新预报调整 last_eval_E_kwh,1200.0,kWh,1e-6,paper/results/runs/c-study-20260911-v1.1/study_summary.json,q4_3_literal_updates,last_eval_E_kwh,paper/code/run_c_study.py,c-study-20260911-v1.1,,,paper/results/runs/c-study-20260911-v1.1/study_verification.json,H1-H5 research branch; see CONTEXT,PENDING,AI_VERIFIED
q4_3_updates_frozen_pv-total_cost_yuan,C-GEN-01;C-Q2-02;C-Q3-05;C-Q4-01,Q4-3 冻结预报调整 total_cost_yuan,20729623.9172566,yuan,1e-6,paper/results/runs/c-study-20260911-v1.1/study_summary.json,q4_3_updates_frozen_pv,total_cost_yuan,paper/code/run_c_study.py,c-study-20260911-v1.1,,,paper/results/runs/c-study-20260911-v1.1/study_verification.json,H1-H5 research branch; see CONTEXT,PENDING,AI_VERIFIED
q4_3_updates_frozen_pv-emergency_kwh,C-GEN-01;C-Q2-02;C-Q3-05;C-Q4-01,Q4-3 冻结预报调整 emergency_kwh,1089717.0265576,kWh,1e-6,paper/results/runs/c-study-20260911-v1.1/study_summary.json,q4_3_updates_frozen_pv,emergency_kwh,paper/code/run_c_study.py,c-study-20260911-v1.1,,,paper/results/runs/c-study-20260911-v1.1/study_verification.json,H1-H5 research branch; see CONTEXT,PENDING,AI_VERIFIED
q4_3_updates_frozen_pv-emergency_cost_yuan,C-GEN-01;C-Q2-02;C-Q3-05;C-Q4-01,Q4-3 冻结预报调整 emergency_cost_yuan,5951910.038195077,yuan,1e-6,paper/results/runs/c-study-20260911-v1.1/study_summary.json,q4_3_updates_frozen_pv,emergency_cost_yuan,paper/code/run_c_study.py,c-study-20260911-v1.1,,,paper/results/runs/c-study-20260911-v1.1/study_verification.json,H1-H5 research branch; see CONTEXT,PENDING,AI_VERIFIED
q4_3_updates_frozen_pv-first_eval_E_kwh,C-GEN-01;C-Q2-02;C-Q3-05;C-Q4-01,Q4-3 冻结预报调整 first_eval_E_kwh,6661.678135423279,kWh,1e-6,paper/results/runs/c-study-20260911-v1.1/study_summary.json,q4_3_updates_frozen_pv,first_eval_E_kwh,paper/code/run_c_study.py,c-study-20260911-v1.1,,,paper/results/runs/c-study-20260911-v1.1/study_verification.json,H1-H5 research branch; see CONTEXT,PENDING,AI_VERIFIED
q4_3_updates_frozen_pv-last_eval_E_kwh,C-GEN-01;C-Q2-02;C-Q3-05;C-Q4-01,Q4-3 冻结预报调整 last_eval_E_kwh,1200.0,kWh,1e-6,paper/results/runs/c-study-20260911-v1.1/study_summary.json,q4_3_updates_frozen_pv,last_eval_E_kwh,paper/code/run_c_study.py,c-study-20260911-v1.1,,,paper/results/runs/c-study-20260911-v1.1/study_verification.json,H1-H5 research branch; see CONTEXT,PENDING,AI_VERIFIED
q4_3_fusion_updates-total_cost_yuan,C-GEN-01;C-Q2-02;C-Q3-05;C-Q4-01,Q4-3 预报融合 total_cost_yuan,20748494.685434196,yuan,1e-6,paper/results/runs/c-study-20260911-v1.1/study_summary.json,q4_3_fusion_updates,total_cost_yuan,paper/code/run_c_study.py,c-study-20260911-v1.1,,,paper/results/runs/c-study-20260911-v1.1/study_verification.json,H1-H5 research branch; see CONTEXT,PENDING,AI_VERIFIED
q4_3_fusion_updates-emergency_kwh,C-GEN-01;C-Q2-02;C-Q3-05;C-Q4-01,Q4-3 预报融合 emergency_kwh,1098428.328019135,kWh,1e-6,paper/results/runs/c-study-20260911-v1.1/study_summary.json,q4_3_fusion_updates,emergency_kwh,paper/code/run_c_study.py,c-study-20260911-v1.1,,,paper/results/runs/c-study-20260911-v1.1/study_verification.json,H1-H5 research branch; see CONTEXT,PENDING,AI_VERIFIED
q4_3_fusion_updates-emergency_cost_yuan,C-GEN-01;C-Q2-02;C-Q3-05;C-Q4-01,Q4-3 预报融合 emergency_cost_yuan,6004477.451536164,yuan,1e-6,paper/results/runs/c-study-20260911-v1.1/study_summary.json,q4_3_fusion_updates,emergency_cost_yuan,paper/code/run_c_study.py,c-study-20260911-v1.1,,,paper/results/runs/c-study-20260911-v1.1/study_verification.json,H1-H5 research branch; see CONTEXT,PENDING,AI_VERIFIED
q4_3_fusion_updates-first_eval_E_kwh,C-GEN-01;C-Q2-02;C-Q3-05;C-Q4-01,Q4-3 预报融合 first_eval_E_kwh,6661.678135423279,kWh,1e-6,paper/results/runs/c-study-20260911-v1.1/study_summary.json,q4_3_fusion_updates,first_eval_E_kwh,paper/code/run_c_study.py,c-study-20260911-v1.1,,,paper/results/runs/c-study-20260911-v1.1/study_verification.json,H1-H5 research branch; see CONTEXT,PENDING,AI_VERIFIED
q4_3_fusion_updates-last_eval_E_kwh,C-GEN-01;C-Q2-02;C-Q3-05;C-Q4-01,Q4-3 预报融合 last_eval_E_kwh,1200.0,kWh,1e-6,paper/results/runs/c-study-20260911-v1.1/study_summary.json,q4_3_fusion_updates,last_eval_E_kwh,paper/code/run_c_study.py,c-study-20260911-v1.1,,,paper/results/runs/c-study-20260911-v1.1/study_verification.json,H1-H5 research branch; see CONTEXT,PENDING,AI_VERIFIED
q4_3_refund_updates-total_cost_yuan,C-GEN-01;C-Q2-02;C-Q3-05;C-Q4-01,Q4-3 返还分支 total_cost_yuan,20904726.605315328,yuan,1e-6,paper/results/runs/c-study-20260911-v1.1/study_summary.json,q4_3_refund_updates,total_cost_yuan,paper/code/run_c_study.py,c-study-20260911-v1.1,,,paper/results/runs/c-study-20260911-v1.1/study_verification.json,H1-H5 research branch; see CONTEXT,PENDING,AI_VERIFIED
q4_3_refund_updates-emergency_kwh,C-GEN-01;C-Q2-02;C-Q3-05;C-Q4-01,Q4-3 返还分支 emergency_kwh,1100277.2341229988,kWh,1e-6,paper/results/runs/c-study-20260911-v1.1/study_summary.json,q4_3_refund_updates,emergency_kwh,paper/code/run_c_study.py,c-study-20260911-v1.1,,,paper/results/runs/c-study-20260911-v1.1/study_verification.json,H1-H5 research branch; see CONTEXT,PENDING,AI_VERIFIED
q4_3_refund_updates-emergency_cost_yuan,C-GEN-01;C-Q2-02;C-Q3-05;C-Q4-01,Q4-3 返还分支 emergency_cost_yuan,6019171.582363046,yuan,1e-6,paper/results/runs/c-study-20260911-v1.1/study_summary.json,q4_3_refund_updates,emergency_cost_yuan,paper/code/run_c_study.py,c-study-20260911-v1.1,,,paper/results/runs/c-study-20260911-v1.1/study_verification.json,H1-H5 research branch; see CONTEXT,PENDING,AI_VERIFIED
q4_3_refund_updates-first_eval_E_kwh,C-GEN-01;C-Q2-02;C-Q3-05;C-Q4-01,Q4-3 返还分支 first_eval_E_kwh,6661.678135423279,kWh,1e-6,paper/results/runs/c-study-20260911-v1.1/study_summary.json,q4_3_refund_updates,first_eval_E_kwh,paper/code/run_c_study.py,c-study-20260911-v1.1,,,paper/results/runs/c-study-20260911-v1.1/study_verification.json,H1-H5 research branch; see CONTEXT,PENDING,AI_VERIFIED
q4_3_refund_updates-last_eval_E_kwh,C-GEN-01;C-Q2-02;C-Q3-05;C-Q4-01,Q4-3 返还分支 last_eval_E_kwh,1200.0,kWh,1e-6,paper/results/runs/c-study-20260911-v1.1/study_summary.json,q4_3_refund_updates,last_eval_E_kwh,paper/code/run_c_study.py,c-study-20260911-v1.1,,,paper/results/runs/c-study-20260911-v1.1/study_verification.json,H1-H5 research branch; see CONTEXT,PENDING,AI_VERIFIED
q3_midnight_only_risk-total_cost_yuan,C-GEN-01;C-Q2-02;C-Q3-05;C-Q4-01,Q3 零点计划与余量 total_cost_yuan,16549459.335089136,yuan,1e-6,paper/results/runs/c-study-20260911-v1.1/study_summary.json,q3_midnight_only_risk,total_cost_yuan,paper/code/run_c_study.py,c-study-20260911-v1.1,paper/latex/sections/07_q3.tex,,paper/results/runs/c-study-20260911-v1.1/study_verification.json,H1-H5 research branch; see CONTEXT,PENDING,AI_VERIFIED
q3_midnight_only_risk-emergency_kwh,C-GEN-01;C-Q2-02;C-Q3-05;C-Q4-01,Q3 零点计划与余量 emergency_kwh,230790.32040346027,kWh,1e-6,paper/results/runs/c-study-20260911-v1.1/study_summary.json,q3_midnight_only_risk,emergency_kwh,paper/code/run_c_study.py,c-study-20260911-v1.1,paper/latex/sections/07_q3.tex,,paper/results/runs/c-study-20260911-v1.1/study_verification.json,H1-H5 research branch; see CONTEXT,PENDING,AI_VERIFIED
q3_midnight_only_risk-emergency_cost_yuan,C-GEN-01;C-Q2-02;C-Q3-05;C-Q4-01,Q3 零点计划与余量 emergency_cost_yuan,1478201.277516503,yuan,1e-6,paper/results/runs/c-study-20260911-v1.1/study_summary.json,q3_midnight_only_risk,emergency_cost_yuan,paper/code/run_c_study.py,c-study-20260911-v1.1,paper/latex/sections/07_q3.tex,,paper/results/runs/c-study-20260911-v1.1/study_verification.json,H1-H5 research branch; see CONTEXT,PENDING,AI_VERIFIED
q3_midnight_only_risk-first_eval_E_kwh,C-GEN-01;C-Q2-02;C-Q3-05;C-Q4-01,Q3 零点计划与余量 first_eval_E_kwh,8883.442832727162,kWh,1e-6,paper/results/runs/c-study-20260911-v1.1/study_summary.json,q3_midnight_only_risk,first_eval_E_kwh,paper/code/run_c_study.py,c-study-20260911-v1.1,paper/latex/sections/07_q3.tex,,paper/results/runs/c-study-20260911-v1.1/study_verification.json,H1-H5 research branch; see CONTEXT,PENDING,AI_VERIFIED
q3_midnight_only_risk-last_eval_E_kwh,C-GEN-01;C-Q2-02;C-Q3-05;C-Q4-01,Q3 零点计划与余量 last_eval_E_kwh,1324.0984841944369,kWh,1e-6,paper/results/runs/c-study-20260911-v1.1/study_summary.json,q3_midnight_only_risk,last_eval_E_kwh,paper/code/run_c_study.py,c-study-20260911-v1.1,paper/latex/sections/07_q3.tex,,paper/results/runs/c-study-20260911-v1.1/study_verification.json,H1-H5 research branch; see CONTEXT,PENDING,AI_VERIFIED
q3_literal_updates_risk-total_cost_yuan,C-GEN-01;C-Q2-02;C-Q3-05;C-Q4-01,Q3 新预报调整与余量 total_cost_yuan,15797807.250814365,yuan,1e-6,paper/results/runs/c-study-20260911-v1.1/study_summary.json,q3_literal_updates_risk,total_cost_yuan,paper/code/run_c_study.py,c-study-20260911-v1.1,paper/latex/sections/07_q3.tex,,paper/results/runs/c-study-20260911-v1.1/study_verification.json,H1-H5 research branch; see CONTEXT,PENDING,AI_VERIFIED
q3_literal_updates_risk-emergency_kwh,C-GEN-01;C-Q2-02;C-Q3-05;C-Q4-01,Q3 新预报调整与余量 emergency_kwh,37253.37908460044,kWh,1e-6,paper/results/runs/c-study-20260911-v1.1/study_summary.json,q3_literal_updates_risk,emergency_kwh,paper/code/run_c_study.py,c-study-20260911-v1.1,paper/latex/sections/07_q3.tex,,paper/results/runs/c-study-20260911-v1.1/study_verification.json,H1-H5 research branch; see CONTEXT,PENDING,AI_VERIFIED
q3_literal_updates_risk-emergency_cost_yuan,C-GEN-01;C-Q2-02;C-Q3-05;C-Q4-01,Q3 新预报调整与余量 emergency_cost_yuan,192857.04115952403,yuan,1e-6,paper/results/runs/c-study-20260911-v1.1/study_summary.json,q3_literal_updates_risk,emergency_cost_yuan,paper/code/run_c_study.py,c-study-20260911-v1.1,paper/latex/sections/07_q3.tex,,paper/results/runs/c-study-20260911-v1.1/study_verification.json,H1-H5 research branch; see CONTEXT,PENDING,AI_VERIFIED
q3_literal_updates_risk-first_eval_E_kwh,C-GEN-01;C-Q2-02;C-Q3-05;C-Q4-01,Q3 新预报调整与余量 first_eval_E_kwh,8883.442832727162,kWh,1e-6,paper/results/runs/c-study-20260911-v1.1/study_summary.json,q3_literal_updates_risk,first_eval_E_kwh,paper/code/run_c_study.py,c-study-20260911-v1.1,paper/latex/sections/07_q3.tex,,paper/results/runs/c-study-20260911-v1.1/study_verification.json,H1-H5 research branch; see CONTEXT,PENDING,AI_VERIFIED
q3_literal_updates_risk-last_eval_E_kwh,C-GEN-01;C-Q2-02;C-Q3-05;C-Q4-01,Q3 新预报调整与余量 last_eval_E_kwh,1349.2264908597858,kWh,1e-6,paper/results/runs/c-study-20260911-v1.1/study_summary.json,q3_literal_updates_risk,last_eval_E_kwh,paper/code/run_c_study.py,c-study-20260911-v1.1,paper/latex/sections/07_q3.tex,,paper/results/runs/c-study-20260911-v1.1/study_verification.json,H1-H5 research branch; see CONTEXT,PENDING,AI_VERIFIED
q3_updates_frozen_pv_risk-total_cost_yuan,C-GEN-01;C-Q2-02;C-Q3-05;C-Q4-01,Q3 状态反馈与余量 total_cost_yuan,15691919.567421356,yuan,1e-6,paper/results/runs/c-study-20260911-v1.1/study_summary.json,q3_updates_frozen_pv_risk,total_cost_yuan,paper/code/run_c_study.py,c-study-20260911-v1.1,paper/latex/sections/07_q3.tex,,paper/results/runs/c-study-20260911-v1.1/study_verification.json,H1-H5 research branch; see CONTEXT,PENDING,AI_VERIFIED
q3_updates_frozen_pv_risk-emergency_kwh,C-GEN-01;C-Q2-02;C-Q3-05;C-Q4-01,Q3 状态反馈与余量 emergency_kwh,44166.66680932182,kWh,1e-6,paper/results/runs/c-study-20260911-v1.1/study_summary.json,q3_updates_frozen_pv_risk,emergency_kwh,paper/code/run_c_study.py,c-study-20260911-v1.1,paper/latex/sections/07_q3.tex,,paper/results/runs/c-study-20260911-v1.1/study_verification.json,H1-H5 research branch; see CONTEXT,PENDING,AI_VERIFIED
q3_updates_frozen_pv_risk-emergency_cost_yuan,C-GEN-01;C-Q2-02;C-Q3-05;C-Q4-01,Q3 状态反馈与余量 emergency_cost_yuan,229514.287685392,yuan,1e-6,paper/results/runs/c-study-20260911-v1.1/study_summary.json,q3_updates_frozen_pv_risk,emergency_cost_yuan,paper/code/run_c_study.py,c-study-20260911-v1.1,paper/latex/sections/07_q3.tex,,paper/results/runs/c-study-20260911-v1.1/study_verification.json,H1-H5 research branch; see CONTEXT,PENDING,AI_VERIFIED
q3_updates_frozen_pv_risk-first_eval_E_kwh,C-GEN-01;C-Q2-02;C-Q3-05;C-Q4-01,Q3 状态反馈与余量 first_eval_E_kwh,8883.442832727162,kWh,1e-6,paper/results/runs/c-study-20260911-v1.1/study_summary.json,q3_updates_frozen_pv_risk,first_eval_E_kwh,paper/code/run_c_study.py,c-study-20260911-v1.1,paper/latex/sections/07_q3.tex,,paper/results/runs/c-study-20260911-v1.1/study_verification.json,H1-H5 research branch; see CONTEXT,PENDING,AI_VERIFIED
q3_updates_frozen_pv_risk-last_eval_E_kwh,C-GEN-01;C-Q2-02;C-Q3-05;C-Q4-01,Q3 状态反馈与余量 last_eval_E_kwh,1360.9459234153414,kWh,1e-6,paper/results/runs/c-study-20260911-v1.1/study_summary.json,q3_updates_frozen_pv_risk,last_eval_E_kwh,paper/code/run_c_study.py,c-study-20260911-v1.1,paper/latex/sections/07_q3.tex,,paper/results/runs/c-study-20260911-v1.1/study_verification.json,H1-H5 research branch; see CONTEXT,PENDING,AI_VERIFIED
q4_3_midnight_only_risk-total_cost_yuan,C-GEN-01;C-Q2-02;C-Q3-05;C-Q4-01,Q4-3 零点计划与余量 total_cost_yuan,16875686.45178801,yuan,1e-6,paper/results/runs/c-study-20260911-v1.1/study_summary.json,q4_3_midnight_only_risk,total_cost_yuan,paper/code/run_c_study.py,c-study-20260911-v1.1,paper/latex/sections/08_q4.tex,,paper/results/runs/c-study-20260911-v1.1/study_verification.json,H1-H5 research branch; see CONTEXT,PENDING,AI_VERIFIED
q4_3_midnight_only_risk-emergency_kwh,C-GEN-01;C-Q2-02;C-Q3-05;C-Q4-01,Q4-3 零点计划与余量 emergency_kwh,230498.410743848,kWh,1e-6,paper/results/runs/c-study-20260911-v1.1/study_summary.json,q4_3_midnight_only_risk,emergency_kwh,paper/code/run_c_study.py,c-study-20260911-v1.1,paper/latex/sections/08_q4.tex,,paper/results/runs/c-study-20260911-v1.1/study_verification.json,H1-H5 research branch; see CONTEXT,PENDING,AI_VERIFIED
q4_3_midnight_only_risk-emergency_cost_yuan,C-GEN-01;C-Q2-02;C-Q3-05;C-Q4-01,Q4-3 零点计划与余量 emergency_cost_yuan,1558094.3339959092,yuan,1e-6,paper/results/runs/c-study-20260911-v1.1/study_summary.json,q4_3_midnight_only_risk,emergency_cost_yuan,paper/code/run_c_study.py,c-study-20260911-v1.1,paper/latex/sections/08_q4.tex,,paper/results/runs/c-study-20260911-v1.1/study_verification.json,H1-H5 research branch; see CONTEXT,PENDING,AI_VERIFIED
q4_3_midnight_only_risk-first_eval_E_kwh,C-GEN-01;C-Q2-02;C-Q3-05;C-Q4-01,Q4-3 零点计划与余量 first_eval_E_kwh,8883.442832727162,kWh,1e-6,paper/results/runs/c-study-20260911-v1.1/study_summary.json,q4_3_midnight_only_risk,first_eval_E_kwh,paper/code/run_c_study.py,c-study-20260911-v1.1,paper/latex/sections/08_q4.tex,,paper/results/runs/c-study-20260911-v1.1/study_verification.json,H1-H5 research branch; see CONTEXT,PENDING,AI_VERIFIED
q4_3_midnight_only_risk-last_eval_E_kwh,C-GEN-01;C-Q2-02;C-Q3-05;C-Q4-01,Q4-3 零点计划与余量 last_eval_E_kwh,1324.0984841944369,kWh,1e-6,paper/results/runs/c-study-20260911-v1.1/study_summary.json,q4_3_midnight_only_risk,last_eval_E_kwh,paper/code/run_c_study.py,c-study-20260911-v1.1,paper/latex/sections/08_q4.tex,,paper/results/runs/c-study-20260911-v1.1/study_verification.json,H1-H5 research branch; see CONTEXT,PENDING,AI_VERIFIED
q4_3_literal_updates_risk-total_cost_yuan,C-GEN-01;C-Q2-02;C-Q3-05;C-Q4-01,Q4-3 新预报调整与余量 total_cost_yuan,16095480.691295091,yuan,1e-6,paper/results/runs/c-study-20260911-v1.1/study_summary.json,q4_3_literal_updates_risk,total_cost_yuan,paper/code/run_c_study.py,c-study-20260911-v1.1,paper/latex/sections/08_q4.tex,,paper/results/runs/c-study-20260911-v1.1/study_verification.json,H1-H5 research branch; see CONTEXT,PENDING,AI_VERIFIED
q4_3_literal_updates_risk-emergency_kwh,C-GEN-01;C-Q2-02;C-Q3-05;C-Q4-01,Q4-3 新预报调整与余量 emergency_kwh,40281.83175208813,kWh,1e-6,paper/results/runs/c-study-20260911-v1.1/study_summary.json,q4_3_literal_updates_risk,emergency_kwh,paper/code/run_c_study.py,c-study-20260911-v1.1,paper/latex/sections/08_q4.tex,,paper/results/runs/c-study-20260911-v1.1/study_verification.json,H1-H5 research branch; see CONTEXT,PENDING,AI_VERIFIED
q4_3_literal_updates_risk-emergency_cost_yuan,C-GEN-01;C-Q2-02;C-Q3-05;C-Q4-01,Q4-3 新预报调整与余量 emergency_cost_yuan,222610.48965461526,yuan,1e-6,paper/results/runs/c-study-20260911-v1.1/study_summary.json,q4_3_literal_updates_risk,emergency_cost_yuan,paper/code/run_c_study.py,c-study-20260911-v1.1,paper/latex/sections/08_q4.tex,,paper/results/runs/c-study-20260911-v1.1/study_verification.json,H1-H5 research branch; see CONTEXT,PENDING,AI_VERIFIED
q4_3_literal_updates_risk-first_eval_E_kwh,C-GEN-01;C-Q2-02;C-Q3-05;C-Q4-01,Q4-3 新预报调整与余量 first_eval_E_kwh,8883.442832727162,kWh,1e-6,paper/results/runs/c-study-20260911-v1.1/study_summary.json,q4_3_literal_updates_risk,first_eval_E_kwh,paper/code/run_c_study.py,c-study-20260911-v1.1,paper/latex/sections/08_q4.tex,,paper/results/runs/c-study-20260911-v1.1/study_verification.json,H1-H5 research branch; see CONTEXT,PENDING,AI_VERIFIED
q4_3_literal_updates_risk-last_eval_E_kwh,C-GEN-01;C-Q2-02;C-Q3-05;C-Q4-01,Q4-3 新预报调整与余量 last_eval_E_kwh,1349.2264908597858,kWh,1e-6,paper/results/runs/c-study-20260911-v1.1/study_summary.json,q4_3_literal_updates_risk,last_eval_E_kwh,paper/code/run_c_study.py,c-study-20260911-v1.1,paper/latex/sections/08_q4.tex,,paper/results/runs/c-study-20260911-v1.1/study_verification.json,H1-H5 research branch; see CONTEXT,PENDING,AI_VERIFIED
q4_3_updates_frozen_pv_risk-total_cost_yuan,C-GEN-01;C-Q2-02;C-Q3-05;C-Q4-01,Q4-3 状态反馈与余量 total_cost_yuan,15992873.097009478,yuan,1e-6,paper/results/runs/c-study-20260911-v1.1/study_summary.json,q4_3_updates_frozen_pv_risk,total_cost_yuan,paper/code/run_c_study.py,c-study-20260911-v1.1,paper/latex/sections/08_q4.tex,,paper/results/runs/c-study-20260911-v1.1/study_verification.json,H1-H5 research branch; see CONTEXT,PENDING,AI_VERIFIED
q4_3_updates_frozen_pv_risk-emergency_kwh,C-GEN-01;C-Q2-02;C-Q3-05;C-Q4-01,Q4-3 状态反馈与余量 emergency_kwh,47844.58697331711,kWh,1e-6,paper/results/runs/c-study-20260911-v1.1/study_summary.json,q4_3_updates_frozen_pv_risk,emergency_kwh,paper/code/run_c_study.py,c-study-20260911-v1.1,paper/latex/sections/08_q4.tex,,paper/results/runs/c-study-20260911-v1.1/study_verification.json,H1-H5 research branch; see CONTEXT,PENDING,AI_VERIFIED
q4_3_updates_frozen_pv_risk-emergency_cost_yuan,C-GEN-01;C-Q2-02;C-Q3-05;C-Q4-01,Q4-3 状态反馈与余量 emergency_cost_yuan,266736.4249533808,yuan,1e-6,paper/results/runs/c-study-20260911-v1.1/study_summary.json,q4_3_updates_frozen_pv_risk,emergency_cost_yuan,paper/code/run_c_study.py,c-study-20260911-v1.1,paper/latex/sections/08_q4.tex,,paper/results/runs/c-study-20260911-v1.1/study_verification.json,H1-H5 research branch; see CONTEXT,PENDING,AI_VERIFIED
q4_3_updates_frozen_pv_risk-first_eval_E_kwh,C-GEN-01;C-Q2-02;C-Q3-05;C-Q4-01,Q4-3 状态反馈与余量 first_eval_E_kwh,8883.442832727162,kWh,1e-6,paper/results/runs/c-study-20260911-v1.1/study_summary.json,q4_3_updates_frozen_pv_risk,first_eval_E_kwh,paper/code/run_c_study.py,c-study-20260911-v1.1,paper/latex/sections/08_q4.tex,,paper/results/runs/c-study-20260911-v1.1/study_verification.json,H1-H5 research branch; see CONTEXT,PENDING,AI_VERIFIED
q4_3_updates_frozen_pv_risk-last_eval_E_kwh,C-GEN-01;C-Q2-02;C-Q3-05;C-Q4-01,Q4-3 状态反馈与余量 last_eval_E_kwh,1360.9459234153414,kWh,1e-6,paper/results/runs/c-study-20260911-v1.1/study_summary.json,q4_3_updates_frozen_pv_risk,last_eval_E_kwh,paper/code/run_c_study.py,c-study-20260911-v1.1,paper/latex/sections/08_q4.tex,,paper/results/runs/c-study-20260911-v1.1/study_verification.json,H1-H5 research branch; see CONTEXT,PENDING,AI_VERIFIED
Qtwo-selected-saving,C-GEN-01;C-Q3-11;C-Q4-03,采用方案相对登记对照的节费,12588803.056606667,yuan,1e-6,paper/results/runs/c-study-20260911-v1.1/paper_derived.json,QtwoSaving,value,paper/code/run_c_study.py,c-study-20260911-v1.1,,,paper/results/runs/c-study-20260911-v1.1/study_verification.json,H1-H5 research branch; see CONTEXT,PENDING,AI_VERIFIED
Qthree-selected-saving,C-GEN-01;C-Q3-11;C-Q4-03,采用方案相对登记对照的节费,857539.7676677797,yuan,1e-6,paper/results/runs/c-study-20260911-v1.1/paper_derived.json,QthreeSaving,value,paper/code/run_c_study.py,c-study-20260911-v1.1,,,paper/results/runs/c-study-20260911-v1.1/study_verification.json,H1-H5 research branch; see CONTEXT,PENDING,AI_VERIFIED
QfourTwo-selected-saving,C-GEN-01;C-Q3-11;C-Q4-03,采用方案相对登记对照的节费,12893787.699428022,yuan,1e-6,paper/results/runs/c-study-20260911-v1.1/paper_derived.json,QfourTwoSaving,value,paper/code/run_c_study.py,c-study-20260911-v1.1,,,paper/results/runs/c-study-20260911-v1.1/study_verification.json,H1-H5 research branch; see CONTEXT,PENDING,AI_VERIFIED
QfourThree-selected-saving,C-GEN-01;C-Q3-11;C-Q4-03,采用方案相对登记对照的节费,882813.3547785301,yuan,1e-6,paper/results/runs/c-study-20260911-v1.1/paper_derived.json,QfourThreeSaving,value,paper/code/run_c_study.py,c-study-20260911-v1.1,,,paper/results/runs/c-study-20260911-v1.1/study_verification.json,H1-H5 research branch; see CONTEXT,PENDING,AI_VERIFIED
PAIR-q3_updates_frozen_pv-q3_midnight_only,C-Q3-11;C-Q4-01,固定价：增加调整机会费用变化,-7639379.954785563,yuan,1e-6,paper/results/runs/c-study-20260911-v1.1/strategy_comparison.csv,固定价：增加调整机会,annual_cost_change_yuan,paper/code/run_c_study.py,c-study-20260911-v1.1,paper/latex/sections/07_q3.tex,,paper/results/runs/c-study-20260911-v1.1/study_verification.json,H1-H5 research branch; see CONTEXT,PENDING,AI_VERIFIED
PAIR-q3_literal_updates-q3_updates_frozen_pv,C-Q3-11;C-Q4-01,固定价：采用新预报费用变化,-3561.9632065556943,yuan,1e-6,paper/results/runs/c-study-20260911-v1.1/strategy_comparison.csv,固定价：采用新预报,annual_cost_change_yuan,paper/code/run_c_study.py,c-study-20260911-v1.1,paper/latex/sections/07_q3.tex,,paper/results/runs/c-study-20260911-v1.1/study_verification.json,H1-H5 research branch; see CONTEXT,PENDING,AI_VERIFIED
PAIR-q4_3_updates_frozen_pv-q4_3_midnight_only,C-Q3-11;C-Q4-01,波动价：增加调整机会费用变化,-7721973.9031498395,yuan,1e-6,paper/results/runs/c-study-20260911-v1.1/strategy_comparison.csv,波动价：增加调整机会,annual_cost_change_yuan,paper/code/run_c_study.py,c-study-20260911-v1.1,paper/latex/sections/08_q4.tex,,paper/results/runs/c-study-20260911-v1.1/study_verification.json,H1-H5 research branch; see CONTEXT,PENDING,AI_VERIFIED
PAIR-q4_3_literal_updates-q4_3_updates_frozen_pv,C-Q3-11;C-Q4-01,波动价：采用新预报费用变化,-29015.03160234168,yuan,1e-6,paper/results/runs/c-study-20260911-v1.1/strategy_comparison.csv,波动价：采用新预报,annual_cost_change_yuan,paper/code/run_c_study.py,c-study-20260911-v1.1,paper/latex/sections/08_q4.tex,,paper/results/runs/c-study-20260911-v1.1/study_verification.json,H1-H5 research branch; see CONTEXT,PENDING,AI_VERIFIED
PAIR-q2_fixed_ridge-q2_fixed,C-Q3-11;C-Q4-01,Q2：岭回归预测费用变化,-12588803.056606667,yuan,1e-6,paper/results/runs/c-study-20260911-v1.1/strategy_comparison.csv,Q2：岭回归预测,annual_cost_change_yuan,paper/code/run_c_study.py,c-study-20260911-v1.1,paper/latex/sections/06_q2.tex,,paper/results/runs/c-study-20260911-v1.1/study_verification.json,H1-H5 research branch; see CONTEXT,PENDING,AI_VERIFIED
PAIR-q2_fixed_risk-q2_fixed,C-Q3-11;C-Q4-01,Q2：历史残差余量费用变化,-12298579.923374152,yuan,1e-6,paper/results/runs/c-study-20260911-v1.1/strategy_comparison.csv,Q2：历史残差余量,annual_cost_change_yuan,paper/code/run_c_study.py,c-study-20260911-v1.1,paper/latex/sections/06_q2.tex,,paper/results/runs/c-study-20260911-v1.1/study_verification.json,H1-H5 research branch; see CONTEXT,PENDING,AI_VERIFIED
PAIR-q3_fusion_updates-q3_literal_updates,C-Q3-11;C-Q4-01,Q3：零点与新预报融合费用变化,37625.31529011205,yuan,1e-6,paper/results/runs/c-study-20260911-v1.1/strategy_comparison.csv,Q3：零点与新预报融合,annual_cost_change_yuan,paper/code/run_c_study.py,c-study-20260911-v1.1,paper/latex/sections/07_q3.tex,,paper/results/runs/c-study-20260911-v1.1/study_verification.json,H1-H5 research branch; see CONTEXT,PENDING,AI_VERIFIED
PAIR-q2_fixed_terminal_value-q2_fixed,C-Q3-11;C-Q4-01,Q2：终端储能价值费用变化,0.0,yuan,1e-6,paper/results/runs/c-study-20260911-v1.1/strategy_comparison.csv,Q2：终端储能价值,annual_cost_change_yuan,paper/code/run_c_study.py,c-study-20260911-v1.1,paper/latex/sections/06_q2.tex,,paper/results/runs/c-study-20260911-v1.1/study_verification.json,H1-H5 research branch; see CONTEXT,PENDING,AI_VERIFIED
PAIR-q4_2_variable_ridge-q4_2_variable,C-Q3-11;C-Q4-01,Q4-2：岭回归预测费用变化,-12717361.977198925,yuan,1e-6,paper/results/runs/c-study-20260911-v1.1/strategy_comparison.csv,Q4-2：岭回归预测,annual_cost_change_yuan,paper/code/run_c_study.py,c-study-20260911-v1.1,paper/latex/sections/08_q4.tex,,paper/results/runs/c-study-20260911-v1.1/study_verification.json,H1-H5 research branch; see CONTEXT,PENDING,AI_VERIFIED
PAIR-q4_2_variable_risk-q4_2_variable,C-Q3-11;C-Q4-01,Q4-2：历史残差余量费用变化,-12893787.699428022,yuan,1e-6,paper/results/runs/c-study-20260911-v1.1/strategy_comparison.csv,Q4-2：历史残差余量,annual_cost_change_yuan,paper/code/run_c_study.py,c-study-20260911-v1.1,paper/latex/sections/08_q4.tex,,paper/results/runs/c-study-20260911-v1.1/study_verification.json,H1-H5 research branch; see CONTEXT,PENDING,AI_VERIFIED
PAIR-q4_3_fusion_updates-q4_3_literal_updates,C-Q3-11;C-Q4-01,Q4-3：预报融合费用变化,47885.79977993667,yuan,1e-6,paper/results/runs/c-study-20260911-v1.1/strategy_comparison.csv,Q4-3：预报融合,annual_cost_change_yuan,paper/code/run_c_study.py,c-study-20260911-v1.1,paper/latex/sections/08_q4.tex,,paper/results/runs/c-study-20260911-v1.1/study_verification.json,H1-H5 research branch; see CONTEXT,PENDING,AI_VERIFIED
PAIR-q4_2_variable_terminal_value-q4_2_variable,C-Q3-11;C-Q4-01,Q4-2：终端储能价值费用变化,0.0,yuan,1e-6,paper/results/runs/c-study-20260911-v1.1/strategy_comparison.csv,Q4-2：终端储能价值,annual_cost_change_yuan,paper/code/run_c_study.py,c-study-20260911-v1.1,paper/latex/sections/08_q4.tex,,paper/results/runs/c-study-20260911-v1.1/study_verification.json,H1-H5 research branch; see CONTEXT,PENDING,AI_VERIFIED
PAIR-q3_updates_frozen_pv_risk-q3_midnight_only_risk,C-Q3-11;C-Q4-01,Q3：余量与状态反馈费用变化,-857539.7676677797,yuan,1e-6,paper/results/runs/c-study-20260911-v1.1/strategy_comparison.csv,Q3：余量与状态反馈,annual_cost_change_yuan,paper/code/run_c_study.py,c-study-20260911-v1.1,paper/latex/sections/07_q3.tex,,paper/results/runs/c-study-20260911-v1.1/study_verification.json,H1-H5 research branch; see CONTEXT,PENDING,AI_VERIFIED
PAIR-q3_literal_updates_risk-q3_updates_frozen_pv_risk,C-Q3-11;C-Q4-01,Q3：余量下的新预报费用变化,105887.683393009,yuan,1e-6,paper/results/runs/c-study-20260911-v1.1/strategy_comparison.csv,Q3：余量下的新预报,annual_cost_change_yuan,paper/code/run_c_study.py,c-study-20260911-v1.1,paper/latex/sections/07_q3.tex,,paper/results/runs/c-study-20260911-v1.1/study_verification.json,H1-H5 research branch; see CONTEXT,PENDING,AI_VERIFIED
PAIR-q4_3_updates_frozen_pv_risk-q4_3_midnight_only_risk,C-Q3-11;C-Q4-01,Q4-3：余量与状态反馈费用变化,-882813.3547785301,yuan,1e-6,paper/results/runs/c-study-20260911-v1.1/strategy_comparison.csv,Q4-3：余量与状态反馈,annual_cost_change_yuan,paper/code/run_c_study.py,c-study-20260911-v1.1,paper/latex/sections/08_q4.tex,,paper/results/runs/c-study-20260911-v1.1/study_verification.json,H1-H5 research branch; see CONTEXT,PENDING,AI_VERIFIED
PAIR-q4_3_literal_updates_risk-q4_3_updates_frozen_pv_risk,C-Q3-11;C-Q4-01,Q4-3：余量下的新预报费用变化,102607.59428561293,yuan,1e-6,paper/results/runs/c-study-20260911-v1.1/strategy_comparison.csv,Q4-3：余量下的新预报,annual_cost_change_yuan,paper/code/run_c_study.py,c-study-20260911-v1.1,paper/latex/sections/08_q4.tex,,paper/results/runs/c-study-20260911-v1.1/study_verification.json,H1-H5 research branch; see CONTEXT,PENDING,AI_VERIFIED
FORECAST-mean7-load-mae,C-Q2-04;C-Q4-01,预测误差 mae,781.2110842648036,kW,1e-6,paper/results/runs/c-study-20260911-v1.1/forecast_evaluation.csv,mean7/load,mae,paper/code/evaluate_forecast_bank.py,c-study-20260911-v1.1,paper/latex/sections/06_q2.tex,,paper/results/runs/c-study-20260911-v1.1/study_verification.json,H1-H5 research branch; see CONTEXT,PENDING,AI_VERIFIED
FORECAST-mean7-load-rmse,C-Q2-04;C-Q4-01,预测误差 rmse,955.9245199188664,kW,1e-6,paper/results/runs/c-study-20260911-v1.1/forecast_evaluation.csv,mean7/load,rmse,paper/code/evaluate_forecast_bank.py,c-study-20260911-v1.1,paper/latex/sections/06_q2.tex,,paper/results/runs/c-study-20260911-v1.1/study_verification.json,H1-H5 research branch; see CONTEXT,PENDING,AI_VERIFIED
FORECAST-mean7-load-bias,C-Q2-04;C-Q4-01,预测误差 bias,-1.356398023001612,kW,1e-6,paper/results/runs/c-study-20260911-v1.1/forecast_evaluation.csv,mean7/load,bias,paper/code/evaluate_forecast_bank.py,c-study-20260911-v1.1,paper/latex/sections/06_q2.tex,,paper/results/runs/c-study-20260911-v1.1/study_verification.json,H1-H5 research branch; see CONTEXT,PENDING,AI_VERIFIED
FORECAST-mean7-pv-mae,C-Q2-04;C-Q4-01,预测误差 mae,153.39970672494297,kW,1e-6,paper/results/runs/c-study-20260911-v1.1/forecast_evaluation.csv,mean7/pv,mae,paper/code/evaluate_forecast_bank.py,c-study-20260911-v1.1,,,paper/results/runs/c-study-20260911-v1.1/study_verification.json,H1-H5 research branch; see CONTEXT,PENDING,AI_VERIFIED
FORECAST-mean7-pv-rmse,C-Q2-04;C-Q4-01,预测误差 rmse,303.85773925555964,kW,1e-6,paper/results/runs/c-study-20260911-v1.1/forecast_evaluation.csv,mean7/pv,rmse,paper/code/evaluate_forecast_bank.py,c-study-20260911-v1.1,,,paper/results/runs/c-study-20260911-v1.1/study_verification.json,H1-H5 research branch; see CONTEXT,PENDING,AI_VERIFIED
FORECAST-mean7-pv-bias,C-Q2-04;C-Q4-01,预测误差 bias,2.769202212539207,kW,1e-6,paper/results/runs/c-study-20260911-v1.1/forecast_evaluation.csv,mean7/pv,bias,paper/code/evaluate_forecast_bank.py,c-study-20260911-v1.1,,,paper/results/runs/c-study-20260911-v1.1/study_verification.json,H1-H5 research branch; see CONTEXT,PENDING,AI_VERIFIED
FORECAST-mean7-price-mae,C-Q2-04;C-Q4-01,预测误差 mae,0.08266928345689574,yuan/kWh,1e-6,paper/results/runs/c-study-20260911-v1.1/forecast_evaluation.csv,mean7/price,mae,paper/code/evaluate_forecast_bank.py,c-study-20260911-v1.1,,,paper/results/runs/c-study-20260911-v1.1/study_verification.json,H1-H5 research branch; see CONTEXT,PENDING,AI_VERIFIED
FORECAST-mean7-price-rmse,C-Q2-04;C-Q4-01,预测误差 rmse,0.1052650947390656,yuan/kWh,1e-6,paper/results/runs/c-study-20260911-v1.1/forecast_evaluation.csv,mean7/price,rmse,paper/code/evaluate_forecast_bank.py,c-study-20260911-v1.1,,,paper/results/runs/c-study-20260911-v1.1/study_verification.json,H1-H5 research branch; see CONTEXT,PENDING,AI_VERIFIED
FORECAST-mean7-price-bias,C-Q2-04;C-Q4-01,预测误差 bias,-0.00032801420967588577,yuan/kWh,1e-6,paper/results/runs/c-study-20260911-v1.1/forecast_evaluation.csv,mean7/price,bias,paper/code/evaluate_forecast_bank.py,c-study-20260911-v1.1,,,paper/results/runs/c-study-20260911-v1.1/study_verification.json,H1-H5 research branch; see CONTEXT,PENDING,AI_VERIFIED
FORECAST-ridge-load-mae,C-Q2-04;C-Q4-01,预测误差 mae,176.05466290627012,kW,1e-6,paper/results/runs/c-study-20260911-v1.1/forecast_evaluation.csv,ridge/load,mae,paper/code/evaluate_forecast_bank.py,c-study-20260911-v1.1,paper/latex/sections/06_q2.tex,,paper/results/runs/c-study-20260911-v1.1/study_verification.json,H1-H5 research branch; see CONTEXT,PENDING,AI_VERIFIED
FORECAST-ridge-load-rmse,C-Q2-04;C-Q4-01,预测误差 rmse,241.70060916932974,kW,1e-6,paper/results/runs/c-study-20260911-v1.1/forecast_evaluation.csv,ridge/load,rmse,paper/code/evaluate_forecast_bank.py,c-study-20260911-v1.1,paper/latex/sections/06_q2.tex,,paper/results/runs/c-study-20260911-v1.1/study_verification.json,H1-H5 research branch; see CONTEXT,PENDING,AI_VERIFIED
FORECAST-ridge-load-bias,C-Q2-04;C-Q4-01,预测误差 bias,-8.929323726343446,kW,1e-6,paper/results/runs/c-study-20260911-v1.1/forecast_evaluation.csv,ridge/load,bias,paper/code/evaluate_forecast_bank.py,c-study-20260911-v1.1,paper/latex/sections/06_q2.tex,,paper/results/runs/c-study-20260911-v1.1/study_verification.json,H1-H5 research branch; see CONTEXT,PENDING,AI_VERIFIED
FORECAST-ridge-pv-mae,C-Q2-04;C-Q4-01,预测误差 mae,157.70172489567727,kW,1e-6,paper/results/runs/c-study-20260911-v1.1/forecast_evaluation.csv,ridge/pv,mae,paper/code/evaluate_forecast_bank.py,c-study-20260911-v1.1,,,paper/results/runs/c-study-20260911-v1.1/study_verification.json,H1-H5 research branch; see CONTEXT,PENDING,AI_VERIFIED
FORECAST-ridge-pv-rmse,C-Q2-04;C-Q4-01,预测误差 rmse,303.56754634405274,kW,1e-6,paper/results/runs/c-study-20260911-v1.1/forecast_evaluation.csv,ridge/pv,rmse,paper/code/evaluate_forecast_bank.py,c-study-20260911-v1.1,,,paper/results/runs/c-study-20260911-v1.1/study_verification.json,H1-H5 research branch; see CONTEXT,PENDING,AI_VERIFIED
FORECAST-ridge-pv-bias,C-Q2-04;C-Q4-01,预测误差 bias,28.614890302163335,kW,1e-6,paper/results/runs/c-study-20260911-v1.1/forecast_evaluation.csv,ridge/pv,bias,paper/code/evaluate_forecast_bank.py,c-study-20260911-v1.1,,,paper/results/runs/c-study-20260911-v1.1/study_verification.json,H1-H5 research branch; see CONTEXT,PENDING,AI_VERIFIED
FORECAST-ridge-price-mae,C-Q2-04;C-Q4-01,预测误差 mae,0.04451580951626336,yuan/kWh,1e-6,paper/results/runs/c-study-20260911-v1.1/forecast_evaluation.csv,ridge/price,mae,paper/code/evaluate_forecast_bank.py,c-study-20260911-v1.1,,,paper/results/runs/c-study-20260911-v1.1/study_verification.json,H1-H5 research branch; see CONTEXT,PENDING,AI_VERIFIED
FORECAST-ridge-price-rmse,C-Q2-04;C-Q4-01,预测误差 rmse,0.06047472261560945,yuan/kWh,1e-6,paper/results/runs/c-study-20260911-v1.1/forecast_evaluation.csv,ridge/price,rmse,paper/code/evaluate_forecast_bank.py,c-study-20260911-v1.1,,,paper/results/runs/c-study-20260911-v1.1/study_verification.json,H1-H5 research branch; see CONTEXT,PENDING,AI_VERIFIED
FORECAST-ridge-price-bias,C-Q2-04;C-Q4-01,预测误差 bias,-0.0052592679628222306,yuan/kWh,1e-6,paper/results/runs/c-study-20260911-v1.1/forecast_evaluation.csv,ridge/price,bias,paper/code/evaluate_forecast_bank.py,c-study-20260911-v1.1,,,paper/results/runs/c-study-20260911-v1.1/study_verification.json,H1-H5 research branch; see CONTEXT,PENDING,AI_VERIFIED
SENS-q050-total-cost,C-Q3-11,风险分位数0.5下总费用,16251532.623920314,yuan,1e-6,paper/results/runs/c-sensitivity-20260912-risk-quantile/sensitivity_summary.csv,risk_quantile=0.5,total_cost_yuan,paper/code/run_c_sensitivity.py,c-sensitivity-20260912-risk-quantile,paper/latex/sections/05_validation.tex,paper/figures/v1.2-visual-redesign/risk-sensitivity-redesign.pdf,paper/results/runs/c-sensitivity-20260912-risk-quantile/q050/study_verification.json,Q3状态反馈+冻结光伏预报；风险分位数扫描；见 sensitivity_manifest.json,PENDING,AI_VERIFIED
SENS-q050-emergency,C-Q3-11,风险分位数0.5下紧急购电量,271775.9111618682,kWh,1e-6,paper/results/runs/c-sensitivity-20260912-risk-quantile/sensitivity_summary.csv,risk_quantile=0.5,emergency_kwh,paper/code/run_c_sensitivity.py,c-sensitivity-20260912-risk-quantile,paper/latex/sections/05_validation.tex,paper/figures/v1.2-visual-redesign/risk-sensitivity-redesign.pdf,paper/results/runs/c-sensitivity-20260912-risk-quantile/q050/study_verification.json,Q3状态反馈+冻结光伏预报；风险分位数扫描；见 sensitivity_manifest.json,PENDING,AI_VERIFIED
SENS-q060-total-cost,C-Q3-11,风险分位数0.6下总费用,15803203.800433112,yuan,1e-6,paper/results/runs/c-sensitivity-20260912-risk-quantile/sensitivity_summary.csv,risk_quantile=0.6,total_cost_yuan,paper/code/run_c_sensitivity.py,c-sensitivity-20260912-risk-quantile,paper/latex/sections/05_validation.tex,paper/figures/v1.2-visual-redesign/risk-sensitivity-redesign.pdf,paper/results/runs/c-sensitivity-20260912-risk-quantile/q060/study_verification.json,Q3状态反馈+冻结光伏预报；风险分位数扫描；见 sensitivity_manifest.json,PENDING,AI_VERIFIED
SENS-q060-emergency,C-Q3-11,风险分位数0.6下紧急购电量,154709.95824805438,kWh,1e-6,paper/results/runs/c-sensitivity-20260912-risk-quantile/sensitivity_summary.csv,risk_quantile=0.6,emergency_kwh,paper/code/run_c_sensitivity.py,c-sensitivity-20260912-risk-quantile,paper/latex/sections/05_validation.tex,paper/figures/v1.2-visual-redesign/risk-sensitivity-redesign.pdf,paper/results/runs/c-sensitivity-20260912-risk-quantile/q060/study_verification.json,Q3状态反馈+冻结光伏预报；风险分位数扫描；见 sensitivity_manifest.json,PENDING,AI_VERIFIED
SENS-q070-total-cost,C-Q3-11,风险分位数0.7下总费用,15616924.884969503,yuan,1e-6,paper/results/runs/c-sensitivity-20260912-risk-quantile/sensitivity_summary.csv,risk_quantile=0.7,total_cost_yuan,paper/code/run_c_sensitivity.py,c-sensitivity-20260912-risk-quantile,paper/latex/sections/05_validation.tex,paper/figures/v1.2-visual-redesign/risk-sensitivity-redesign.pdf,paper/results/runs/c-sensitivity-20260912-risk-quantile/q070/study_verification.json,Q3状态反馈+冻结光伏预报；风险分位数扫描；见 sensitivity_manifest.json,PENDING,AI_VERIFIED
SENS-q070-emergency,C-Q3-11,风险分位数0.7下紧急购电量,83460.3357899302,kWh,1e-6,paper/results/runs/c-sensitivity-20260912-risk-quantile/sensitivity_summary.csv,risk_quantile=0.7,emergency_kwh,paper/code/run_c_sensitivity.py,c-sensitivity-20260912-risk-quantile,paper/latex/sections/05_validation.tex,paper/figures/v1.2-visual-redesign/risk-sensitivity-redesign.pdf,paper/results/runs/c-sensitivity-20260912-risk-quantile/q070/study_verification.json,Q3状态反馈+冻结光伏预报；风险分位数扫描；见 sensitivity_manifest.json,PENDING,AI_VERIFIED
SENS-q080-total-cost,C-Q3-11,风险分位数0.8下总费用,15691919.567421356,yuan,1e-6,paper/results/runs/c-sensitivity-20260912-risk-quantile/sensitivity_summary.csv,risk_quantile=0.8,total_cost_yuan,paper/code/run_c_sensitivity.py,c-sensitivity-20260912-risk-quantile,paper/latex/sections/05_validation.tex,paper/figures/v1.2-visual-redesign/risk-sensitivity-redesign.pdf,paper/results/runs/c-sensitivity-20260912-risk-quantile/q080/study_verification.json,Q3状态反馈+冻结光伏预报；风险分位数扫描；见 sensitivity_manifest.json,PENDING,AI_VERIFIED
SENS-q080-emergency,C-Q3-11,风险分位数0.8下紧急购电量,44166.66680932182,kWh,1e-6,paper/results/runs/c-sensitivity-20260912-risk-quantile/sensitivity_summary.csv,risk_quantile=0.8,emergency_kwh,paper/code/run_c_sensitivity.py,c-sensitivity-20260912-risk-quantile,paper/latex/sections/05_validation.tex,paper/figures/v1.2-visual-redesign/risk-sensitivity-redesign.pdf,paper/results/runs/c-sensitivity-20260912-risk-quantile/q080/study_verification.json,Q3状态反馈+冻结光伏预报；风险分位数扫描；见 sensitivity_manifest.json,PENDING,AI_VERIFIED
SENS-q090-total-cost,C-Q3-11,风险分位数0.9下总费用,16106150.068612382,yuan,1e-6,paper/results/runs/c-sensitivity-20260912-risk-quantile/sensitivity_summary.csv,risk_quantile=0.9,total_cost_yuan,paper/code/run_c_sensitivity.py,c-sensitivity-20260912-risk-quantile,paper/latex/sections/05_validation.tex,paper/figures/v1.2-visual-redesign/risk-sensitivity-redesign.pdf,paper/results/runs/c-sensitivity-20260912-risk-quantile/q090/study_verification.json,Q3状态反馈+冻结光伏预报；风险分位数扫描；见 sensitivity_manifest.json,PENDING,AI_VERIFIED
SENS-q090-emergency,C-Q3-11,风险分位数0.9下紧急购电量,23201.354966236584,kWh,1e-6,paper/results/runs/c-sensitivity-20260912-risk-quantile/sensitivity_summary.csv,risk_quantile=0.9,emergency_kwh,paper/code/run_c_sensitivity.py,c-sensitivity-20260912-risk-quantile,paper/latex/sections/05_validation.tex,paper/figures/v1.2-visual-redesign/risk-sensitivity-redesign.pdf,paper/results/runs/c-sensitivity-20260912-risk-quantile/q090/study_verification.json,Q3状态反馈+冻结光伏预报；风险分位数扫描；见 sensitivity_manifest.json,PENDING,AI_VERIFIED
Q1-efficiency-definition-scan,C-BAT-04,85%至95%两种效率定义的独立求解场景数,82,scenarios,0,paper/results/runs/c-figure18-efficiency-20260913/verification.json,scenarios,,paper/code/compute_figure18_efficiency.py,c-figure18-efficiency-20260913,paper/latex/sections/05_validation.tex:fig:efficiency,paper/figures/v1.2-visual-redesign/check-efficiency.pdf,paper/results/runs/c-figure18-efficiency-20260913/verification.json,两种效率定义的确定性范围,PENDING,AI_VERIFIED
