figure_id,title,claim_id,paper_location,result_file,plot_script,output_file,status
fig:system,微网供电与储能调节关系,,paper/latex/sections/01_problem.tex:fig:system,paper/inputs/C题.pdf;paper/latex/sections/01_problem.tex,paper/latex/sections/01_problem.tex,paper/latex/sections/01_problem.tex,MODEL_DIAGRAM
fig:input-typical,典型日负荷、光伏预测与分时电价,,paper/latex/sections/04_preparation.tex:fig:input-typical,paper/data/附件1.xlsx,paper/code/plot_figure1_selected.py,paper/figures/v1.2-visual-redesign/input-typical.pdf,DATA_VERIFIED
fig:input-year,全年实际负荷与光伏发电分布,,paper/latex/sections/04_preparation.tex:fig:input-year,paper/data/附件2.xlsx,Each Stage Review Work/20260922-103-figure2-caption-qa/make_input_year_combined_pil.py,paper/figures/v1.2-visual-redesign/input-year-combined.pdf,DATA_VERIFIED
fig:workflow,四个问题的建模与求解关系,,paper/latex/sections/04_preparation.tex:fig:workflow,/Users/futaoran/Desktop/申请/组织结构图-可编辑重建-v9.pdf,,paper/figures/v1.2-visual-redesign/workflow-user-vector-v9.pdf,USER_SUPPLIED_VECTOR_PDF_UNMODIFIED
fig:q1-dispatch,问题一的典型日购电与储能变化,,paper/latex/sections/05_q1.tex:fig:q1-dispatch,paper/results/runs/c-study-20260911-v1.1/q1_schedule_interval_end_assumption.csv,paper/code/plot_figure4_selected.py,paper/figures/v1.2-visual-redesign/q1-dispatch.pdf,DATA_VERIFIED
fig:efficiency,不同储能效率定义下的典型日购电费用,,paper/latex/sections/05_validation.tex:fig:efficiency,paper/results/runs/c-study-20260911-v1.1/q1_summary.json;paper/results/runs/c-figure18-efficiency-20260913/efficiency_scan.csv,paper/code/compute_figure18_efficiency.py;paper/code/plot_figure18_efficiency.py;paper/code/export_figure18_ppt.py,paper/figures/v1.2-visual-redesign/check-efficiency.pdf,DATA_VERIFIED
fig:q2-forecast,指定日期的实际负荷与日前预测,,paper/latex/sections/06_q2.tex:fig:q2-forecast,paper/results/runs/c-study-20260911-v1.1/study_slots_q2_fixed.csv;paper/results/runs/c-study-20260911-v1.1/study_slots_q2_fixed_ridge.csv,Each Stage Review Work/20260913-75-fig6-fig11-redesign/after/redraw_pil.py,paper/figures/v1.2-visual-redesign/q2-forecast-days-redesign.pdf,DATA_VERIFIED
fig:q2-compare,问题二的负荷预测误差与实际运行费用,,paper/latex/sections/06_q2.tex:fig:q2-compare,paper/results/runs/c-study-20260911-v1.1/forecast_evaluation.csv;paper/results/runs/c-study-20260911-v1.1/study_summary.json,paper/code/compose_q2_compare.py;Each Stage Review Work/20260917-77-fig5-fig7-fig12-fig19-redesign/after/redraw_pil.py,paper/figures/v1.2-visual-redesign/q2-compare-redesign.pdf,DATA_VERIFIED
fig:q2-state,问题二指定日期的储能变化,,paper/latex/sections/06_q2.tex:fig:q2-state,paper/results/runs/c-study-20260911-v1.1/study_slots_q2_fixed_ridge.csv,paper/code/build_v11_publication.py,paper/figures/v1.2-visual-redesign/q2-state.pdf,DATA_VERIFIED
fig:q3-pv,3月20日实际光伏与各时刻发布的预报,,paper/latex/sections/07_q3.tex:fig:q3-pv,paper/data/附件2.xlsx;paper/data/附件3.xlsx;paper/code/c_forecast.py,paper/code/build_v11_publication.py,paper/figures/v1.2-visual-redesign/q3-pv-versions.pdf,DATA_VERIFIED
fig:q3-risk,历史误差余量对计划净负荷的修正,,paper/latex/sections/07_q3.tex:fig:q3-risk,paper/results/runs/c-study-20260911-v1.1/study_slots_q3_updates_frozen_pv_risk.csv,paper/code/build_v11_publication.py,paper/figures/v1.2-visual-redesign/q3-risk.pdf,DATA_VERIFIED
fig:dynamic-time,零点计划与日内动态调整时序,,paper/latex/sections/07_q3.tex:fig:dynamic-time,paper/inputs/C题.pdf;paper/latex/sections/07_q3.tex,Each Stage Review Work/20260913-75-fig6-fig11-redesign/after/redraw_pil.py,paper/figures/v1.2-visual-redesign/dynamic-time-redesign.pdf,MODEL_DIAGRAM
fig:q3-compare,相同历史余量下的日内调整方案比较,,paper/latex/sections/07_q3.tex:fig:q3-compare,paper/results/runs/c-study-20260911-v1.1/study_summary.json,Each Stage Review Work/20260917-77-fig5-fig7-fig12-fig19-redesign/after/redraw_pil.py,paper/figures/v1.2-visual-redesign/q3-compare-redesign.pdf,DATA_VERIFIED
fig:q3-state,问题三指定日期的实际储能变化,,paper/latex/sections/07_q3.tex:fig:q3-state,paper/results/runs/c-study-20260911-v1.1/study_slots_q3_updates_frozen_pv_risk.csv,paper/code/build_v11_publication.py,paper/figures/v1.2-visual-redesign/q3-state.pdf,DATA_VERIFIED
fig:q4-price,指定日期的预测电价与实际电价,,paper/latex/sections/08_q4.tex:fig:q4-price,paper/results/runs/c-study-20260911-v1.1/study_slots_q4_2_variable_risk.csv,Each Stage Review Work/20260916-76-fig14-fig15-redesign/after/redraw_pil.py,paper/figures/v1.2-visual-redesign/q4-price-redesign.pdf,DATA_VERIFIED
fig:q4-cost,波动电价下不同方案的总购电费用比较,,paper/latex/sections/08_q4.tex:fig:q4-cost,paper/results/runs/c-study-20260911-v1.1/study_daily.csv,Each Stage Review Work/20260916-76-fig14-fig15-redesign/after/redraw_pil.py,paper/figures/v1.2-visual-redesign/q4-cost-redesign.pdf,DATA_VERIFIED
fig:q4-state,波动电价下两种方案的指定日期储能变化,,paper/latex/sections/08_q4.tex:fig:q4-state,paper/results/runs/c-study-20260911-v1.1/study_slots_q4_2_variable_risk.csv;paper/results/runs/c-study-20260911-v1.1/study_slots_q4_3_updates_frozen_pv_risk.csv,paper/code/build_v11_publication.py,paper/figures/v1.2-visual-redesign/q4-state.pdf,DATA_VERIFIED
fig:risk-sensitivity,历史正残差分位数对总费用和紧急购电量的影响,,paper/latex/sections/05_validation.tex:fig:risk-sensitivity,paper/results/runs/c-sensitivity-20260912-risk-quantile/sensitivity_summary.csv,Each Stage Review Work/20260917-77-fig5-fig7-fig12-fig19-redesign/after/redraw_pil.py,paper/figures/v1.2-visual-redesign/risk-sensitivity-redesign.pdf,DATA_VERIFIED
fig:q1-storage-summary,问题一四小时充放电量,,paper/latex/sections/05_q1.tex:fig:q1-storage-summary,paper/results/runs/c-study-20260911-v1.1/q1_summary.json,Each Stage Review Work/20260917-77-fig5-fig7-fig12-fig19-redesign/after/redraw_pil.py,paper/figures/v1.2-visual-redesign/q1-storage-summary-redesign.pdf,DATA_VERIFIED
fig:q43-storage-summary,问题四日内调整的四小时充放电量,,paper/latex/sections/08_q4.tex:fig:q43-storage-summary,paper/results/runs/c-study-20260911-v1.1/study_slots_q4_3_updates_frozen_pv_risk.csv,Each Stage Review Work/20260913-74-fig5-fig17-redesign/after/redraw_pil.py,paper/figures/v1.2-visual-redesign/q43-storage-summary-redesign.pdf,DATA_VERIFIED
