added_copy_bytes,cache_expected_gain,cache_hit_bytes,cache_hit_count,cache_hit_rate,cache_miss_bytes,cache_miss_count,cache_query_bytes,cache_query_count,cache_replay_error,cache_reuse_potential,cache_service_bytes,cache_service_cycles,candidate,case,copy_bytes,cores,cross_read_bytes,cross_write_bytes,ddr_service_bytes,ddr_service_cycles,evaluation_seconds,gpu_backend,input_read_bytes,light_time,loads,makespan,original_graph_copy_bytes,output_write_bytes,partition_added_copy_bytes,plan_sha256,pressure_bytes,profile_score,profile_seconds,scene,scheduled_copy_bytes,score,source,spill_added_copy_bytes,status
1229146,0.0,0,0,0.0,0,0,0,0,,0,0,0,L3_base,case_006,1772494,1,584106,584106,1772494,29542,0.1084828330003802,mps,604198,87660,{'0': 87660},80821,543348,84,1229146,aeafe53d9abc22cf9a89b11600b239e5bc0e68b105d0d83dae9a9dbbbfab129d,294436,"[89586, 1772494, 0]",0.06851229200037778,A,1772494,"[87660, 1772494, 294436, 0, 0]",legacy_seed,0,AI_VERIFIED
278560,0.0,0,0,0.0,0,0,0,0,,0,0,0,B3_base,case_006,543348,1,0,0,543348,9056,0.08191062500009139,mps,543264,87660,{'0': 87660},73949,543348,84,0,a3c6cdc7fe8ea279c067752375b79441357ec74830056a2a5a04b58e09ea2b63,65536,"[73559, 821908, 278560]",0.08322329199836531,B,821908,"[87660, 543348, 65536, 0, 0]",seed,278560,AI_VERIFIED
278560,0.0,8192,0,0.011930560410113015,678448,131,543264,131,,466834,0,0,incumbent_aggregate,case_006,543348,1,0,0,543348,9056,0.0704867500007822,mps,543264,87660,{'0': 87660},73949,543348,84,0,aa4d2aa2706a60cf550a5048acc0fe3700b8e228796dd1d0ec071393711a50dc,65536,"[73559, 13561.933333333332, -8192, 278560]",0.08460295800068707,C,821908,"[87660, 543348, 65536, 0, -466834]",aggregate,278560,AI_VERIFIED
56200,0.0,0,0,0.0,0,0,0,0,,0,0,0,L1_base,case_006,587252,2,0,0,587252,9788,0.06455029100106913,mps,587168,43882,"{'0': 43882, '1': 43778}",42696,543348,84,43904,c9d738c97dbd8e72cbed1f1261d5c556fb9868adf80a081f527efa3bcb126b43,14,"[46351, 599548, 12296]",0.07043979199988826,A,599548,"[43882, 587252, 14, 0, 0]",legacy_seed,12296,AI_VERIFIED
56200,0.0,0,0,0.0,0,0,0,0,,0,0,0,L1_base,case_006,587252,2,0,0,587252,9788,0.09526775000085763,mps,587168,43882,"{'0': 43882, '1': 43778}",42696,543348,84,43904,c9d738c97dbd8e72cbed1f1261d5c556fb9868adf80a081f527efa3bcb126b43,14,"[42422, 599548, 12296]",0.08878808400004345,B,599548,"[43882, 587252, 14, 0, 0]",legacy_seed,12296,AI_VERIFIED
56200,556.1173333333334,56192,13,0.09373769726086811,543268,131,587168,144,,320000,43904,176,incumbent_split_release_g0_p4,case_006,587252,2,0,0,543348,9056,0.0737539999990986,mps,587168,43882,"{'0': 43882, '1': 43778}",41180,543348,84,43904,995200c64ffaeab78f3519c4d8c746c20b970bbce75045968e5995e11f5b7225,14,"[40906, 9055.933333333332, -56192, 12296]",0.07330374999946798,C,599548,"[43882, 587252, 14, -43904, -320000]",timing,12296,AI_VERIFIED
30080,0.0,0,0,0.0,0,0,0,0,,0,0,0,L1_base,case_006,573428,3,0,0,573428,9558,0.08182775000022957,mps,573344,30328,"{'0': 30328, '1': 28585, '2': 28747}",31152,543348,84,30080,4b7cde5ab9e4d7e83597b19de672caaf871fdfbc275c678c3a25927f0a995b14,0,"[32199, 573428, 0]",0.07786024999950314,A,573428,"[30328, 573428, 0, 0, 0]",legacy_seed,0,AI_VERIFIED
30080,0.0,0,0,0.0,0,0,0,0,,0,0,0,L1_base,case_006,573428,3,0,0,573428,9558,0.10365133300001617,mps,573344,30328,"{'0': 30328, '1': 28585, '2': 28747}",31152,543348,84,30080,4b7cde5ab9e4d7e83597b19de672caaf871fdfbc275c678c3a25927f0a995b14,0,"[30603, 573428, 0]",0.05956658300056006,B,573428,"[30328, 573428, 0, 0, 0]",legacy_seed,0,AI_VERIFIED
56200,556.1173333333334,56192,13,0.09373769726086811,543268,131,587168,144,,320000,43904,176,lower_core_base,case_006,587252,3,0,0,543348,9056,0.07720608400086348,mps,587168,43882,"{'0': 43882, '1': 43778}",41180,543348,84,43904,a742658d7ce2b1448a7c0d10226ec73b70584eb31257d6c4f62c292d8eea6ba5,14,"[40906, 9055.933333333332, -56192, 12296]",0.07909029199981887,C,599548,"[43882, 587252, 14, -43904, -320000]",lower_core,12296,AI_VERIFIED
61184,0.0,0,0,0.0,0,0,0,0,,0,0,0,L1_base,case_006,604532,4,0,0,604532,10076,0.08236274999944726,mps,604448,30328,"{'0': 30328, '1': 19027, '2': 18913, '3': 19392}",31428,543348,84,61184,b464bbefe7e87aac0187ca1c2e35d85812cca9cc67ca3bc57c4d253d722c0d22,0,"[32199, 604532, 0]",0.06785349999881873,A,604532,"[30328, 604532, 0, 0, 0]",legacy_seed,0,AI_VERIFIED
61184,0.0,0,0,0.0,0,0,0,0,,0,0,0,L1_base,case_006,604532,4,0,0,604532,10076,0.10608170800151129,mps,604448,30328,"{'0': 30328, '1': 19027, '2': 18913, '3': 19392}",31428,543348,84,61184,b464bbefe7e87aac0187ca1c2e35d85812cca9cc67ca3bc57c4d253d722c0d22,0,"[30603, 604532, 0]",0.07434720899982494,B,604532,"[30328, 604532, 0, 0, 0]",legacy_seed,0,AI_VERIFIED
11648,43.775999999999996,11648,3,0.020990715645003172,543264,131,546720,134,,0,3456,14,C1_base,case_006,546804,4,0,0,543348,9056,0.07792662499923608,mps,546720,42362,"{'0': 30328, '1': 42362, '2': 14970}",39772,543348,84,3456,f27d54e43b38013ed6a9fa421ede6facc3761442fe3a71387d792e9c3ecedcd5,10,"[39115, 9055.8, -11648, 8192]",0.0879283750000468,C,554996,"[42362, 546804, 10, -3456, 0]",seed,8192,AI_VERIFIED
64640,0.0,0,0,0.0,0,0,0,0,,0,0,0,L1_base,case_006,607988,5,0,0,607988,10134,0.08446279100098764,mps,607904,30328,"{'0': 30328, '1': 14432, '2': 14414, '3': 14140, '4': 14346}",31753,543348,84,64640,514b80838b0522f3c036162fe40419118a3c30e17e41a1f5dd13fc6aae517d82,0,"[32199, 607988, 0]",0.06305162500029837,A,607988,"[30328, 607988, 0, 0, 0]",legacy_seed,0,AI_VERIFIED
64640,0.0,0,0,0.0,0,0,0,0,,0,0,0,L1_base,case_006,607988,5,0,0,607988,10134,0.10273229099948367,mps,607904,30328,"{'0': 30328, '1': 14432, '2': 14414, '3': 14140, '4': 14346}",31753,543348,84,64640,514b80838b0522f3c036162fe40419118a3c30e17e41a1f5dd13fc6aae517d82,0,"[30603, 607988, 0]",0.09770970899990061,B,607988,"[30328, 607988, 0, 0, 0]",legacy_seed,0,AI_VERIFIED
11648,43.775999999999996,11648,3,0.020990715645003172,543264,131,546720,134,,0,3456,14,C1_base,case_006,546804,5,0,0,543348,9056,0.10015108399966266,mps,546720,42362,"{'0': 30328, '1': 42362, '2': 14970}",39772,543348,84,3456,12fbd9e746dc1ca19c1676a7064e7f9b0006c224ac6c0325654816b298875a49,10,"[39115, 9055.8, -11648, 8192]",0.0653372920005495,C,554996,"[42362, 546804, 10, -3456, 0]",seed,8192,AI_VERIFIED
0,0.0,0,0,0.0,0,0,0,0,,0,0,0,A2_base,case_020,2359296,1,0,0,2359296,39322,0.7709843329994328,mps,1179648,532608,{'0': 532608},532984,2359296,1179648,0,1c46af8cb5222d0250c14b507bc8ffbbe7423d1b735ec6047fc4c94f5a04f57f,0,"[532984, 2359296, 0]",0.730522750000091,A,2359296,"[532608, 2359296, 0, 0, 0]",seed,0,AI_VERIFIED
10784768,0.0,0,0,0.0,0,0,0,0,,0,0,0,L2_base,case_020,2359296,1,0,0,2359296,39322,1.9554721250005969,mps,1179648,532608,{'0': 532608},548280,2359296,1179648,0,cec75d3db8b27423bc14845337acd4e7f3328e230f7db360c1af08321ab54be7,5971968,"[539025, 13144064, 10784768]",1.7479923340015375,B,13144064,"[532608, 2359296, 5971968, 0, 0]",legacy_seed,10784768,AI_VERIFIED
0,0.0,0,0,0.0,1179648,288,1179648,288,,0,0,0,incumbent_base,case_020,2359296,1,0,0,2359296,39322,2.230534500000431,mps,1179648,532608,{'0': 532608},532746,2359296,1179648,0,7ddee8492be9d4e50fbf482badb38b6b5fc65bf73aa53b9d8c47733aca95ef7d,0,"[532746, 39321.6, 0, 0]",2.1525998750003055,C,2359296,"[532608, 2359296, 0, 0, 0]",incumbent,0,AI_VERIFIED
0,0.0,0,0,0.0,0,0,0,0,,0,0,0,A2_base,case_020,2359296,2,0,0,2359296,39322,0.9133678750004037,mps,1179648,266532,"{'0': 266532, '1': 266076}",266977,2359296,1179648,0,a49a1d98b54017e8d05154be0409b61733fa6140eceac39ede5c96356ec45835,0,"[266908, 2359296, 0]",0.7948912089996156,A,2359296,"[266532, 2359296, 0, 0, 0]",seed,0,AI_VERIFIED
26927104,0.0,0,0,0.0,0,0,0,0,,0,0,0,L2_base,case_020,17293312,2,6877184,6877184,17293312,288222,2.0534076250005455,mps,2359296,288222,"{'0': 266304, '1': 266304}",636528,2359296,1179648,14934016,2978bf27695329cb23cdc2b0a69ef2abe3cf1a9815247f2bad720f620826876e,4083712,"[546360, 29286400, 11993088]",2.1887806670001737,B,29286400,"[288222, 17293312, 4083712, 0, 0]",legacy_seed,11993088,AI_VERIFIED
0,0.0,0,0,0.0,1179648,288,1179648,288,,0,0,0,C0_base,case_020,2359296,2,0,0,2359296,39322,2.1878113750008197,mps,1179648,532608,{'0': 532608},532746,2359296,1179648,0,0a4706046914e69ce2c9a4e2cf0cb64b51a8d0f5a7a1bda83b8072f8ebd2d114,0,"[532746, 39321.6, 0, 0]",2.20187420900038,C,2359296,"[532608, 2359296, 0, 0, 0]",seed,0,AI_VERIFIED
0,0.0,0,0,0.0,0,0,0,0,,0,0,0,A2_base,case_020,2359296,3,0,0,2359296,39322,1.0984816669988504,mps,1179648,178524,"{'0': 178524, '1': 177156, '2': 176928}",179245,2359296,1179648,0,55b7549329fb477e769888b92363dcd1f5675b92215a97350b0104d5d29021b1,0,"[178900, 2359296, 0]",0.9641724590001104,A,2359296,"[178524, 2359296, 0, 0, 0]",seed,0,AI_VERIFIED
37523456,0.0,0,0,0.0,0,0,0,0,,0,0,0,L2_base,case_020,28385280,3,11833344,11833344,28385280,473088,3.569916917000228,mps,3538944,473088,"{'0': 177536, '1': 177536, '2': 177536}",771750,2359296,1179648,26025984,2efb4e36b00ef13b692bbc22c1dd8bd3b99f740768603e1d5d1964b3a92fd206,3645440,"[657818, 39882752, 11497472]",2.6774421669997537,B,39882752,"[473088, 28385280, 3645440, 0, 0]",legacy_seed,11497472,AI_VERIFIED
0,0.0,0,0,0.0,1179648,288,1179648,288,,0,0,0,lower_core_base,case_020,2359296,3,0,0,2359296,39322,1.6894650409994938,mps,1179648,266304,"{'0': 266304, '1': 266304}",266580,2359296,1179648,0,982c4da9537de5c4da62e6613b0d11e8fba83e357e614407bf75e1f3e209f481,0,"[266442, 39321.6, 0, 0]",1.7666979579989857,C,2359296,"[266304, 2359296, 0, 0, 0]",lower_core,0,AI_VERIFIED
0,0.0,0,0,0.0,0,0,0,0,,0,0,0,A2_base,case_020,2359296,4,0,0,2359296,39322,0.9226041670008271,mps,1179648,133608,"{'0': 133456, '1': 132544, '2': 133000, '3': 133608}",134373,2359296,1179648,0,d0bad8caa75d0349cd3bb3eba273436264900951328f10d5f91b60455f56a87c,0,"[133984, 2359296, 0]",0.973192375000508,A,2359296,"[133608, 2359296, 0, 0, 0]",seed,0,AI_VERIFIED
42323968,0.0,0,0,0.0,0,0,0,0,,0,0,0,L2_base,case_020,35086336,4,14819328,14819328,35086336,584773,2.4949922089999745,mps,4268032,584773,"{'0': 133152, '1': 133152, '2': 133152, '3': 133152}",813867,2359296,1179648,32727040,d7f8f098b492e2fa640b6cb937977e9987ff52d5e032340e949338947ff271fb,3108864,"[741006, 44683264, 9596928]",2.2344879579995904,B,44683264,"[584773, 35086336, 3108864, 0, 0]",legacy_seed,9596928,AI_VERIFIED
0,0.0,0,0,0.0,1179648,288,1179648,288,,0,0,0,lower_core_base,case_020,2359296,4,0,0,2359296,39322,1.3611397910008236,mps,1179648,177536,"{'0': 177536, '1': 177536, '2': 177536}",177950,2359296,1179648,0,8668395f77bf874110588e97a6b26096c95f3ef29c05417e2b715b75bdbd36e1,0,"[177674, 39321.6, 0, 0]",1.4494349160013371,C,2359296,"[177536, 2359296, 0, 0, 0]",lower_core,0,AI_VERIFIED
0,0.0,0,0,0.0,0,0,0,0,,0,0,0,L1_base,case_020,2359296,5,0,0,2359296,39322,1.0976693339998747,mps,1179648,107236,"{'0': 105716, '1': 107236, '2': 105640, '3': 107008, '4': 107008}",107650,2359296,1179648,0,21b4f2bcfcd10672e44244329af010bcb18fe257d247e9057058fe7fdd09aa12,0,"[107374, 2359296, 0]",0.8047972080003092,A,2359296,"[107236, 2359296, 0, 0, 0]",legacy_seed,0,AI_VERIFIED
0,0.0,0,0,0.0,0,0,0,0,,0,0,0,L1_base,case_020,2359296,5,0,0,2359296,39322,1.2377326669993636,mps,1179648,107236,"{'0': 105716, '1': 107236, '2': 105640, '3': 107008, '4': 107008}",107650,2359296,1179648,0,21b4f2bcfcd10672e44244329af010bcb18fe257d247e9057058fe7fdd09aa12,0,"[107374, 2359296, 0]",1.181126667001081,B,2359296,"[107236, 2359296, 0, 0, 0]",legacy_seed,0,AI_VERIFIED
0,0.0,0,0,0.0,1179648,288,1179648,288,,0,0,0,lower_core_base,case_020,2359296,5,0,0,2359296,39322,1.1591854159996728,mps,1179648,133152,"{'0': 133152, '1': 133152, '2': 133152, '3': 133152}",133704,2359296,1179648,0,399906d1fdd546a73ca39431677eece610498393bae0ff0d864d47596ccd6e1a,0,"[133290, 39321.6, 0, 0]",1.1184551660007855,C,2359296,"[133152, 2359296, 0, 0, 0]",lower_core,0,AI_VERIFIED
729904,0.0,0,0,0.0,0,0,0,0,,0,0,0,L3_base,case_049,882444,1,364320,364320,882444,14708,0.5984806670003309,mps,153768,261179,{'0': 261179},197029,152540,36,729904,50ae9024cb64df41ddd3ae41bbf146e5a38501cbccadba62c3834782052ddd8a,59524,"[243333, 882444, 0]",0.5019159169987688,A,882444,"[261179, 882444, 59524, 0, 0]",legacy_seed,0,AI_VERIFIED
41984,0.0,0,0,0.0,0,0,0,0,,0,0,0,B2_base,case_049,152540,1,0,0,152540,2543,1.0210874589993182,mps,152504,261179,{'0': 261179},195430,152540,36,0,763a72f800e1a81d0b54d4b8ced37b6ef832d45e801a12f77cd51b4b4a09d2f5,18564,"[195430, 194524, 41984]",0.9862865830000374,B,194524,"[261179, 152540, 18564, 0, 0]",seed,41984,AI_VERIFIED
41984,0.0,0,0,0.0,173496,144,152504,144,,328246,0,0,incumbent_split_height_g1_p4,case_049,152540,1,0,0,152540,2543,0.9696050420006941,mps,152504,261179,{'0': 261179},194548,152540,36,0,bc77074ffe2e8e359cc1ee4178f7903a17a88e7c874b937748ad25c6d3d1d421,18564,"[194548, 3242.0666666666666, 0, 41984]",1.073109957998895,C,194524,"[261179, 152540, 18564, 0, -328246]",timing,41984,AI_VERIFIED
1515390,0.0,0,0,0.0,0,0,0,0,,0,0,0,L3_base,case_049,1667930,2,759456,734368,1667930,27799,0.6303342499995779,mps,174070,136475,"{'0': 124704, '1': 136475}",218489,152540,36,1515390,478a4ee6c62d22c41255caed18c4efc8b026475386cd42090f56156025fc0787,0,"[242107, 1667930, 0]",0.534511208999902,A,1667930,"[136475, 1667930, 0, 0, 0]",legacy_seed,0,AI_VERIFIED
729830,0.0,0,0,0.0,0,0,0,0,,0,0,0,L2_base,case_049,882370,2,364320,364320,882370,14707,0.7990748750016792,mps,153694,133847,"{'0': 133847, '1': 127332}",178903,152540,36,729830,d3757b45a7647b72ca5a81755447443f766faaa0b3b00c3eb77e5d4cf6bd9f1f,0,"[178874, 882370, 0]",0.839379375000135,B,882370,"[133847, 882370, 0, 0, 0]",legacy_seed,0,AI_VERIFIED
41984,0.0,0,0,0.0,173496,144,152504,144,,328246,0,0,lower_core_base,case_049,152540,2,0,0,152540,2543,1.0853936250005063,mps,152504,261179,{'0': 261179},194548,152540,36,0,a9329f7cedb964bdc8173c448a439dedc20cacb13eaeafde62c3770a9e118f5c,18564,"[194548, 3242.0666666666666, 0, 41984]",0.9940250000017841,C,194524,"[261179, 152540, 18564, 0, -328246]",lower_core,41984,AI_VERIFIED
0,0.0,0,0,0.0,0,0,0,0,,0,0,0,L1_base,case_049,152540,3,0,0,152540,2543,0.8487163749996398,mps,152504,223656,"{'0': 223656, '1': 18042, '2': 19481}",160224,152540,36,0,ba66a143f1a86eb924c2c711264b16f879b930af90d390a78018f09c7767c7d9,0,"[213682, 152540, 0]",0.7551565840003605,A,152540,"[223656, 152540, 0, 0, 0]",legacy_seed,0,AI_VERIFIED
0,0.0,0,0,0.0,0,0,0,0,,0,0,0,L1_base,case_049,152540,3,0,0,152540,2543,0.9944747910012666,mps,152504,223656,"{'0': 223656, '1': 18042, '2': 19481}",160224,152540,36,0,ba66a143f1a86eb924c2c711264b16f879b930af90d390a78018f09c7767c7d9,0,"[160188, 152540, 0]",0.8269352089992026,B,152540,"[223656, 152540, 0, 0, 0]",legacy_seed,0,AI_VERIFIED
0,0.0,0,0,0.0,152504,144,152504,144,,0,0,0,C0_base,case_049,152540,3,0,0,152540,2543,0.9232600830000592,mps,152504,261179,{'0': 261179},196276,152540,36,0,1c13d51a27a6040fd61650e7ebd7db544b1f07a37b8ad9a70f475750435d7692,0,"[196276, 2542.3333333333335, 0, 0]",0.9741773750010907,C,152540,"[261179, 152540, 0, 0, 0]",seed,0,AI_VERIFIED
0,0.0,0,0,0.0,0,0,0,0,,0,0,0,L1_base,case_049,152540,4,0,0,152540,2543,0.8930931249997229,mps,152504,223656,"{'0': 223656, '1': 11757, '2': 11776, '3': 13990}",160242,152540,36,0,ded94b43c183cde507de9caf11af60ffdf889906277248a46b47a4a031b80c21,0,"[213682, 152540, 0]",0.7418240839997452,A,152540,"[223656, 152540, 0, 0, 0]",legacy_seed,0,AI_VERIFIED
0,0.0,0,0,0.0,0,0,0,0,,0,0,0,L1_base,case_049,152540,4,0,0,152540,2543,0.9347673749998648,mps,152504,223656,"{'0': 223656, '1': 11757, '2': 11776, '3': 13990}",160242,152540,36,0,ded94b43c183cde507de9caf11af60ffdf889906277248a46b47a4a031b80c21,0,"[160188, 152540, 0]",0.8642647500000749,B,152540,"[223656, 152540, 0, 0, 0]",legacy_seed,0,AI_VERIFIED
0,0.0,0,0,0.0,152504,144,152504,144,,0,0,0,C0_base,case_049,152540,4,0,0,152540,2543,1.00139237500116,mps,152504,261179,{'0': 261179},196276,152540,36,0,00bf865dad7e633d1f8e968e06b351f8fa4255f09bfac2a80e6b070381972773,0,"[196276, 2542.3333333333335, 0, 0]",0.9834410839994234,C,152540,"[261179, 152540, 0, 0, 0]",seed,0,AI_VERIFIED
0,0.0,0,0,0.0,0,0,0,0,,0,0,0,L1_base,case_049,152540,5,0,0,152540,2543,0.8815799170006358,mps,152504,223656,"{'0': 223656, '1': 8647, '2': 8653, '3': 10841, '4': 9382}",160260,152540,36,0,38f561250cfade185b628ee0edea0fc0b7f8e9106983b4fc9934bd6d51a66610,0,"[213682, 152540, 0]",0.7596072090000234,A,152540,"[223656, 152540, 0, 0, 0]",legacy_seed,0,AI_VERIFIED
0,0.0,0,0,0.0,0,0,0,0,,0,0,0,L1_base,case_049,152540,5,0,0,152540,2543,0.9083433340001648,mps,152504,223656,"{'0': 223656, '1': 8647, '2': 8653, '3': 10841, '4': 9382}",160260,152540,36,0,38f561250cfade185b628ee0edea0fc0b7f8e9106983b4fc9934bd6d51a66610,0,"[160188, 152540, 0]",0.9126320420000411,B,152540,"[223656, 152540, 0, 0, 0]",legacy_seed,0,AI_VERIFIED
0,0.0,0,0,0.0,152504,144,152504,144,,0,0,0,C0_base,case_049,152540,5,0,0,152540,2543,1.0266871660005563,mps,152504,261179,{'0': 261179},196276,152540,36,0,6924c582b499da6b8b519bdd28c3e79ef61e90ea209a299c803b8df8321e7784,0,"[196276, 2542.3333333333335, 0, 0]",0.8987405000007129,C,152540,"[261179, 152540, 0, 0, 0]",seed,0,AI_VERIFIED
42112512,0.0,0,0,0.0,0,0,0,0,,0,0,0,L3_base,case_062,55514112,1,10050048,10050048,55514112,925236,8.163750082998376,mps,35412480,3011088,{'0': 3011088},2821994,13401600,1536,42112512,8dd5d178c52e945747a4e9788fd62b6f044e3a6f6b522bbbd5f408d8184979fc,14824448,"[3189843, 55514112, 0]",7.579311624998809,A,55514112,"[3011088, 55514112, 14824448, 0, 0]",legacy_seed,0,AI_VERIFIED
15863808,0.0,0,0,0.0,0,0,0,0,,0,0,0,L2_base,case_062,13401600,1,0,0,13401600,223360,11.811457584000891,mps,13400064,3011088,{'0': 3011088},3135921,13401600,1536,0,3c962018e681d05d691a7d6a353cd7b2e5807653477bc661e4323e97818a9b09,14824448,"[3083401, 29265408, 15863808]",12.02887812500012,B,29265408,"[3011088, 13401600, 14824448, 0, 0]",legacy_seed,15863808,AI_VERIFIED
0,0.0,0,0,0.0,13400064,4362,13400064,4362,,0,0,0,incumbent_base,case_062,13401600,1,0,0,13401600,223360,7.7873512909991405,mps,13400064,3011088,{'0': 3011088},2854809,13401600,1536,0,fd3cb50d6d81addc681279ae0a013b7060af8878acdbfd2ba99db86a91b024f5,3220480,"[2854809, 223360.0, 0, 0]",7.600650542000949,C,13401600,"[3011088, 13401600, 3220480, 0, 0]",incumbent,0,AI_VERIFIED
75830784,0.0,0,0,0.0,0,0,0,0,,0,0,0,L3_base,case_062,89232384,2,22840320,22840320,89232384,1487207,7.831090207999296,mps,43550208,1631040,"{'0': 1631040, '1': 1380048}",2974704,13401600,1536,75830784,873bbc4bdeae5076a3f9b96ed1ff6d93eb7146a89eb7f02a2d93732f670499c0,14949888,"[3135837, 89232384, 0]",7.727676165999583,A,89232384,"[1631040, 89232384, 14949888, 0, 0]",legacy_seed,0,AI_VERIFIED
68806656,0.0,0,0,0.0,0,0,0,0,,0,0,0,B3_base,case_062,47634432,2,12091392,12091392,47634432,793908,13.873876666999422,mps,23450112,1607700,"{'0': 1403388, '1': 1607700}",2521494,13401600,1536,34232832,ae01397ed297b9192279fb29e5ee2976eb844aace79399fde76153945c2a62d9,18718720,"[2245425, 82208256, 34573824]",14.095381749999433,B,82208256,"[1607700, 47634432, 18718720, 0, 0]",seed,34573824,AI_VERIFIED
68368896,0.0,0,0,0.0,62899200,14405,35495424,14405,,79405056,0,0,incumbent_disperse_group_tid_1000012951_group_9_core_0_pos_4,case_062,47588352,2,12091392,12091392,47588352,793140,17.419148375000077,mps,23404032,1571988,"{'0': 1571988, '1': 1439100}",2387918,13401600,1536,34186752,30d7fe878a9b7dfd0c0dd75e54fddf83b7b56befa3c9f577141c341e4a0258dc,17112064,"[2127746, 1362841.6, 0, 34182144]",21.072825291999834,C,81770496,"[1571988, 47588352, 17112064, 0, -79405056]",disperse,34182144,AI_VERIFIED
68020224,0.0,0,0,0.0,0,0,0,0,,0,0,0,A3_base,case_062,81421824,3,18932736,18932736,81421824,1357031,8.928469083000891,mps,43554816,1357031,"{'0': 1186272, '1': 726216, '2': 1098600}",2513754,13401600,1536,68020224,bc19838e9b3fa6e0299573e26fcc0b0660ecb938299febcdcb9725439512b056,12130816,"[2719098, 81421824, 0]",6.858607624999422,A,81421824,"[1357031, 81421824, 12130816, 0, 0]",seed,0,AI_VERIFIED
72442368,0.0,0,0,0.0,0,0,0,0,,0,0,0,B3_base,case_062,56773632,3,15462912,15462912,56773632,946228,14.878020499998456,mps,25846272,1099788,"{'0': 1099788, '1': 956508, '2': 954792}",1939281,13401600,1536,43372032,a4105e26c05718c6d485b724ae744234b633c8bb6e4ee9d1effe8ba5698dd157,16022016,"[1496181, 85843968, 29070336]",13.532847874999788,B,85843968,"[1099788, 56773632, 16022016, 0, 0]",seed,29070336,AI_VERIFIED
71553024,0.0,0,0,0.0,65184768,17406,42132480,17406,,76230144,0,0,r1_split_g4_h0_c2_p8,case_062,57821184,3,15687168,15687168,57821184,963687,17.84297808300107,mps,26445312,1040616,"{'0': 1013964, '1': 956508, '2': 1040616}",1818680,13401600,1536,44419584,1591b75e56493e3af9255cddd5c63d158f1ae29eee07574ca892982519f628bf,16548864,"[1397692, 1415910.4, 0, 27133440]",20.02938612500111,C,84954624,"[1040616, 57821184, 16548864, 0, -76230144]",ordinary_chain,27133440,AI_VERIFIED
70643712,0.0,0,0,0.0,0,0,0,0,,0,0,0,A3_base,case_062,84045312,4,20244480,20244480,84045312,1400756,11.132056082999043,mps,43554816,1400756,"{'0': 1070280, '1': 749316, '2': 619284, '3': 572208}",2377293,13401600,1536,70643712,1548156e2e35764d07941ede6f26f48cad9c2dcac4cd0a6e96d556e30f1236c5,5973504,"[2443635, 84045312, 0]",8.53700679100075,A,84045312,"[1400756, 84045312, 5973504, 0, 0]",seed,0,AI_VERIFIED
67070976,0.0,0,0,0.0,0,0,0,0,,0,0,0,B3_base,case_062,57317376,4,17587200,17587200,57317376,955290,14.638388792000114,mps,22141440,955290,"{'0': 815772, '1': 793800, '2': 569100, '3': 832416}",1767455,13401600,1536,43915776,aed84565f553b1f054e03be4d522301bb7ff4240fa1085f8755bd7044ac264c7,14258176,"[1367328, 80472576, 23155200]",23.473570874999496,B,80472576,"[955290, 57317376, 14258176, 0, 0]",seed,23155200,AI_VERIFIED
0,0.0,0,0,0.0,13400064,4362,13400064,4362,,0,0,0,C0_base,case_062,13401600,4,0,0,13401600,223360,5.678161792000537,mps,13400064,3011088,{'0': 3011088},2854809,13401600,1536,0,28ae97c7bb4fa5b1697fccc4262a6761d1137103fc75ebba13120a265327ce18,3220480,"[2854809, 223360.0, 0, 0]",5.582369249999829,C,13401600,"[3011088, 13401600, 3220480, 0, 0]",seed,0,AI_VERIFIED
7405056,0.0,0,0,0.0,0,0,0,0,,0,0,0,L2_base,case_062,20806656,5,3691008,3691008,20806656,346778,8.003494457998386,mps,13423104,659904,"{'0': 659904, '1': 659868, '2': 659604, '3': 631092, '4': 400620}",1661193,13401600,1536,7405056,60a26b6a3c952b931c7b43a829a0e05b86fa3a998ca1dab6a3b77999ad16f6d3,1378816,"[1832275, 20806656, 0]",3.6578849170000467,A,20806656,"[659904, 20806656, 1378816, 0, 0]",legacy_seed,0,AI_VERIFIED
7147008,0.0,0,0,0.0,0,0,0,0,,0,0,0,q1_warm_aggregate,case_062,20057088,5,3316224,3316224,20057088,334285,5.107808875000046,mps,13423104,659904,"{'0': 659904, '1': 659868, '2': 659604, '3': 631092, '4': 400620}",1012261,13401600,1536,6655488,9e90b1319ed08016b8d1142021f24e1a37ec9d67c73493aadb7d5ef001b86c2d,1378816,"[1011810, 20548608, 491520]",4.583424874999764,B,20548608,"[659904, 20057088, 1378816, 0, 0]",aggregate,491520,AI_VERIFIED
9028608,817.1519999999999,1138176,14,0.061555075593952485,17352192,7002,18244608,7016,,0,64512,259,r1_split_g0_h1_c4_p0,case_062,21938688,5,3692544,3692544,21874176,364570,4.948503083000105,mps,14552064,659868,"{'0': 495264, '4': 565260, '1': 659868, '2': 659604, '3': 631092}",701554,13401600,1536,8537088,57b5a541f6ceec49cae03b457f6b669defda84f3a70f69bcb2cb70e71178600e,1378816,"[690085, 355097.6, -1124352, 491520]",4.394360665999557,C,22430208,"[659868, 21938688, 1378816, -64512, 0]",ordinary_chain,491520,AI_VERIFIED
21702,0.0,0,0,0.0,0,0,0,0,,0,0,0,A2_base,case_068,2792952,1,10752,10752,2792952,46550,0.8061770000003889,mps,2740172,403797,{'0': 403797},362304,2771250,31276,21702,9ad7036e5c0e35a26045bfbd546e3c898713ba06e74c22a6770096832f3aec61,0,"[425785, 2792952, 0]",0.7367657499999041,A,2792952,"[403797, 2792952, 0, 0, 0]",seed,0,AI_VERIFIED
0,0.0,0,0,0.0,0,0,0,0,,0,0,0,B2_aggregate,case_068,2771250,1,0,0,2771250,46188,1.3735581249984534,mps,2739974,403797,{'0': 403797},360298,2771250,31276,0,dcf09ed5135262533d6f065d52d8fb682d8b842d67fd971d68d111872de8ecb2,0,"[360298, 2771250, 0]",1.3566813750003348,B,2771250,"[403797, 2771250, 0, 0, 0]",aggregate,0,AI_VERIFIED
0,0.0,0,0,0.0,2739974,407,2739974,407,,200408,0,0,incumbent_split_release_g1_p4,case_068,2771250,1,0,0,2771250,46188,2.8713810419994843,mps,2739974,403797,{'0': 403797},359166,2771250,31276,0,7b2bbcbb3766a30a7b547c8e708538acb5307f52087a6b3e3fc7b335c4b04cac,0,"[359166, 46187.5, 0, 0]",3.005340707999494,C,2771250,"[403797, 2771250, 0, 0, -200408]",timing,0,AI_VERIFIED
242064,0.0,0,0,0.0,0,0,0,0,,0,0,0,L2_base,case_068,3013314,2,74752,74752,3013314,50222,1.5481687499996042,mps,2832534,208837,"{'0': 208837, '1': 194960}",360582,2771250,31276,242064,1cbc7d41a0c469f7632934e7374a05c640bd06483750074b3e1f1b7879484513,0,"[429124, 3013314, 0]",1.2708692079995672,A,3013314,"[208837, 3013314, 0, 0, 0]",legacy_seed,0,AI_VERIFIED
1343990,0.0,0,0,0.0,0,0,0,0,,0,0,0,B3_base,case_068,4115240,2,532728,532728,4115240,68588,2.930085332998715,mps,3018508,208053,"{'0': 208053, '1': 195744}",303697,2771250,31276,1343990,90449bd87a62d249a8586a882615c3233ff8b43304bfccaf979e313ff3901c29,0,"[303584, 4115240, 0]",2.6951937499998166,B,4115240,"[208053, 4115240, 0, 0, 0]",seed,0,AI_VERIFIED
1343990,3528.097333333333,278534,88,0.07843297375899545,3272702,965,3551236,1053,,285020,278534,1115,incumbent_split_topo_g14_p4,case_068,4115240,2,532728,532728,3836706,63946,1.214682833000552,mps,3018508,208053,"{'0': 208053, '1': 195744}",302692,2771250,31276,1343990,14a870d96ec72cfef64d28ab3170b8318593f4b60dc92eaf23b4c1be681d992a,0,"[302622, 63945.1, -278534, 0]",1.099259708998943,C,4115240,"[208053, 4115240, 0, -278534, -285020]",timing,0,AI_VERIFIED
1707908,0.0,0,0,0.0,0,0,0,0,,0,0,0,L3_base,case_068,4479158,3,803978,779914,4479158,74653,1.7601345000002766,mps,2863990,143494,"{'0': 136199, '1': 124104, '2': 143494}",366531,2771250,31276,1707908,a5c7e9a9d51ea2351ff5d689cb333dcc0b597e63361934ec9a8b6971e9159973,21006,"[425855, 4479158, 0]",1.2786217499997292,A,4479158,"[143494, 4479158, 21006, 0, 0]",legacy_seed,0,AI_VERIFIED
2187040,0.0,0,0,0.0,0,0,0,0,,0,0,0,B3_base,case_068,4958290,3,750664,750664,4958290,82639,2.6065711669998564,mps,3425686,145474,"{'0': 145474, '1': 131678, '2': 126645}",281918,2771250,31276,2187040,e40de2833f5891ec55b3db6bb4d0aa3a1f64f3ab2ba21743bb55e7fa49e8a3da,0,"[281591, 4958290, 0]",2.8394929169990064,B,4958290,"[145474, 4958290, 0, 0, 0]",seed,0,AI_VERIFIED
0,0.0,0,0,0.0,2739974,407,2739974,407,,0,0,0,C1_base,case_068,2771250,3,0,0,2771250,46188,1.2095031249991735,mps,2739974,384151,"{'0': 384151, '1': 19646}",346246,2771250,31276,0,df0f6cb9c754e98c230f31edffe093a470a686edd7db0d9990b2675f36ad5557,0,"[345510, 46187.5, 0, 0]",1.198302082999362,C,2771250,"[384151, 2771250, 0, 0, 0]",seed,0,AI_VERIFIED
461994,0.0,0,0,0.0,0,0,0,0,,0,0,0,L2_base,case_068,3233244,4,148836,148836,3233244,53888,0.6034222500002215,mps,2904296,113559,"{'0': 113559, '1': 102556, '2': 105079, '3': 82603}",359271,2771250,31276,461994,178d943b66d1871eb6bbcc7eb7aa959f1a919a5d6d0c23e4a6424b18006c3693,0,"[433192, 3233244, 0]",0.4751384999999573,A,3233244,"[113559, 3233244, 0, 0, 0]",legacy_seed,0,AI_VERIFIED
2421242,0.0,0,0,0.0,0,0,0,0,,0,0,0,B3_base,case_068,5192492,4,774832,774832,5192492,86542,1.015338791999966,mps,3611552,108424,"{'0': 99463, '1': 100581, '2': 95329, '3': 108424}",267505,2771250,31276,2421242,a20438f18a94867b8b17d05bb43af3e405942f0c255de2c6abde9efeca7c9149,0,"[266447, 5192492, 0]",1.1054801250011224,B,5192492,"[108424, 5192492, 0, 0, 0]",seed,0,AI_VERIFIED
0,0.0,0,0,0.0,2739974,407,2739974,407,,0,0,0,C1_base,case_068,2771250,4,0,0,2771250,46188,1.3388124579996656,mps,2739974,384151,"{'0': 384151, '1': 19646}",346246,2771250,31276,0,94373a619ac44011c418b1a78ff1761c05f1431800c6f28b7de6bf6ba67f1698,0,"[345510, 46187.5, 0, 0]",1.163028958000723,C,2771250,"[384151, 2771250, 0, 0, 0]",seed,0,AI_VERIFIED
1844658,0.0,0,0,0.0,0,0,0,0,,0,0,0,A3_base,case_068,4615908,5,829848,733592,4615908,76932,0.7447397080013616,mps,3021192,86371,"{'0': 84450, '1': 82616, '2': 73788, '3': 76572, '4': 86371}",371319,2771250,31276,1844658,2d55fd994a34acf27790bb2d02885517430d74ea27ccce5d61f23aa514c4306e,0,"[442569, 4615908, 0]",0.6593974160005018,A,4615908,"[86371, 4615908, 0, 0, 0]",seed,0,AI_VERIFIED
1938374,0.0,0,0,0.0,0,0,0,0,,0,0,0,B2_base,case_068,4709624,5,829848,829848,4709624,78494,0.9308249580008123,mps,3018652,87503,"{'0': 84450, '1': 82616, '2': 87503, '3': 73105, '4': 76123}",341479,2771250,31276,1938374,95e5705968c334e2ed1ef323e0b5bc052f1e08693ff56fb35eb7e643629bb449,0,"[340951, 4709624, 0]",0.8175292500000069,B,4709624,"[87503, 4709624, 0, 0, 0]",seed,0,AI_VERIFIED
0,0.0,0,0,0.0,2739974,407,2739974,407,,0,0,0,C1_base,case_068,2771250,5,0,0,2771250,46188,1.3326395000003686,mps,2739974,384151,"{'0': 384151, '1': 19646}",346246,2771250,31276,0,dbcd1e4662eec03195e00c0b6a989568a7009f9e8539b723018e823c40ad5de8,0,"[345510, 46187.5, 0, 0]",1.1906378749990836,C,2771250,"[384151, 2771250, 0, 0, 0]",seed,0,AI_VERIFIED
73728,0.0,0,0,0.0,0,0,0,0,,0,0,0,A2_base,case_070,493692,1,0,0,493692,8229,0.14675687499948253,mps,493586,139046,{'0': 139046},115306,419964,106,73728,e2281c9974f6d1abd97d709e9f56184ca1738fcd0645638c627396296f1bf001,0,"[140953, 493692, 0]",0.10293312500107277,A,493692,"[139046, 493692, 0, 0, 0]",seed,0,AI_VERIFIED
0,0.0,0,0,0.0,0,0,0,0,,0,0,0,B2_aggregate,case_070,419964,1,0,0,419964,7000,0.14716333400065196,mps,419858,139046,{'0': 139046},116057,419964,106,0,e917553fbf55231bcf618136cf8fd3f3021510e5fe40942cbb8fb8675a19ef94,0,"[116057, 419964, 0]",0.15860533299928647,B,419964,"[139046, 419964, 0, 0, 0]",aggregate,0,AI_VERIFIED
0,0.0,0,0,0.0,419858,193,419858,193,,559104,0,0,incumbent_split_release_g0_p4,case_070,419964,1,0,0,419964,7000,0.17748041600134457,mps,419858,139046,{'0': 139046},104334,419964,106,0,0b6cab981ffb5e90ae2d0c4823248b232cd58c48de9cc0fce2940d72ec339de4,0,"[104334, 6999.4, 0, 0]",0.15070995800124365,C,419964,"[139046, 419964, 0, 0, -559104]",timing,0,AI_VERIFIED
129536,0.0,0,0,0.0,0,0,0,0,,0,0,0,L1_base,case_070,549500,2,0,0,549500,9159,0.13365462500041758,mps,549394,69630,"{'0': 69630, '1': 69416}",60121,419964,106,129536,51f54e087df90300bacb358c796255b48cd2ceee2cde88e5ce11ef39cb42650f,0,"[71049, 549500, 0]",0.09539520900034404,A,549500,"[69630, 549500, 0, 0, 0]",legacy_seed,0,AI_VERIFIED
395156,0.0,0,0,0.0,0,0,0,0,,0,0,0,L3_base,case_070,815120,2,150026,150026,815120,13586,0.18812324999998964,mps,514962,73048,"{'0': 65998, '1': 73048}",117899,419964,106,395156,f136f79f55b22e9b84117ed2256e2b6f0aa6658767a919ed4e1ab522b591e838,0,"[117887, 815120, 0]",0.1413932499999646,B,815120,"[73048, 815120, 0, 0, 0]",legacy_seed,0,AI_VERIFIED
129536,356.6933333333333,78336,10,0.14258619497118644,471058,199,549394,209,,188290,28160,113,incumbent_split_height_g1_p4,case_070,549500,2,0,0,521340,8689,0.13345179199859558,mps,549394,69630,"{'0': 69630, '1': 69416}",59140,419964,106,129536,5290364626f385019b42ba6bafb14bade192d5c5b86ecdb717021efcb793ca90,0,"[59105, 6999.4, -129536, 0]",0.1419347499995638,C,549500,"[69630, 549500, 0, -28160, -188290]",timing,0,AI_VERIFIED
259072,0.0,0,0,0.0,0,0,0,0,,0,0,0,L1_base,case_070,679036,3,0,0,679036,11318,0.15364045800015447,mps,678930,46750,"{'0': 46750, '1': 46142, '2': 46154}",39333,419964,106,259072,b871f66c8537d47a13e5dc6bf3ddf86355f65a8d23700be37fce6099cf9b1f31,0,"[47986, 679036, 0]",0.13100870800008124,A,679036,"[46750, 679036, 0, 0, 0]",legacy_seed,0,AI_VERIFIED
1818040,0.0,0,0,0.0,0,0,0,0,,0,0,0,B3_aggregate,case_070,2238004,3,743388,743388,2238004,37301,0.28303062499981024,mps,751122,55999,"{'0': 55999, '1': 40291, '2': 42756}",70284,419964,106,1818040,3c0c7e6195c95d3158c932eec46c2a87c0c2a662b0d5bd17ab1810981fa38596,0,"[62694, 2238004, 0]",0.23084279199974844,B,2238004,"[55999, 2238004, 0, 0, 0]",aggregate,0,AI_VERIFIED
259072,583.68,259072,15,0.38158867629947124,419858,210,678930,225,,0,46080,185,C1_base,case_070,679036,3,0,0,632956,10550,0.14416316700044263,mps,678930,53184,"{'0': 53184, '1': 46962, '2': 38900}",43256,419964,106,259072,5d6b71be704c6afbc0440da389b694c2f34cdcf8f87189963f73df38744e6c98,0,"[43186, 6999.4, -259072, 0]",0.12770004099911603,C,679036,"[53184, 679036, 0, -46080, 0]",seed,0,AI_VERIFIED
360960,0.0,0,0,0.0,0,0,0,0,,0,0,0,L1_base,case_070,780924,4,0,0,780924,13016,0.11618545799865387,mps,780818,34950,"{'0': 34503, '1': 34832, '2': 34950, '3': 34761}",31225,419964,106,360960,9de9a03dd20af7569eeb1c503d1607906e471b9d5a6d863df9d20adaf6ad9787,0,"[36428, 780924, 0]",0.13220983400060504,A,780924,"[34950, 780924, 0, 0, 0]",legacy_seed,0,AI_VERIFIED
1975444,0.0,0,0,0.0,0,0,0,0,,0,0,0,B3_aggregate,case_070,2395408,4,769608,769608,2395408,39924,0.7742255840003054,mps,856086,39924,"{'0': 38771, '1': 32715, '2': 37678, '3': 29882}",55600,419964,106,1975444,74b1bcdf8fcbccccb878dedc3306b3544170b29740a3b3bebf07353d72734bfe,0,"[46351, 2395408, 0]",0.33656650000011723,B,2395408,"[39924, 2395408, 0, 0, 0]",aggregate,0,AI_VERIFIED
360960,1011.712,317952,29,0.40720372737308824,462866,209,780818,238,,0,79872,320,C1_base,case_070,780924,4,0,0,701052,11685,0.17019354200056114,mps,780818,41013,"{'0': 41013, '1': 36350, '2': 28846, '3': 32837}",34351,419964,106,360960,5bc8d40545502d4011d7c8c284008a9ab07e51f80dc2ed793d5261256281e61d,0,"[34246, 6999.4, -360960, 0]",0.12954529200032994,C,780924,"[41013, 780924, 0, -79872, 0]",seed,0,AI_VERIFIED
449024,0.0,0,0,0.0,0,0,0,0,,0,0,0,L1_base,case_070,868988,5,0,0,868988,14484,0.15555341700019198,mps,868882,28364,"{'0': 27649, '1': 27957, '2': 27576, '3': 27500, '4': 28364}",26275,419964,106,449024,5be92a69af59b6223e5a47338dea5f156bbabd3f166cba46056ad8de824bf9fd,0,"[29772, 868988, 0]",0.09991199999967648,A,868988,"[28364, 868988, 0, 0, 0]",legacy_seed,0,AI_VERIFIED
1736652,0.0,0,0,0.0,0,0,0,0,,0,0,0,B3_aggregate,case_070,2156616,5,639782,639782,2156616,35944,0.304463874999783,mps,876946,36240,"{'0': 19906, '1': 36240, '2': 28423, '3': 26998, '4': 27479}",50789,419964,106,1736652,68a9c48f8020bedf70f8cbff5eba48db0203bc0977678309362038ac7a5e7f82,0,"[45696, 2156616, 0]",0.374318874999517,B,2156616,"[36240, 2156616, 0, 0, 0]",aggregate,0,AI_VERIFIED
455936,1203.0293333333334,259328,37,0.2971484619386242,613394,213,872722,250,,4608,94976,380,incumbent_disperse_tid_2081_node_2108_core_2_pos_0,case_070,875900,5,3072,3072,780924,13016,0.2126447909995477,mps,869650,28064,"{'0': 27649, '1': 27957, '2': 27876, '3': 27500, '4': 28064}",26030,419964,106,455936,172fe5d3e876fbf38d9ff5b4015048692629657fc93177e7617c405d0177ec05,0,"[24002, 8330.6, -376064, 0]",0.17062658299983013,C,875900,"[28064, 875900, 0, -94976, -4608]",disperse,0,AI_VERIFIED
5640,0.0,0,0,0.0,0,0,0,0,,0,0,0,L2_base,case_100,460238,1,1028,1028,460238,7671,0.1452662909996434,mps,439590,164563,{'0': 164563},148339,454598,18592,5640,6cb5f2246711946042491dddb2d61d1fce60585560b5a99023abed3d0d7e9780,0,"[166689, 460238, 0]",0.12488537500030361,A,460238,"[164563, 460238, 0, 0, 0]",legacy_seed,0,AI_VERIFIED
0,0.0,0,0,0.0,0,0,0,0,,0,0,0,q1_warm_capacity_g0_front,case_100,454598,1,0,0,454598,7577,0.29891295800007356,mps,436006,164563,{'0': 164563},148885,454598,18592,0,dabd1aa42dae85219345162578ac6e6926d4d31ef0a52c7e7a06a6df12c3a382,0,"[148885, 454598, 0]",0.3042167090006842,B,454598,"[164563, 454598, 0, 0, 0]",capacity,0,AI_VERIFIED
0,0.0,0,0,0.0,436006,171,436006,171,,137768,0,0,incumbent_split_release_g1_p4,case_100,454598,1,0,0,454598,7577,0.26303858299979765,mps,436006,164563,{'0': 164563},142753,454598,18592,0,a51c474cc16ff83df6334df2684435574a26d4fde0830e12a22ca073a4d32c73,0,"[142753, 7576.633333333333, 0, 0]",0.18965683299938974,C,454598,"[164563, 454598, 0, 0, -137768]",timing,0,AI_VERIFIED
16896,0.0,0,0,0.0,0,0,0,0,,0,0,0,L1_base,case_100,471494,2,0,0,471494,7859,0.1841122500009078,mps,452902,82378,"{'0': 82378, '1': 82185}",81080,454598,18592,16896,e52b51930e549834998c4cb19e745e9eecf56cfb5caf08d1d6e05e3df18b098f,0,"[84651, 471494, 0]",0.15765375000046333,A,471494,"[82378, 471494, 0, 0, 0]",legacy_seed,0,AI_VERIFIED
1952140,0.0,0,0,0.0,0,0,0,0,,0,0,0,B3_aggregate,case_100,2398546,2,794438,794438,2398546,39976,0.2839425830006803,mps,791078,83918,"{'0': 80645, '1': 83918}",105958,454598,18592,1943948,1f2e9fb013d3b31d7fcab0dfe99f380d5a51e456937afe633db8c63f0ab0197a,16384,"[103926, 2406738, 8192]",0.28940070799944806,B,2406738,"[83918, 2398546, 16384, 0, 0]",aggregate,8192,AI_VERIFIED
16896,155.648,16896,3,0.037306083876865195,436006,172,452902,175,,838912,12288,50,incumbent_split_release_g0_p4,case_100,471494,2,0,0,459206,7654,0.21665575000042736,mps,452902,82378,"{'0': 82378, '1': 82185}",77421,454598,18592,16896,b9df5653c1b1411f9d9ca6fcd25435721b084bdc437dbd18cf6e880a208c9798,0,"[77147, 7576.633333333333, -16896, 0]",0.1983029160001024,C,471494,"[82378, 471494, 0, -12288, -838912]",timing,0,AI_VERIFIED
72192,0.0,0,0,0.0,0,0,0,0,,0,0,0,L1_base,case_100,526790,3,0,0,526790,8780,0.3126932079994731,mps,508198,57125,"{'0': 57125, '1': 53573, '2': 53865}",57811,454598,18592,72192,3f6345b6e1a335df946a41f70570a0010ccfdf95372a8d6ad0b6bb8e11ef064d,0,"[59008, 526790, 0]",0.15606916700016882,A,526790,"[57125, 526790, 0, 0, 0]",legacy_seed,0,AI_VERIFIED
2666256,0.0,0,0,0.0,0,0,0,0,,0,0,0,B3_aggregate,case_100,3022550,3,961160,961160,3022550,50376,0.3031533749999653,mps,1081638,57588,"{'0': 50351, '1': 56624, '2': 57588}",98125,454598,18592,2567952,d6e49c1f0890ee34b487c79d506210f235c6bb978838653824d77482ef05ea45,24576,"[94857, 3120854, 98304]",0.26125116600087495,B,3120854,"[57588, 3022550, 24576, 0, 0]",aggregate,98304,AI_VERIFIED
12288,155.648,12288,3,0.02741058323332456,436006,171,448294,174,,0,12288,50,C1_base,case_100,466886,3,0,0,454598,7577,0.17913895799938473,mps,448294,98341,"{'0': 57125, '1': 98341, '2': 9097}",87316,454598,18592,12288,a47736ab3fa305fb22d3423e825fbd646ad9ffc5478ac40a0417fd17bea6af0a,0,"[87250, 7576.633333333333, -12288, 0]",0.16355679200023587,C,466886,"[98341, 466886, 0, -12288, 0]",seed,0,AI_VERIFIED
929856,0.0,0,0,0.0,0,0,0,0,,0,0,0,A2_base,case_100,1384454,4,32,32,1384454,23075,0.2067363749993092,mps,1365798,50132,"{'0': 38540, '1': 31822, '2': 44069, '3': 50132}",87506,454598,18592,929856,c7c2f0ecc7bb4e0d516c8d269ac84f3839cb3cba38a2ea9509d8b02740582547,0,"[97665, 1384454, 0]",0.13034529199831013,A,1384454,"[50132, 1384454, 0, 0, 0]",seed,0,AI_VERIFIED
2043668,0.0,0,0,0.0,0,0,0,0,,0,0,0,L3_base,case_100,2498266,4,675658,675658,2498266,41638,0.3785832499997923,mps,1128358,49608,"{'0': 45760, '1': 49608, '2': 36502, '3': 32693}",117004,454598,18592,2043668,71f955084e69b4282835b33b83d04bd086528de635abec9058ea13ec80b8329b,0,"[116648, 2498266, 0]",0.2709990419989481,B,2498266,"[49608, 2498266, 0, 0, 0]",legacy_seed,0,AI_VERIFIED
1219716,3808.5119999999997,308864,32,0.2582043136599231,887336,228,1188008,260,,258098,300672,1203,r10_capacity_g6_front,case_100,1657930,4,451330,451330,1357258,22621,0.25491279200105055,mps,736678,53418,"{'2': 53418, '0': 32667, '3': 35772, '1': 42706}",72103,454598,18592,1203332,553cd2d167a8a2a6aef8841fcdbfed7c7a69a1d63791c04ffbff8de8e6ee67f2,0,"[71157, 22757.5, -308864, 16384]",0.19039454199992178,C,1674314,"[53418, 1657930, 0, -300672, -258098]",ordinary_chain,16384,AI_VERIFIED
1127352,0.0,0,0,0.0,0,0,0,0,,0,0,0,A2_base,case_100,1581950,5,27740,27740,1581950,26366,0.20917062499938766,mps,1507878,46016,"{'0': 31129, '1': 25872, '2': 26443, '3': 35103, '4': 46016}",129168,454598,18592,1127352,eadf5757faf59e01623bf0e00f328a1771ec1134987182bfa2444e9a2e84752b,0,"[146567, 1581950, 0]",0.12545504099944083,A,1581950,"[46016, 1581950, 0, 0, 0]",seed,0,AI_VERIFIED
2572044,0.0,0,0,0.0,0,0,0,0,,0,0,0,B3_base,case_100,2936530,5,900166,900166,2936530,48943,0.26968262499940465,mps,1117606,49570,"{'0': 45512, '1': 45215, '2': 17306, '3': 6960, '4': 49570}",120101,454598,18592,2481932,17047a10eed910722a8348ceae72166c563531c695b932624fd11934e25e0c76,40960,"[113073, 3026642, 90112]",0.19618570800048474,B,3026642,"[49570, 2936530, 40960, 0, 0]",seed,90112,AI_VERIFIED
1340104,4346.794666666667,351360,96,0.2750066137462607,926282,266,1269450,362,,258098,343168,1373,r10_capacity_g8_front,case_100,1778318,5,490276,490276,1435150,23920,0.20834183300030418,mps,779174,35772,"{'4': 35300, '0': 32667, '3': 28960, '1': 35772, '2': 31864}",59623,454598,18592,1323720,09e070ea4359869168c1bd47fbb4ca0f9a0ca18bb07d1be0d5705daa46eb29b7,0,"[58272, 24055.7, -351360, 16384]",0.17259679100061476,C,1794702,"[35772, 1778318, 0, -343168, -258098]",ordinary_chain,16384,AI_VERIFIED
