added_copy_bytes,batch,cache_hit_bytes,cache_hit_rate,cache_miss_bytes,case,elapsed_seconds,makespan,original_graph_copy_bytes,partition_added_copy_bytes,scheduled_copy_bytes,spill_added_copy_bytes,status
0,1,0,0.0,0,case_008,0.12847708400113333,487605,2654424,0,2654424,0,AI_VERIFIED
71010720,1,0,0.0,0,case_014,18.549453374998848,17698626,9932740,0,80943460,71010720,AI_VERIFIED
0,1,0,0.0,0,case_040,0.5647745830010535,253454,911238,0,911238,0,AI_VERIFIED
1970176,2,0,0.0,0,case_018,0.3375502910002979,1004367,1592848,0,3563024,1970176,AI_VERIFIED
0,2,0,0.0,0,case_064,0.11810074999993958,19116,37414,0,37414,0,AI_VERIFIED
28280832,2,0,0.0,0,case_076,12.153865957998278,6185113,4270674,0,32551506,28280832,AI_VERIFIED
0,2,0,0.0,0,case_081,1.2701442500001576,151795,1741140,0,1741140,0,AI_VERIFIED
0,3,0,0.0,0,case_011,0.0717116249998071,184697,606208,0,606208,0,AI_VERIFIED
0,3,0,0.0,0,case_023,0.09692258299946843,122614,443444,0,443444,0,AI_VERIFIED
0,3,0,0.0,0,case_048,0.3379127089992835,222220,414790,0,414790,0,AI_VERIFIED
0,3,0,0.0,0,case_050,1.2694996659993194,149690,319376,0,319376,0,AI_VERIFIED
53947008,3,0,0.0,0,case_091,28.25009499999942,9186769,6577656,0,60524664,53947008,AI_VERIFIED
0,3,0,0.0,0,case_093,0.13045079199946485,74205,714752,0,714752,0,AI_VERIFIED
0,4,0,0.0,0,case_029,0.10069179099991743,37555,430164,0,430164,0,AI_VERIFIED
6629376,4,0,0.0,0,case_042,1.4988662089999707,1686740,2388964,0,9018340,6629376,AI_VERIFIED
108613680,4,0,0.0,0,case_072,19.612786540999878,23897828,11103184,0,119716864,108613680,AI_VERIFIED
548864,4,0,0.0,0,case_080,0.2699988750009652,292138,1978368,0,2527232,548864,AI_VERIFIED
0,4,0,0.0,0,case_088,0.565804042000309,243623,1829798,0,1829798,0,AI_VERIFIED
0,5,0,0.0,0,case_002,0.20131725000101142,261945,1224192,0,1224192,0,AI_VERIFIED
0,5,0,0.0,0,case_019,0.09618629100077669,81144,186984,0,186984,0,AI_VERIFIED
0,5,0,0.0,0,case_052,0.22478837500057125,180301,810204,0,810204,0,AI_VERIFIED
141570432,5,0,0.0,0,case_073,1.992544500000804,10081626,4041088,0,145611520,141570432,AI_VERIFIED
7902720,5,0,0.0,0,case_087,19.117058666999583,3974071,5919098,0,13821818,7902720,AI_VERIFIED
0,5,0,0.0,0,case_095,1.5843867500007036,2084853,11355036,0,11355036,0,AI_VERIFIED
0,6,0,0.0,0,case_035,0.6916729999993549,169571,410854,0,410854,0,AI_VERIFIED
0,6,0,0.0,0,case_045,0.20764016599969182,125614,557056,0,557056,0,AI_VERIFIED
0,6,0,0.0,0,case_066,1.7620042910002667,359070,1107034,0,1107034,0,AI_VERIFIED
0,6,0,0.0,0,case_071,0.06735708300038823,18919,121446,0,121446,0,AI_VERIFIED
12644568,6,0,0.0,0,case_078,0.2383748749998631,2296143,2345088,0,14989656,12644568,AI_VERIFIED
0,6,0,0.0,0,case_085,14.438157667000269,3187899,1689734,0,1689734,0,AI_VERIFIED
10584064,6,0,0.0,0,case_097,3.412720457999967,11491509,5046272,0,15630336,10584064,AI_VERIFIED
16400,7,0,0.0,0,case_006,0.06887862499934272,82837,543348,0,559748,16400,AI_VERIFIED
0,7,0,0.0,0,case_020,1.2595479169995087,532746,2359296,0,2359296,0,AI_VERIFIED
0,7,0,0.0,0,case_049,1.2569721669988212,196276,152540,0,152540,0,AI_VERIFIED
0,7,0,0.0,0,case_062,10.261208083999009,2854809,13401600,0,13401600,0,AI_VERIFIED
0,7,0,0.0,0,case_068,1.9743041660003655,362095,2771250,0,2771250,0,AI_VERIFIED
0,7,0,0.0,0,case_070,0.32065974999932223,117300,419964,0,419964,0,AI_VERIFIED
0,7,0,0.0,0,case_100,0.3396555420004006,151223,454598,0,454598,0,AI_VERIFIED
277412256,8,0,0.0,0,case_028,26.076564250000956,43836040,5908608,0,283320864,277412256,AI_VERIFIED
0,8,0,0.0,0,case_037,0.17069933299899276,210001,614400,0,614400,0,AI_VERIFIED
0,8,0,0.0,0,case_061,0.2301417919989035,77191,544188,0,544188,0,AI_VERIFIED
0,8,0,0.0,0,case_063,3.678009542001746,1070397,5021184,0,5021184,0,AI_VERIFIED
0,8,0,0.0,0,case_082,1.332079125000746,721041,592006,0,592006,0,AI_VERIFIED
0,8,0,0.0,0,case_086,1.7489637500002573,118403,338022,0,338022,0,AI_VERIFIED
0,8,0,0.0,0,case_098,0.3033989579998888,177430,697994,0,697994,0,AI_VERIFIED
4501504,9,0,0.0,0,case_021,1.8562072080003418,6567937,3338240,0,7839744,4501504,AI_VERIFIED
3491328,9,0,0.0,0,case_031,1.8953581669993582,1414369,2185040,0,5676368,3491328,AI_VERIFIED
0,9,0,0.0,0,case_051,0.2826886669990927,607628,393218,0,393218,0,AI_VERIFIED
69632,9,0,0.0,0,case_055,0.2645378340002935,118835,625810,0,695442,69632,AI_VERIFIED
0,9,0,0.0,0,case_065,0.1630314999983966,53068,316202,0,316202,0,AI_VERIFIED
0,9,0,0.0,0,case_075,3.7273442080004315,1441809,1837190,0,1837190,0,AI_VERIFIED
32448512,9,0,0.0,0,case_079,25.441803249999793,31052251,9351168,0,41799680,32448512,AI_VERIFIED
0,10,0,0.0,0,case_004,0.09183841699996265,392357,792576,0,792576,0,AI_VERIFIED
180256,10,0,0.0,0,case_015,0.17253991600045993,177362,884614,0,1064870,180256,AI_VERIFIED
0,10,0,0.0,0,case_024,2.491672959000425,2555343,393218,0,393218,0,AI_VERIFIED
0,10,0,0.0,0,case_025,21.23749029099963,4863026,8217600,0,8217600,0,AI_VERIFIED
0,10,0,0.0,0,case_056,3.514111208000031,277285,221600,0,221600,0,AI_VERIFIED
13934688,10,0,0.0,0,case_083,1.706219957999565,1057993,1438304,0,15372992,13934688,AI_VERIFIED
21233592,10,0,0.0,0,case_090,0.529824125000232,1178363,2228352,0,23461944,21233592,AI_VERIFIED
0,11,0,0.0,0,case_007,1.6671834170010698,1012562,1732608,0,1732608,0,AI_VERIFIED
0,11,0,0.0,0,case_009,2.274356500000067,153261,495332,0,495332,0,AI_VERIFIED
0,11,0,0.0,0,case_016,16.465954499999498,7715523,393218,0,393218,0,AI_VERIFIED
0,11,0,0.0,0,case_022,0.3087780000005296,56780,213686,0,213686,0,AI_VERIFIED
1400832,11,0,0.0,0,case_027,0.47174174999963725,2363952,2039808,0,3440640,1400832,AI_VERIFIED
0,11,0,0.0,0,case_084,6.685127249998914,2507412,13236330,0,13236330,0,AI_VERIFIED
0,11,0,0.0,0,case_094,0.13484674999926938,94892,526692,0,526692,0,AI_VERIFIED
0,12,0,0.0,0,case_013,0.5671279580001283,263949,2527232,0,2527232,0,AI_VERIFIED
0,12,0,0.0,0,case_026,0.10468404099992767,99203,528854,0,528854,0,AI_VERIFIED
1079832,12,0,0.0,0,case_034,1.2125814160008304,842996,2280386,0,3360218,1079832,AI_VERIFIED
5627904,12,0,0.0,0,case_038,2.08166966600038,1364555,2802950,0,8430854,5627904,AI_VERIFIED
3176288,12,0,0.0,0,case_046,0.24249116700048035,276455,1061472,0,4237760,3176288,AI_VERIFIED
264449408,12,0,0.0,0,case_067,6.113663042000553,63834834,6048128,0,270497536,264449408,AI_VERIFIED
66000096,12,0,0.0,0,case_092,17.81896179099931,4815554,3256928,0,69257024,66000096,AI_VERIFIED
0,13,0,0.0,0,case_005,0.9673321250011213,95618,333414,0,333414,0,AI_VERIFIED
0,13,0,0.0,0,case_010,0.09765783399961947,86969,384150,0,384150,0,AI_VERIFIED
22528,13,0,0.0,0,case_017,0.3080956249996234,162810,643862,0,666390,22528,AI_VERIFIED
30898176,13,0,0.0,0,case_041,10.267647250000664,6003957,4949980,0,35848156,30898176,AI_VERIFIED
49160,13,0,0.0,0,case_043,2.632837125000151,677656,1431122,0,1480282,49160,AI_VERIFIED
0,13,0,0.0,0,case_096,0.13726433299962082,84194,219558,0,219558,0,AI_VERIFIED
5484544,13,0,0.0,0,case_099,1.5535319170012372,1622999,2534036,0,8018580,5484544,AI_VERIFIED
5519360,14,0,0.0,0,case_030,3.5984212910007045,2808034,2394060,0,7913420,5519360,AI_VERIFIED
0,14,0,0.0,0,case_032,0.11159149999912188,41443,293088,0,293088,0,AI_VERIFIED
4438112,14,0,0.0,0,case_044,0.3391760840004281,154407,975456,0,5413568,4438112,AI_VERIFIED
28696576,14,0,0.0,0,case_058,16.595253292000052,4539717,7667712,0,36364288,28696576,AI_VERIFIED
2068520,14,0,0.0,0,case_060,1.6528076249996957,888789,2099006,0,4167526,2068520,AI_VERIFIED
0,14,0,0.0,0,case_069,0.13944987499962735,25144,126054,0,126054,0,AI_VERIFIED
0,14,0,0.0,0,case_077,1.267910500000653,495320,2141360,0,2141360,0,AI_VERIFIED
4592640,15,0,0.0,0,case_033,0.6706150409991096,1774196,2972910,0,7565550,4592640,AI_VERIFIED
5405536,15,0,0.0,0,case_053,2.661927332999767,1472686,2995288,0,8400824,5405536,AI_VERIFIED
0,15,0,0.0,0,case_054,9.995677915998385,815051,1606276,0,1606276,0,AI_VERIFIED
94216,15,0,0.0,0,case_057,0.18103279100068903,59726,342460,0,436676,94216,AI_VERIFIED
1691648,15,0,0.0,0,case_059,0.8110024159996101,829473,1343488,0,3035136,1691648,AI_VERIFIED
0,15,0,0.0,0,case_089,1.6025984580010117,693092,566400,0,566400,0,AI_VERIFIED
0,16,0,0.0,0,case_001,0.08094949999940582,233110,1639552,0,1639552,0,AI_VERIFIED
0,16,0,0.0,0,case_003,6.753401542000574,602212,1284264,0,1284264,0,AI_VERIFIED
0,16,0,0.0,0,case_012,0.1371213339989481,59088,554898,0,554898,0,AI_VERIFIED
0,16,0,0.0,0,case_036,0.7850351670003874,931510,6554752,0,6554752,0,AI_VERIFIED
7929856,16,0,0.0,0,case_039,2.220633416000055,1435262,4489216,0,12419072,7929856,AI_VERIFIED
0,16,0,0.0,0,case_047,7.49064187499971,326508,463942,0,463942,0,AI_VERIFIED
6070280,16,0,0.0,0,case_074,1.0334562080006435,1682239,3776728,0,9847008,6070280,AI_VERIFIED
