candidate_count,case,cores,epsilon_0_005_candidate,epsilon_0_01_candidate,event_count,fastest_hit_bytes,fastest_hit_candidate,fastest_hit_makespan,hit_candidate_count,main_candidate,main_makespan,max_hit_bytes,max_hit_candidate,max_hit_makespan,replaced_main_final,rescue_candidate,rescue_hit_bytes,rescue_makespan,status
2,case_064,2,,,124,0,,,0,incumbent_base,19116,0,,,False,incumbent_base,0,19116,COMPUTED
2,case_064,5,,,124,0,,,0,incumbent_base,19116,0,,,False,incumbent_base,0,19116,COMPUTED
2,case_064,4,,,124,0,,,0,incumbent_base,19116,0,,,False,incumbent_base,0,19116,COMPUTED
2,case_064,3,,,124,0,,,0,incumbent_base,19116,0,,,False,incumbent_base,0,19116,COMPUTED
2,case_011,1,,,352,0,,,0,incumbent_base,184697,0,,,False,incumbent_base,0,184697,COMPUTED
2,case_064,1,,,124,0,,,0,incumbent_base,19116,0,,,False,incumbent_base,0,19116,COMPUTED
2,case_008,4,,,864,0,,,0,incumbent_base,123060,0,,,False,incumbent_base,0,123060,COMPUTED
2,case_008,5,,,864,0,,,0,incumbent_base,100603,0,,,False,incumbent_base,0,100603,COMPUTED
2,case_008,3,,,864,0,,,0,incumbent_base,163359,0,,,False,incumbent_base,0,163359,COMPUTED
2,case_008,2,,,864,0,,,0,incumbent_base,244266,0,,,False,incumbent_base,0,244266,COMPUTED
2,case_008,1,,,1068,0,,,0,incumbent_base,269325,0,,,False,incumbent_base,0,269325,COMPUTED
2,case_093,1,,,560,0,,,0,incumbent_base,74205,0,,,False,incumbent_base,0,74205,COMPUTED
3,case_093,2,,incumbent_disperse_tid_1000000003_node_44_core_0_pos_0,564,6144,incumbent_disperse_tid_1000000003_node_44_core_0_pos_0,38095,1,incumbent_base,37827,6144,incumbent_disperse_tid_1000000003_node_44_core_0_pos_0,38095,False,incumbent_base,0,37827,COMPUTED
3,case_093,3,,,568,12288,incumbent_disperse_tid_1000000001_node_18_core_0_pos_0,25589,1,incumbent_base,25103,12288,incumbent_disperse_tid_1000000001_node_18_core_0_pos_0,25589,False,incumbent_base,0,25103,COMPUTED
2,case_029,1,,,336,0,,,0,incumbent_base,37555,0,,,False,incumbent_base,0,37555,COMPUTED
3,case_093,4,,,572,12288,incumbent_disperse_tid_1000000001_node_6_core_1_pos_0,20403,1,incumbent_base,19779,12288,incumbent_disperse_tid_1000000001_node_6_core_1_pos_0,20403,False,incumbent_base,0,19779,COMPUTED
3,case_093,5,,,576,14336,incumbent_disperse_tid_1000000001_node_18_core_4_pos_0,16350,2,incumbent_base,15876,18432,event_timing_tid_1000000001_miss_5_bytes_10240_core_4,29649,False,incumbent_base,0,15876,COMPUTED
3,case_029,2,,,336,2048,incumbent_disperse_tid_1000000610_node_527_core_1_pos_0,38160,1,incumbent_base,19740,2048,incumbent_disperse_tid_1000000610_node_527_core_1_pos_0,38160,False,incumbent_base,0,19740,COMPUTED
3,case_029,3,,,336,2048,incumbent_disperse_tid_1000000667_node_576_core_0_pos_0,25700,1,incumbent_base,12743,2048,incumbent_disperse_tid_1000000667_node_576_core_0_pos_0,25700,False,incumbent_base,0,12743,COMPUTED
3,case_029,4,,,336,2048,incumbent_disperse_tid_1000000952_node_821_core_1_pos_0,20418,1,incumbent_base,11028,2048,incumbent_disperse_tid_1000000952_node_821_core_1_pos_0,20418,False,incumbent_base,0,11028,COMPUTED
2,case_019,1,,,178,0,,,0,incumbent_base,70264,0,,,False,incumbent_base,0,70264,COMPUTED
2,case_048,1,,,338,0,,,0,incumbent_base,222220,0,,,False,incumbent_base,0,222220,COMPUTED
3,case_029,5,,,336,2048,incumbent_disperse_tid_1000000895_node_772_core_1_pos_0,16988,1,incumbent_base,9383,2048,incumbent_disperse_tid_1000000895_node_772_core_1_pos_0,16988,False,incumbent_base,0,9383,COMPUTED
2,case_052,1,,,534,0,,,0,incumbent_aggregate,158577,0,,,False,incumbent_aggregate,0,158577,COMPUTED
1,case_088,1,,,468,0,,,0,incumbent_split_height_g2_p4,242071,0,,,False,incumbent_split_height_g2_p4,0,242071,COMPUTED
1,case_035,1,,,602,0,,,0,incumbent_split_topo_g1_p4,168511,0,,,False,incumbent_split_topo_g1_p4,0,168511,COMPUTED
1,case_073,1,,,2608,0,,,0,incumbent_base,9870212,0,,,False,incumbent_base,0,9870212,COMPUTED
2,case_081,1,,,1360,0,,,0,incumbent_base,151795,0,,,False,incumbent_base,0,151795,COMPUTED
2,case_045,1,,,136,0,,,0,incumbent_base,125614,0,,,False,incumbent_base,0,125614,COMPUTED
3,case_081,5,,,1360,2048,incumbent_disperse_tid_1000004543_node_3908_core_0_pos_0,61613,1,incumbent_base,30943,2048,incumbent_disperse_tid_1000004543_node_3908_core_0_pos_0,61613,False,incumbent_base,0,30943,COMPUTED
3,case_045,4,,incumbent_disperse_tid_1000000050_node_49_core_2_pos_0,136,4096,incumbent_disperse_tid_1000000050_node_49_core_2_pos_0,32059,1,incumbent_base,31878,4096,incumbent_disperse_tid_1000000050_node_49_core_2_pos_0,32059,False,incumbent_base,0,31878,COMPUTED
3,case_081,3,,,1360,2048,incumbent_disperse_tid_1000004315_node_3712_core_1_pos_0,102455,1,incumbent_base,51943,2048,incumbent_disperse_tid_1000004315_node_3712_core_1_pos_0,102455,False,incumbent_base,0,51943,COMPUTED
3,case_081,4,,,1360,2048,incumbent_disperse_tid_1000004600_node_3957_core_1_pos_0,77538,1,incumbent_base,39588,2048,incumbent_disperse_tid_1000004600_node_3957_core_1_pos_0,77538,False,incumbent_base,0,39588,COMPUTED
1,case_071,1,,,70,0,,,0,incumbent_split_height_g3_p4,17401,0,,,False,incumbent_split_height_g3_p4,0,17401,COMPUTED
3,case_045,5,incumbent_disperse_tid_1000000050_node_49_core_1_pos_0,incumbent_disperse_tid_1000000050_node_49_core_1_pos_0,136,4096,incumbent_disperse_tid_1000000050_node_49_core_1_pos_0,26164,1,incumbent_base,26164,4096,incumbent_disperse_tid_1000000050_node_49_core_1_pos_0,26164,False,incumbent_base,0,26164,COMPUTED
3,case_081,2,,,1360,2048,incumbent_disperse_tid_1000004258_node_3663_core_1_pos_0,152400,1,incumbent_base,76860,2048,incumbent_disperse_tid_1000004258_node_3663_core_1_pos_0,152400,False,incumbent_base,0,76860,COMPUTED
2,case_071,2,,,70,2304,incumbent_disperse_tid_1000000038_node_389_core_1_pos_0,17597,1,incumbent_split_height_g3_p4,17401,2304,incumbent_disperse_tid_1000000038_node_389_core_1_pos_0,17597,False,incumbent_split_height_g3_p4,0,17401,COMPUTED
2,case_071,4,,,70,2304,incumbent_disperse_tid_1000000038_node_389_core_1_pos_0,17597,1,incumbent_split_height_g3_p4,17401,2304,incumbent_disperse_tid_1000000038_node_389_core_1_pos_0,17597,False,incumbent_split_height_g3_p4,0,17401,COMPUTED
2,case_071,3,,,70,2304,incumbent_disperse_tid_1000000038_node_389_core_1_pos_0,17597,1,incumbent_split_height_g3_p4,17401,2304,incumbent_disperse_tid_1000000038_node_389_core_1_pos_0,17597,False,incumbent_split_height_g3_p4,0,17401,COMPUTED
2,case_071,5,,,70,2304,incumbent_disperse_tid_1000000038_node_389_core_1_pos_0,17597,1,incumbent_split_height_g3_p4,17401,2304,incumbent_disperse_tid_1000000038_node_389_core_1_pos_0,17597,False,incumbent_split_height_g3_p4,0,17401,COMPUTED
3,case_035,2,incumbent_disperse_tid_310_node_350_core_0_pos_0,incumbent_disperse_tid_310_node_350_core_0_pos_0,602,4096,incumbent_disperse_tid_310_node_350_core_0_pos_0,95584,1,incumbent_base,95406,4096,incumbent_disperse_tid_310_node_350_core_0_pos_0,95584,False,incumbent_base,0,95406,COMPUTED
3,case_035,3,incumbent_disperse_tid_310_node_350_core_2_pos_0,incumbent_disperse_tid_310_node_350_core_2_pos_0,602,4096,incumbent_disperse_tid_310_node_350_core_2_pos_0,95424,1,incumbent_base,95406,4096,incumbent_disperse_tid_310_node_350_core_2_pos_0,95424,False,incumbent_base,0,95406,COMPUTED
2,case_095,4,,,3696,0,,,0,incumbent_base,524422,0,,,False,incumbent_base,0,524422,COMPUTED
2,case_095,3,,,3696,0,,,0,incumbent_base,695775,0,,,False,incumbent_base,0,695775,COMPUTED
2,case_095,5,,,3696,0,,,0,incumbent_base,420852,0,,,False,incumbent_base,0,420852,COMPUTED
3,case_035,4,incumbent_disperse_tid_310_node_350_core_2_pos_0,incumbent_disperse_tid_310_node_350_core_2_pos_0,602,4096,incumbent_disperse_tid_310_node_350_core_2_pos_0,95424,1,incumbent_base,95406,4096,incumbent_disperse_tid_310_node_350_core_2_pos_0,95424,False,incumbent_base,0,95406,COMPUTED
2,case_095,2,,,3696,0,,,0,incumbent_base,1042890,0,,,False,incumbent_base,0,1042890,COMPUTED
3,case_035,5,incumbent_disperse_tid_310_node_350_core_2_pos_0,incumbent_disperse_tid_310_node_350_core_2_pos_0,602,4096,incumbent_disperse_tid_310_node_350_core_2_pos_0,95424,1,incumbent_base,95406,4096,incumbent_disperse_tid_310_node_350_core_2_pos_0,95424,False,incumbent_base,0,95406,COMPUTED
1,case_066,1,,,362,0,,,0,incumbent_split_topo_g2_p4,356326,0,,,False,incumbent_split_topo_g2_p4,0,356326,COMPUTED
1,case_049,1,,,294,0,,,0,incumbent_split_height_g1_p4,194548,0,,,False,incumbent_split_height_g1_p4,0,194548,COMPUTED
2,case_095,1,,,7202,0,,,0,r2_merge_g0_1,1161033,0,,,False,r2_merge_g0_1,0,1161033,COMPUTED
2,case_066,2,incumbent_disperse_tid_1000003789_node_3726_core_0_pos_0,incumbent_disperse_tid_1000003789_node_3726_core_0_pos_0,362,2688,incumbent_disperse_tid_1000003789_node_3726_core_0_pos_0,248251,1,incumbent_split_height_g1_p4,247485,2688,incumbent_disperse_tid_1000003789_node_3726_core_0_pos_0,248251,False,incumbent_split_height_g1_p4,0,247485,COMPUTED
2,case_066,3,incumbent_disperse_tid_1000003789_node_3726_core_2_pos_0,incumbent_disperse_tid_1000003789_node_3726_core_2_pos_0,362,2688,incumbent_disperse_tid_1000003789_node_3726_core_2_pos_0,248205,1,incumbent_split_height_g1_p4,247485,2688,incumbent_disperse_tid_1000003789_node_3726_core_2_pos_0,248205,False,incumbent_split_height_g1_p4,0,247485,COMPUTED
2,case_049,2,,,288,0,,,0,incumbent_base,160206,0,,,False,incumbent_base,0,160206,COMPUTED
2,case_066,4,incumbent_disperse_tid_1000003789_node_3726_core_2_pos_0,incumbent_disperse_tid_1000003789_node_3726_core_2_pos_0,362,2688,incumbent_disperse_tid_1000003789_node_3726_core_2_pos_0,248205,1,incumbent_split_height_g1_p4,247485,2688,incumbent_disperse_tid_1000003789_node_3726_core_2_pos_0,248205,False,incumbent_split_height_g1_p4,0,247485,COMPUTED
2,case_049,3,,,288,0,,,0,incumbent_base,160206,0,,,False,incumbent_base,0,160206,COMPUTED
1,case_070,1,,,386,0,,,0,incumbent_split_release_g0_p4,104334,0,,,False,incumbent_split_release_g0_p4,0,104334,COMPUTED
2,case_049,4,,,288,0,,,0,incumbent_base,160206,0,,,False,incumbent_base,0,160206,COMPUTED
1,case_100,1,,,342,8192,incumbent_split_topo_g0_p4,149265,1,incumbent_split_release_g1_p4,142753,8192,incumbent_split_topo_g0_p4,149265,False,incumbent_split_release_g1_p4,0,142753,COMPUTED
2,case_037,1,,,360,0,,,0,incumbent_base,210001,0,,,False,incumbent_base,0,210001,COMPUTED
2,case_061,1,,,518,0,,,0,incumbent_base,77191,0,,,False,incumbent_base,0,77191,COMPUTED
2,case_049,5,,,288,0,,,0,incumbent_base,160206,0,,,False,incumbent_base,0,160206,COMPUTED
1,case_068,1,,,814,0,,,0,incumbent_split_release_g1_p4,359166,0,,,False,incumbent_split_release_g1_p4,0,359166,COMPUTED
1,case_082,1,,,178,0,,,0,incumbent_split_topo_g0_p4,709534,0,,,False,incumbent_split_topo_g0_p4,0,709534,COMPUTED
1,case_086,1,,,180,0,,,0,incumbent_split_release_g0_p4,114476,0,,,False,incumbent_split_release_g0_p4,0,114476,COMPUTED
3,case_020,4,incumbent_disperse_tid_1000005817_node_5597_core_0_pos_0,incumbent_disperse_tid_1000005817_node_5597_core_0_pos_0,576,4096,incumbent_disperse_tid_1000005817_node_5597_core_0_pos_0,133823,1,incumbent_base,133704,4096,incumbent_disperse_tid_1000005817_node_5597_core_0_pos_0,133823,False,incumbent_base,0,133704,COMPUTED
3,case_020,5,incumbent_disperse_tid_1000006054_node_5825_core_0_pos_0,incumbent_disperse_tid_1000006054_node_5825_core_0_pos_0,576,4096,incumbent_disperse_tid_1000006054_node_5825_core_0_pos_0,107574,1,incumbent_base,107650,4096,incumbent_disperse_tid_1000006054_node_5825_core_0_pos_0,107574,True,incumbent_disperse_tid_1000006054_node_5825_core_0_pos_0,4096,107574,COMPUTED
2,case_020,1,,,576,0,,,0,incumbent_base,532746,0,,,False,incumbent_base,0,532746,COMPUTED
3,case_020,3,incumbent_disperse_tid_1000005738_node_5521_core_1_pos_0,incumbent_disperse_tid_1000005738_node_5521_core_1_pos_0,576,4096,incumbent_disperse_tid_1000005738_node_5521_core_1_pos_0,178063,1,incumbent_base,177950,4096,incumbent_disperse_tid_1000005738_node_5521_core_1_pos_0,178063,False,incumbent_base,0,177950,COMPUTED
3,case_020,2,incumbent_disperse_tid_1000005738_node_5521_core_1_pos_0,incumbent_disperse_tid_1000005738_node_5521_core_1_pos_0,576,4096,incumbent_disperse_tid_1000005738_node_5521_core_1_pos_0,266680,1,incumbent_base,266580,4096,incumbent_disperse_tid_1000005738_node_5521_core_1_pos_0,266680,False,incumbent_base,0,266580,COMPUTED
3,case_098,2,incumbent_disperse_tid_188_node_189_core_0_pos_0,incumbent_disperse_tid_188_node_189_core_0_pos_0,294,4096,incumbent_disperse_tid_188_node_189_core_0_pos_0,89963,1,incumbent_base,89756,4096,incumbent_disperse_tid_188_node_189_core_0_pos_0,89963,False,incumbent_base,0,89756,COMPUTED
3,case_098,3,incumbent_disperse_tid_113_node_114_core_0_pos_0,incumbent_disperse_tid_113_node_114_core_0_pos_0,294,4096,incumbent_disperse_tid_113_node_114_core_0_pos_0,89963,1,incumbent_base,89756,4096,incumbent_disperse_tid_113_node_114_core_0_pos_0,89963,False,incumbent_base,0,89756,COMPUTED
3,case_098,4,incumbent_disperse_tid_113_node_114_core_0_pos_0,incumbent_disperse_tid_113_node_114_core_0_pos_0,294,4096,incumbent_disperse_tid_113_node_114_core_0_pos_0,89963,1,incumbent_base,89756,4096,incumbent_disperse_tid_113_node_114_core_0_pos_0,89963,False,incumbent_base,0,89756,COMPUTED
1,case_086,2,,,180,0,,,0,incumbent_split_topo_g0_p4,115496,0,,,False,incumbent_split_topo_g0_p4,0,115496,COMPUTED
2,case_065,1,,,306,0,,,0,incumbent_aggregate,39824,0,,,False,incumbent_aggregate,0,39824,COMPUTED
3,case_098,5,incumbent_disperse_tid_113_node_114_core_2_pos_0,incumbent_disperse_tid_113_node_114_core_2_pos_0,294,4096,incumbent_disperse_tid_113_node_114_core_2_pos_0,89894,1,incumbent_base,89756,4096,incumbent_disperse_tid_113_node_114_core_2_pos_0,89894,False,incumbent_base,0,89756,COMPUTED
2,case_051,1,,,24,0,,,0,incumbent_base,607628,0,,,False,incumbent_base,0,607628,COMPUTED
2,case_051,2,,,24,0,,,0,incumbent_base,607628,0,,,False,incumbent_base,0,607628,COMPUTED
1,case_086,3,,,180,0,,,0,incumbent_split_topo_g0_p4,115496,0,,,False,incumbent_split_topo_g0_p4,0,115496,COMPUTED
2,case_051,3,,,24,0,,,0,incumbent_base,607628,0,,,False,incumbent_base,0,607628,COMPUTED
1,case_086,5,,,180,0,,,0,incumbent_split_topo_g0_p4,115496,0,,,False,incumbent_split_topo_g0_p4,0,115496,COMPUTED
3,case_004,3,incumbent_disperse_tid_1000000003_node_30_core_1_pos_0,incumbent_disperse_tid_1000000003_node_30_core_1_pos_0,234,113664,incumbent_disperse_tid_1000000003_node_30_core_1_pos_0,133777,1,incumbent_base,134043,113664,incumbent_disperse_tid_1000000003_node_30_core_1_pos_0,133777,True,incumbent_disperse_tid_1000000003_node_30_core_1_pos_0,113664,133777,COMPUTED
3,case_004,4,,incumbent_disperse_tid_1000000001_node_21_core_3_pos_1,237,3072,incumbent_disperse_tid_1000000001_node_21_core_3_pos_1,104803,1,incumbent_base,104188,3072,incumbent_disperse_tid_1000000001_node_21_core_3_pos_1,104803,False,incumbent_base,0,104188,COMPUTED
2,case_097,1,,,6832,0,,,0,incumbent_base,11491509,0,,,False,incumbent_base,0,11491509,COMPUTED
1,case_075,1,,,538,0,,,0,incumbent_split_height_g3_p4,1427745,0,,,False,incumbent_split_height_g3_p4,0,1427745,COMPUTED
2,case_024,1,,,24,0,,,0,incumbent_base,2555343,0,,,False,incumbent_base,0,2555343,COMPUTED
2,case_063,1,,,3268,0,,,0,incumbent_base,1070397,0,,,False,incumbent_base,0,1070397,COMPUTED
3,case_097,2,,,6592,122880,incumbent_disperse_tid_1000001625_node_6664_core_1_pos_1,6203860,1,incumbent_base,5617602,122880,incumbent_disperse_tid_1000001625_node_6664_core_1_pos_1,6203860,False,incumbent_base,0,5617602,COMPUTED
3,case_063,4,incumbent_disperse_tid_1000002259_node_1883_core_3_pos_0,incumbent_disperse_tid_1000002259_node_1883_core_3_pos_0,4708,4608,incumbent_disperse_tid_1000002259_node_1883_core_3_pos_0,324140,1,incumbent_aggregate,324251,4608,incumbent_disperse_tid_1000002259_node_1883_core_3_pos_0,324140,True,incumbent_disperse_tid_1000002259_node_1883_core_3_pos_0,4608,324140,COMPUTED
3,case_063,5,incumbent_disperse_tid_1000002259_node_1883_core_3_pos_0,incumbent_disperse_tid_1000002259_node_1883_core_3_pos_0,4902,4608,incumbent_disperse_tid_1000002259_node_1883_core_3_pos_0,251470,1,incumbent_aggregate,251581,4608,incumbent_disperse_tid_1000002259_node_1883_core_3_pos_0,251470,True,incumbent_disperse_tid_1000002259_node_1883_core_3_pos_0,4608,251470,COMPUTED
1,case_085,1,,,696,0,,,0,incumbent_split_topo_g0_p4,3173461,0,,,False,incumbent_split_topo_g0_p4,0,3173461,COMPUTED
2,case_056,1,,,442,0,,,0,incumbent_base,277285,0,,,False,incumbent_base,0,277285,COMPUTED
2,case_007,1,,,1116,0,,,0,incumbent_base,1012562,0,,,False,incumbent_base,0,1012562,COMPUTED
3,case_007,2,incumbent_disperse_tid_1000000003_node_30_core_0_pos_0,incumbent_disperse_tid_1000000003_node_30_core_0_pos_0,1119,19968,incumbent_disperse_tid_1000000003_node_30_core_0_pos_0,508082,1,incumbent_base,507494,19968,incumbent_disperse_tid_1000000003_node_30_core_0_pos_0,508082,False,incumbent_base,0,507494,COMPUTED
3,case_007,3,incumbent_disperse_tid_1000000003_node_30_core_1_pos_0,incumbent_disperse_tid_1000000003_node_30_core_1_pos_0,1122,29184,incumbent_disperse_tid_1000000003_node_30_core_1_pos_0,338630,1,incumbent_base,338094,29184,incumbent_disperse_tid_1000000003_node_30_core_1_pos_0,338630,False,incumbent_base,0,338094,COMPUTED
3,case_056,2,incumbent_disperse_tid_1000007713_node_7571_core_1_pos_0,incumbent_disperse_tid_1000007713_node_7571_core_1_pos_0,442,4096,incumbent_disperse_tid_1000007713_node_7571_core_1_pos_0,265634,1,incumbent_base,265710,4096,incumbent_disperse_tid_1000007713_node_7571_core_1_pos_0,265634,True,incumbent_disperse_tid_1000007713_node_7571_core_1_pos_0,4096,265634,COMPUTED
3,case_056,3,incumbent_disperse_tid_1000007713_node_7558_core_1_pos_0,incumbent_disperse_tid_1000007713_node_7558_core_1_pos_0,442,4096,incumbent_disperse_tid_1000007713_node_7558_core_1_pos_0,265634,1,incumbent_base,265710,4096,incumbent_disperse_tid_1000007713_node_7558_core_1_pos_0,265634,True,incumbent_disperse_tid_1000007713_node_7558_core_1_pos_0,4096,265634,COMPUTED
3,case_007,4,incumbent_disperse_tid_1000000001_node_21_core_3_pos_1,incumbent_disperse_tid_1000000001_node_21_core_3_pos_1,1125,1536,incumbent_disperse_tid_1000000001_node_21_core_3_pos_1,254957,1,incumbent_base,254398,1536,incumbent_disperse_tid_1000000001_node_21_core_3_pos_1,254957,False,incumbent_base,0,254398,COMPUTED
3,case_056,4,incumbent_disperse_tid_1000007713_node_7558_core_1_pos_0,incumbent_disperse_tid_1000007713_node_7558_core_1_pos_0,442,4096,incumbent_disperse_tid_1000007713_node_7558_core_1_pos_0,265634,1,incumbent_base,265710,4096,incumbent_disperse_tid_1000007713_node_7558_core_1_pos_0,265634,True,incumbent_disperse_tid_1000007713_node_7558_core_1_pos_0,4096,265634,COMPUTED
3,case_007,5,,,1128,1536,incumbent_disperse_tid_1000000001_node_13_core_0_pos_1,206165,1,incumbent_base,203834,1536,incumbent_disperse_tid_1000000001_node_13_core_0_pos_1,206165,False,incumbent_base,0,203834,COMPUTED
3,case_056,5,incumbent_disperse_tid_1000007713_node_7558_core_2_pos_0,incumbent_disperse_tid_1000007713_node_7558_core_2_pos_0,442,4096,incumbent_disperse_tid_1000007713_node_7558_core_2_pos_0,265652,1,incumbent_base,265710,4096,incumbent_disperse_tid_1000007713_node_7558_core_2_pos_0,265652,True,incumbent_disperse_tid_1000007713_node_7558_core_2_pos_0,4096,265652,COMPUTED
2,case_009,1,,,636,0,,,0,incumbent_base,153201,0,,,False,incumbent_base,0,153201,COMPUTED
3,case_009,2,incumbent_disperse_tid_1000006137_node_5823_core_0_pos_0,incumbent_disperse_tid_1000006137_node_5823_core_0_pos_0,636,2048,incumbent_disperse_tid_1000006137_node_5823_core_0_pos_0,92259,1,incumbent_base,92198,2048,incumbent_disperse_tid_1000006137_node_5823_core_0_pos_0,92259,False,incumbent_base,0,92198,COMPUTED
2,case_013,1,,,1976,0,,,0,incumbent_base,263949,0,,,False,incumbent_base,0,263949,COMPUTED
3,case_013,2,incumbent_disperse_tid_1000000003_node_44_core_0_pos_0,incumbent_disperse_tid_1000000003_node_44_core_0_pos_0,1980,6144,incumbent_disperse_tid_1000000003_node_44_core_0_pos_0,132431,1,incumbent_base,132198,6144,incumbent_disperse_tid_1000000003_node_44_core_0_pos_0,132431,False,incumbent_base,0,132198,COMPUTED
3,case_013,3,,incumbent_disperse_tid_1000000001_node_18_core_0_pos_0,1984,12288,incumbent_disperse_tid_1000000001_node_18_core_0_pos_0,88837,1,incumbent_base,88351,12288,incumbent_disperse_tid_1000000001_node_18_core_0_pos_0,88837,False,incumbent_base,0,88351,COMPUTED
3,case_013,4,,incumbent_disperse_tid_1000000001_node_18_core_2_pos_0,1988,12288,incumbent_disperse_tid_1000000001_node_18_core_2_pos_0,67571,1,incumbent_base,66982,12288,incumbent_disperse_tid_1000000001_node_18_core_2_pos_0,67571,False,incumbent_base,0,66982,COMPUTED
1,case_067,1,,,4720,0,,,0,incumbent_base,63397576,0,,,False,incumbent_base,0,63397576,COMPUTED
1,case_010,1,,,204,0,,,0,incumbent_split_release_g0_p4,79774,0,,,False,incumbent_split_release_g0_p4,0,79774,COMPUTED
1,case_096,1,,,228,0,,,0,incumbent_split_release_g2_p4,75108,0,,,False,incumbent_split_release_g2_p4,0,75108,COMPUTED
2,case_005,1,,,178,0,,,0,incumbent_aggregate,93171,0,,,False,incumbent_aggregate,0,93171,COMPUTED
2,case_084,4,,,8616,0,,,0,incumbent_base,629028,0,,,False,incumbent_base,0,629028,COMPUTED
2,case_084,5,,,8616,0,,,0,incumbent_base,503472,0,,,False,incumbent_base,0,503472,COMPUTED
1,case_069,1,,,72,0,,,0,incumbent_split_height_g0_p4,22655,0,,,False,incumbent_split_height_g0_p4,0,22655,COMPUTED
1,case_069,2,,,72,0,,,0,incumbent_split_release_g0_p4,24048,0,,,False,incumbent_split_release_g0_p4,0,24048,COMPUTED
2,case_084,3,,,8616,0,,,0,incumbent_base,836220,0,,,False,incumbent_base,0,836220,COMPUTED
2,case_084,2,,,8616,0,,,0,incumbent_base,1255052,0,,,False,incumbent_base,0,1255052,COMPUTED
2,case_084,1,,,10716,0,,,0,incumbent_base,1371156,0,,,False,incumbent_base,0,1371156,COMPUTED
1,case_077,1,,,672,0,,,0,incumbent_split_topo_g0_p4,494044,0,,,False,incumbent_split_topo_g0_p4,0,494044,COMPUTED
2,case_001,1,,,402,0,,,0,incumbent_base,233110,0,,,False,incumbent_base,0,233110,COMPUTED
3,case_001,2,,,403,5248,incumbent_disperse_tid_1000000888_node_713_core_0_pos_0,233967,1,incumbent_base,116868,5248,incumbent_disperse_tid_1000000888_node_713_core_0_pos_0,233967,False,incumbent_base,0,116868,COMPUTED
3,case_001,3,,,404,5248,incumbent_disperse_tid_1000000923_node_741_core_2_pos_0,156068,1,incumbent_base,78545,5248,incumbent_disperse_tid_1000000923_node_741_core_2_pos_0,156068,False,incumbent_base,0,78545,COMPUTED
3,case_001,4,,,405,5248,incumbent_disperse_tid_1000000958_node_769_core_0_pos_0,117745,1,incumbent_base,58984,5248,incumbent_disperse_tid_1000000958_node_769_core_0_pos_0,117745,False,incumbent_base,0,58984,COMPUTED
3,case_001,5,,,406,5248,incumbent_disperse_tid_1000000958_node_769_core_0_pos_0,94554,1,incumbent_base,47502,5248,incumbent_disperse_tid_1000000958_node_769_core_0_pos_0,94554,False,incumbent_base,0,47502,COMPUTED
2,case_089,1,,,188,0,,,0,incumbent_base,689572,0,,,False,incumbent_base,0,689572,COMPUTED
2,case_012,1,,,506,0,,,0,incumbent_aggregate,42239,0,,,False,incumbent_aggregate,0,42239,COMPUTED
2,case_036,1,,,1602,0,,,0,incumbent_base,931510,0,,,False,incumbent_base,0,931510,COMPUTED
3,case_036,2,incumbent_disperse_tid_1000003888_node_3113_core_0_pos_1,incumbent_disperse_tid_1000003888_node_3113_core_0_pos_1,1603,4096,incumbent_disperse_tid_1000003888_node_3113_core_0_pos_1,466637,1,incumbent_base,466068,4096,incumbent_disperse_tid_1000003888_node_3113_core_0_pos_1,466637,False,incumbent_base,0,466068,COMPUTED
1,case_003,1,,,396,0,,,0,incumbent_split_release_g2_p4,591743,0,,,False,incumbent_split_release_g2_p4,0,591743,COMPUTED
3,case_036,3,,,1604,0,,,0,incumbent_base,311345,0,,,False,incumbent_base,0,311345,COMPUTED
2,case_016,1,,,24,0,,,0,incumbent_base,7715523,0,,,False,incumbent_base,0,7715523,COMPUTED
3,case_036,4,incumbent_disperse_tid_1000003958_node_3169_core_0_pos_1,incumbent_disperse_tid_1000003958_node_3169_core_0_pos_1,1605,4096,incumbent_disperse_tid_1000003958_node_3169_core_0_pos_1,234015,1,incumbent_base,233584,4096,incumbent_disperse_tid_1000003958_node_3169_core_0_pos_1,234015,False,incumbent_base,0,233584,COMPUTED
2,case_062,1,,,8724,0,,,0,incumbent_base,2854809,0,,,False,incumbent_base,0,2854809,COMPUTED
3,case_036,5,incumbent_disperse_tid_1000003958_node_3169_core_0_pos_1,incumbent_disperse_tid_1000003958_node_3169_core_0_pos_1,1606,4096,incumbent_disperse_tid_1000003958_node_3169_core_0_pos_1,187544,1,incumbent_base,187182,4096,incumbent_disperse_tid_1000003958_node_3169_core_0_pos_1,187544,False,incumbent_base,0,187182,COMPUTED
2,case_062,2,,,46768,0,,,0,incumbent_disperse_group_tid_1000012951_group_9_core_0_pos_4,2387918,0,,,False,incumbent_disperse_group_tid_1000012951_group_9_core_0_pos_4,0,2387918,COMPUTED
2,case_054,3,,,844,51270,incumbent_disperse_tid_1000006898_node_7777_core_1_pos_0,560775,1,incumbent_split_release_g0_p4,513130,51270,incumbent_disperse_tid_1000006898_node_7777_core_1_pos_0,560775,False,incumbent_split_release_g0_p4,0,513130,COMPUTED
2,case_054,4,,incumbent_disperse_tid_1000006898_node_6814_core_3_pos_0,844,1024,incumbent_disperse_tid_1000006898_node_6814_core_3_pos_0,516384,1,incumbent_split_release_g0_p4,513130,1024,incumbent_disperse_tid_1000006898_node_6814_core_3_pos_0,516384,False,incumbent_split_release_g0_p4,0,513130,COMPUTED
1,case_047,1,,,542,0,,,0,incumbent_split_release_g2_p4,322738,0,,,False,incumbent_split_release_g2_p4,0,322738,COMPUTED
1,case_047,3,,,542,0,,,0,incumbent_split_height_g0_p4,324264,0,,,False,incumbent_split_height_g0_p4,0,324264,COMPUTED
2,case_054,5,,,714,0,,,0,incumbent_split_topo_g0_p4,513641,0,,,False,incumbent_split_topo_g0_p4,0,513641,COMPUTED
2,case_025,1,,,5338,0,,,0,incumbent_base,4863026,0,,,False,incumbent_base,0,4863026,COMPUTED
3,case_025,5,,,5354,1536,incumbent_disperse_tid_1000000007_node_11_core_2_pos_0,1947243,1,incumbent_base,974747,1536,incumbent_disperse_tid_1000000007_node_11_core_2_pos_0,1947243,False,incumbent_base,0,974747,COMPUTED
1,case_058,1,,,16124,0,,,0,incumbent_split_topo_g0_p4,4533133,0,,,False,incumbent_split_topo_g0_p4,0,4533133,COMPUTED
3,case_079,4,,,13546,30720,incumbent_disperse_tid_1000002233_node_18830_core_1_pos_1,7961093,1,incumbent_base,7635624,30720,incumbent_disperse_tid_1000002233_node_18830_core_1_pos_1,7961093,False,incumbent_base,0,7635624,COMPUTED
3,case_062,3,,,49016,0,,,0,r1_split_g4_h0_c2_p8,1818680,0,,,False,r1_split_g4_h0_c2_p8,0,1818680,COMPUTED
2,case_079,1,,,18088,0,,,0,incumbent_base,31052251,0,,,False,incumbent_base,0,31052251,COMPUTED
3,case_058,5,,,11056,241664,incumbent_disperse_tid_1000002101_node_16684_core_1_pos_1,1041343,3,incumbent_base,1004819,12939264,event_timing_tid_1000000677_miss_17_bytes_69632_core_4,1797867,False,incumbent_base,0,1004819,COMPUTED
3,case_079,2,,,16574,141312,incumbent_disperse_tid_1000002205_node_18816_core_1_pos_1,16224312,1,incumbent_base,15446486,141312,incumbent_disperse_tid_1000002205_node_18816_core_1_pos_1,16224312,False,incumbent_base,0,15446486,COMPUTED
