budget,cells,cells_with_verified_best,mean_cumulative_eval_seconds,mean_speedup,mean_success_rate,median_speedup,scene
2,6,6,0.6749706176669861,2.9282536403346833,1.0,2.9382245924460335,A
5,6,6,1.211204013500416,3.269683724855394,0.8333333333333334,3.7882534418201463,A
10,6,6,1.9428687420007311,3.269683724855394,0.75,3.7882534418201463,A
20,6,6,3.968640741498954,3.4131529618807015,0.7157407407407407,3.7882534418201463,A
2,6,6,0.35839868783235335,2.9282536403346833,1.0,2.9382245924460335,B
5,6,6,1.050898083998921,3.0916095453174486,0.7999999999999999,3.25403090320631,B
10,6,6,2.149464660165298,3.0916095453174486,0.65,3.25403090320631,B
20,6,6,4.323291590666183,3.4131529618807015,0.6027777777777779,3.7882534418201463,B
2,6,6,0.3629589163329001,3.4166203848364685,1.0,3.7932769935068293,C
5,6,6,0.9106223261660489,3.422435172441263,1.0,3.8092630139562274,C
10,6,6,1.8122491104995788,3.430767781749043,1.0,3.813860079793495,C
20,6,6,3.3898088608323937,3.4313075196547747,1.0,3.813860079793495,C
