added_copy_bytes,cache_hit_bytes,cache_hit_rate,cache_miss_bytes,candidate,case,evaluation_seconds,gpu_backend,gpu_rank,makespan,mode,original_graph_copy_bytes,partition_added_copy_bytes,plan_sha256,scheduled_copy_bytes,spill_added_copy_bytes,status,variant
3670204,1277952,0.423899825856207,1736798,fixed_B_plan,case_051,0.08038437500363216,mps,,627502,fixed_plan,393218,3670204,019a6c6cd451dcf5e536f5117d74914ab862a3ce658e8dc4f4487655ecd4bb02,4063422,0,AI_VERIFIED,cache_capacity_double
3670204,1277952,0.423899825856207,1736798,fixed_B_plan,case_051,0.08038775000022724,mps,,627568,fixed_plan,393218,3670204,019a6c6cd451dcf5e536f5117d74914ab862a3ce658e8dc4f4487655ecd4bb02,4063422,0,AI_VERIFIED,cache_bandwidth_double
3670204,1277952,0.423899825856207,1736798,fixed_B_plan,case_051,0.08057591700344346,mps,,627371,fixed_plan,393218,3670204,019a6c6cd451dcf5e536f5117d74914ab862a3ce658e8dc4f4487655ecd4bb02,4063422,0,AI_VERIFIED,cache_bandwidth_half
3670204,884736,0.2934691102081433,2130014,fixed_B_plan,case_051,0.08042958300211467,mps,,627502,fixed_plan,393218,3670204,019a6c6cd451dcf5e536f5117d74914ab862a3ce658e8dc4f4487655ecd4bb02,4063422,0,AI_VERIFIED,cache_capacity_half
53568,41280,0.07677657421735508,496384,fixed_B_plan,case_012,0.059396249998826534,mps,,13406,fixed_plan,554898,53568,74e2f48a02bc0da889d9ecfa1e9a1620e41c58aa5959111496f36eec5e3f8b21,608466,0,AI_VERIFIED,cache_capacity_half
53568,41280,0.07677657421735508,496384,fixed_B_plan,case_012,0.06023291600286029,mps,,13406,fixed_plan,554898,53568,74e2f48a02bc0da889d9ecfa1e9a1620e41c58aa5959111496f36eec5e3f8b21,608466,0,AI_VERIFIED,cache_capacity_double
53568,41280,0.07677657421735508,496384,fixed_B_plan,case_012,0.08372408399009146,mps,,13406,fixed_plan,554898,53568,74e2f48a02bc0da889d9ecfa1e9a1620e41c58aa5959111496f36eec5e3f8b21,608466,0,AI_VERIFIED,cache_bandwidth_half
53568,41280,0.07677657421735508,496384,fixed_B_plan,case_012,0.08781425000051968,mps,,13406,fixed_plan,554898,53568,74e2f48a02bc0da889d9ecfa1e9a1620e41c58aa5959111496f36eec5e3f8b21,608466,0,AI_VERIFIED,cache_bandwidth_double
262750080,0,0.0,265617664,fixed_B_plan,case_067,1.2097470829903614,mps,,15931687,fixed_plan,6048128,14886400,641a4ced7312dd343437d661ed65a184d94fef87d8de6543fdf114fc7ef96d84,268798208,247863680,AI_VERIFIED,cache_capacity_half
262750080,0,0.0,265617664,fixed_B_plan,case_067,1.2058197919977829,mps,,15931687,fixed_plan,6048128,14886400,641a4ced7312dd343437d661ed65a184d94fef87d8de6543fdf114fc7ef96d84,268798208,247863680,AI_VERIFIED,cache_capacity_double
262750080,0,0.0,265617664,fixed_B_plan,case_067,1.2111467909999192,mps,,15931687,fixed_plan,6048128,14886400,641a4ced7312dd343437d661ed65a184d94fef87d8de6543fdf114fc7ef96d84,268798208,247863680,AI_VERIFIED,cache_bandwidth_half
262750080,0,0.0,265617664,fixed_B_plan,case_067,1.158188874978805,mps,,15931687,fixed_plan,6048128,14886400,641a4ced7312dd343437d661ed65a184d94fef87d8de6543fdf114fc7ef96d84,268798208,247863680,AI_VERIFIED,cache_bandwidth_double
0,0,0.0,1044820,fixed_B_plan,case_081,0.3369602910242975,mps,,30943,fixed_plan,1741140,0,f9e651df6a8229a7879066c19329096daf7d234ff4a05bd6b9f88f0a1a712f81,1741140,0,AI_VERIFIED,cache_capacity_double
0,0,0.0,1044820,fixed_B_plan,case_081,0.36499349999940023,mps,,30943,fixed_plan,1741140,0,f9e651df6a8229a7879066c19329096daf7d234ff4a05bd6b9f88f0a1a712f81,1741140,0,AI_VERIFIED,cache_capacity_half
0,0,0.0,1044820,fixed_B_plan,case_081,0.36850766697898507,mps,,30943,fixed_plan,1741140,0,f9e651df6a8229a7879066c19329096daf7d234ff4a05bd6b9f88f0a1a712f81,1741140,0,AI_VERIFIED,cache_bandwidth_half
0,0,0.0,1044820,fixed_B_plan,case_081,0.38086075001046993,mps,,30943,fixed_plan,1741140,0,f9e651df6a8229a7879066c19329096daf7d234ff4a05bd6b9f88f0a1a712f81,1741140,0,AI_VERIFIED,cache_bandwidth_double
3735752,786432,0.2580560481230008,2261092,fixed_B_plan,case_016,2.193032500013942,mps,,7740666,fixed_plan,393218,3735752,7001fafe7b3afa28710d517d485ac9f81cb1bb89c47a6a43cc55a2124285eceb,4128970,0,AI_VERIFIED,cache_capacity_half
3735752,1015808,0.33332239549220943,2031716,fixed_B_plan,case_016,2.1859189170063473,mps,,7740666,fixed_plan,393218,3735752,7001fafe7b3afa28710d517d485ac9f81cb1bb89c47a6a43cc55a2124285eceb,4128970,0,AI_VERIFIED,cache_capacity_double
3735752,1015808,0.33332239549220943,2031716,fixed_B_plan,case_016,2.1480791670037434,mps,,7740666,fixed_plan,393218,3735752,7001fafe7b3afa28710d517d485ac9f81cb1bb89c47a6a43cc55a2124285eceb,4128970,0,AI_VERIFIED,cache_bandwidth_half
3735752,1015808,0.33332239549220943,2031716,fixed_B_plan,case_016,2.1904195419920143,mps,,7740714,fixed_plan,393218,3735752,7001fafe7b3afa28710d517d485ac9f81cb1bb89c47a6a43cc55a2124285eceb,4128970,0,AI_VERIFIED,cache_bandwidth_double
80862720,976896,0.014325614920263087,67215360,fixed_B_plan,case_062,8.72233645900269,mps,,1718264,fixed_plan,13401600,68723712,466d4120401d04b4eb2040a54e27cba608a0a35b7437745cee75f97cb62be1d6,94264320,12139008,AI_VERIFIED,cache_capacity_half
80862720,3386880,0.049666636633930984,64805376,fixed_B_plan,case_062,8.565578292007558,mps,,1685616,fixed_plan,13401600,68723712,466d4120401d04b4eb2040a54e27cba608a0a35b7437745cee75f97cb62be1d6,94264320,12139008,AI_VERIFIED,cache_capacity_double
80862720,2990592,0.043855302279484636,65201664,fixed_B_plan,case_062,8.635521582997171,mps,,1691090,fixed_plan,13401600,68723712,466d4120401d04b4eb2040a54e27cba608a0a35b7437745cee75f97cb62be1d6,94264320,12139008,AI_VERIFIED,cache_bandwidth_half
80862720,2990592,0.043855302279484636,65201664,fixed_B_plan,case_062,8.67197729201871,mps,,1691572,fixed_plan,13401600,68723712,466d4120401d04b4eb2040a54e27cba608a0a35b7437745cee75f97cb62be1d6,94264320,12139008,AI_VERIFIED,cache_bandwidth_double
