added_copy_bytes,cache_hit_bytes,cache_hit_rate,cache_miss_bytes,candidate,case,error,error_type,evaluation_seconds,gpu_backend,gpu_rank,makespan,mode,original_graph_copy_bytes,partition_added_copy_bytes,plan_sha256,scheduled_copy_bytes,selected,spill_added_copy_bytes,status,variant
3670204,1277952,0.423899825856207,1736798,base_base,case_051,,,0.10536929199588485,mps,0,627568,reoptimized,393218,3670204,019a6c6cd451dcf5e536f5117d74914ab862a3ce658e8dc4f4487655ecd4bb02,4063422,True,0,AI_VERIFIED,cache_bandwidth_double
,,,,base_move,case_051,"global execution (core, op): dependency cycle; (0, 1002) -[local data/memory dependency]-> (0, 999); (0, 999) -[local data/memory dependency]-> (0, 1000); (0, 1000) -[local data/memory dependency]-> (0, 1010); (0, 1010) -[local data/memory dependency]-> (0, 1013); (0, 1013) -[local data/memory dependency]-> (0, 1015); (0, 1015) -[local data/memory dependency]-> (0, 1016); (0, 1016) -[local data/memory dependency]-> (0, 1017); (0, 1017) -[local data/memory dependency]-> (0, 1018); (0, 1018) -[local data/memory dependency]-> (0, 1019); (0, 1019) -[local data/memory dependency]-> (0, 1022); (0, 1022) -[local data/memory dependency]-> (0, 1023); (0, 1023) -[local data/memory dependency]-> (0, 1026); (0, 1026) -[local data/memory dependency]-> (0, 1027); (0, 1027) -[local data/memory dependency]-> (0, 1030); (0, 1030) -[local data/memory dependency]-> (0, 1031); (0, 1031) -[local data/memory dependency]-> (0, 1034); ... (220 edges total)",EvaluationValidationError,,,,,reoptimized,,,35ef20d95f72f7c58a4388f699b62212bc718ef03943b03d8170e153aa8622b4,,False,,EVALUATION_FAILED,cache_bandwidth_double
3670204,1277952,0.423899825856207,1736798,base_base,case_051,,,0.10664733400335535,mps,0,627371,reoptimized,393218,3670204,019a6c6cd451dcf5e536f5117d74914ab862a3ce658e8dc4f4487655ecd4bb02,4063422,True,0,AI_VERIFIED,cache_bandwidth_half
,,,,base_move,case_051,"global execution (core, op): dependency cycle; (0, 1002) -[local data/memory dependency]-> (0, 999); (0, 999) -[local data/memory dependency]-> (0, 1000); (0, 1000) -[local data/memory dependency]-> (0, 1010); (0, 1010) -[local data/memory dependency]-> (0, 1013); (0, 1013) -[local data/memory dependency]-> (0, 1015); (0, 1015) -[local data/memory dependency]-> (0, 1016); (0, 1016) -[local data/memory dependency]-> (0, 1017); (0, 1017) -[local data/memory dependency]-> (0, 1018); (0, 1018) -[local data/memory dependency]-> (0, 1019); (0, 1019) -[local data/memory dependency]-> (0, 1022); (0, 1022) -[local data/memory dependency]-> (0, 1023); (0, 1023) -[local data/memory dependency]-> (0, 1026); (0, 1026) -[local data/memory dependency]-> (0, 1027); (0, 1027) -[local data/memory dependency]-> (0, 1030); (0, 1030) -[local data/memory dependency]-> (0, 1031); (0, 1031) -[local data/memory dependency]-> (0, 1034); ... (220 edges total)",EvaluationValidationError,,,,,reoptimized,,,35ef20d95f72f7c58a4388f699b62212bc718ef03943b03d8170e153aa8622b4,,False,,EVALUATION_FAILED,cache_bandwidth_half
3670204,884736,0.2934691102081433,2130014,base_base,case_051,,,0.10584050000761636,mps,0,627502,reoptimized,393218,3670204,019a6c6cd451dcf5e536f5117d74914ab862a3ce658e8dc4f4487655ecd4bb02,4063422,True,0,AI_VERIFIED,cache_capacity_half
,,,,base_move,case_051,"global execution (core, op): dependency cycle; (0, 1002) -[local data/memory dependency]-> (0, 999); (0, 999) -[local data/memory dependency]-> (0, 1000); (0, 1000) -[local data/memory dependency]-> (0, 1010); (0, 1010) -[local data/memory dependency]-> (0, 1013); (0, 1013) -[local data/memory dependency]-> (0, 1015); (0, 1015) -[local data/memory dependency]-> (0, 1016); (0, 1016) -[local data/memory dependency]-> (0, 1017); (0, 1017) -[local data/memory dependency]-> (0, 1018); (0, 1018) -[local data/memory dependency]-> (0, 1019); (0, 1019) -[local data/memory dependency]-> (0, 1022); (0, 1022) -[local data/memory dependency]-> (0, 1023); (0, 1023) -[local data/memory dependency]-> (0, 1026); (0, 1026) -[local data/memory dependency]-> (0, 1027); (0, 1027) -[local data/memory dependency]-> (0, 1030); (0, 1030) -[local data/memory dependency]-> (0, 1031); (0, 1031) -[local data/memory dependency]-> (0, 1034); ... (220 edges total)",EvaluationValidationError,,,,,reoptimized,,,35ef20d95f72f7c58a4388f699b62212bc718ef03943b03d8170e153aa8622b4,,False,,EVALUATION_FAILED,cache_capacity_half
3670204,1277952,0.423899825856207,1736798,base_base,case_051,,,0.10735049998038448,mps,0,627502,reoptimized,393218,3670204,019a6c6cd451dcf5e536f5117d74914ab862a3ce658e8dc4f4487655ecd4bb02,4063422,True,0,AI_VERIFIED,cache_capacity_double
,,,,base_move,case_051,"global execution (core, op): dependency cycle; (0, 1002) -[local data/memory dependency]-> (0, 999); (0, 999) -[local data/memory dependency]-> (0, 1000); (0, 1000) -[local data/memory dependency]-> (0, 1010); (0, 1010) -[local data/memory dependency]-> (0, 1013); (0, 1013) -[local data/memory dependency]-> (0, 1015); (0, 1015) -[local data/memory dependency]-> (0, 1016); (0, 1016) -[local data/memory dependency]-> (0, 1017); (0, 1017) -[local data/memory dependency]-> (0, 1018); (0, 1018) -[local data/memory dependency]-> (0, 1019); (0, 1019) -[local data/memory dependency]-> (0, 1022); (0, 1022) -[local data/memory dependency]-> (0, 1023); (0, 1023) -[local data/memory dependency]-> (0, 1026); (0, 1026) -[local data/memory dependency]-> (0, 1027); (0, 1027) -[local data/memory dependency]-> (0, 1030); (0, 1030) -[local data/memory dependency]-> (0, 1031); (0, 1031) -[local data/memory dependency]-> (0, 1034); ... (220 edges total)",EvaluationValidationError,,,,,reoptimized,,,35ef20d95f72f7c58a4388f699b62212bc718ef03943b03d8170e153aa8622b4,,False,,EVALUATION_FAILED,cache_capacity_double
53568,41280,0.07677657421735508,496384,base_base,case_012,,,0.08560179101186804,mps,0,13406,reoptimized,554898,53568,74e2f48a02bc0da889d9ecfa1e9a1620e41c58aa5959111496f36eec5e3f8b21,608466,True,0,AI_VERIFIED,cache_capacity_half
25344,25344,0.04974874371859297,484096,base_aggregate_tid_1769,case_012,,,0.061961290979525074,mps,1,23858,reoptimized,554898,25344,54d45fe02e9da64b8151b546dd9742746052dc4a67228413ae7f716dc96c02e1,580242,False,0,AI_VERIFIED,cache_capacity_half
53568,41280,0.07677657421735508,496384,base_base,case_012,,,0.08577054197667167,mps,0,13406,reoptimized,554898,53568,74e2f48a02bc0da889d9ecfa1e9a1620e41c58aa5959111496f36eec5e3f8b21,608466,True,0,AI_VERIFIED,cache_capacity_double
25344,25344,0.04974874371859297,484096,base_aggregate_tid_1769,case_012,,,0.0636671660176944,mps,1,23858,reoptimized,554898,25344,54d45fe02e9da64b8151b546dd9742746052dc4a67228413ae7f716dc96c02e1,580242,False,0,AI_VERIFIED,cache_capacity_double
53568,41280,0.07677657421735508,496384,base_base,case_012,,,0.06407375002163462,mps,0,13406,reoptimized,554898,53568,74e2f48a02bc0da889d9ecfa1e9a1620e41c58aa5959111496f36eec5e3f8b21,608466,True,0,AI_VERIFIED,cache_bandwidth_half
25344,24192,0.04748743718592965,485248,base_aggregate_tid_1769,case_012,,,0.08964054199168459,mps,1,23858,reoptimized,554898,25344,54d45fe02e9da64b8151b546dd9742746052dc4a67228413ae7f716dc96c02e1,580242,False,0,AI_VERIFIED,cache_bandwidth_half
53568,41280,0.07677657421735508,496384,base_base,case_012,,,0.08618733400362544,mps,0,13406,reoptimized,554898,53568,74e2f48a02bc0da889d9ecfa1e9a1620e41c58aa5959111496f36eec5e3f8b21,608466,True,0,AI_VERIFIED,cache_bandwidth_double
25344,25344,0.04974874371859297,484096,base_aggregate_tid_1769,case_012,,,0.08943875000113621,mps,1,23858,reoptimized,554898,25344,54d45fe02e9da64b8151b546dd9742746052dc4a67228413ae7f716dc96c02e1,580242,False,0,AI_VERIFIED,cache_bandwidth_double
0,0,0.0,1044820,base_move,case_081,,,0.3797409159888048,mps,1,61008,reoptimized,1741140,0,38cb04f63a30d530b4a46a8d5abde23d76ecb173588288d6dc76846870bfb365,1741140,False,0,AI_VERIFIED,cache_capacity_half
0,0,0.0,1044820,base_base,case_081,,,0.38570458398316987,mps,0,30943,reoptimized,1741140,0,f9e651df6a8229a7879066c19329096daf7d234ff4a05bd6b9f88f0a1a712f81,1741140,True,0,AI_VERIFIED,cache_capacity_half
0,0,0.0,1044820,base_move,case_081,,,0.39918137501808815,mps,1,61008,reoptimized,1741140,0,38cb04f63a30d530b4a46a8d5abde23d76ecb173588288d6dc76846870bfb365,1741140,False,0,AI_VERIFIED,cache_capacity_double
0,0,0.0,1044820,base_base,case_081,,,0.353010709019145,mps,0,30943,reoptimized,1741140,0,f9e651df6a8229a7879066c19329096daf7d234ff4a05bd6b9f88f0a1a712f81,1741140,True,0,AI_VERIFIED,cache_capacity_double
0,0,0.0,1044820,base_move,case_081,,,0.3823278750060126,mps,1,61008,reoptimized,1741140,0,38cb04f63a30d530b4a46a8d5abde23d76ecb173588288d6dc76846870bfb365,1741140,False,0,AI_VERIFIED,cache_bandwidth_half
0,0,0.0,1044820,base_base,case_081,,,0.3549040420039091,mps,0,30943,reoptimized,1741140,0,f9e651df6a8229a7879066c19329096daf7d234ff4a05bd6b9f88f0a1a712f81,1741140,True,0,AI_VERIFIED,cache_bandwidth_half
262750080,0,0.0,265617664,base_base,case_067,,,1.1371602499857545,mps,0,15931687,reoptimized,6048128,14886400,641a4ced7312dd343437d661ed65a184d94fef87d8de6543fdf114fc7ef96d84,268798208,True,247863680,AI_VERIFIED,cache_capacity_double
266876032,133537536,0.4951625794766549,136146688,base_move,case_067,,,1.2637834580091294,mps,1,26209270,reoptimized,6048128,11164800,67e59d877f8a407388e7b5f09dadca31db8dcbf7c47fabd7d01f009d130f9129,272924160,False,255711232,AI_VERIFIED,cache_capacity_double
262750080,0,0.0,265617664,base_base,case_067,,,1.1444141670071986,mps,0,15931687,reoptimized,6048128,14886400,641a4ced7312dd343437d661ed65a184d94fef87d8de6543fdf114fc7ef96d84,268798208,True,247863680,AI_VERIFIED,cache_capacity_half
266876032,2965248,0.01099525940382779,266718976,base_move,case_067,,,1.267757416004315,mps,1,27854385,reoptimized,6048128,11164800,67e59d877f8a407388e7b5f09dadca31db8dcbf7c47fabd7d01f009d130f9129,272924160,False,255711232,AI_VERIFIED,cache_capacity_half
262750080,0,0.0,265617664,base_base,case_067,,,1.1530069589789491,mps,0,15931687,reoptimized,6048128,14886400,641a4ced7312dd343437d661ed65a184d94fef87d8de6543fdf114fc7ef96d84,268798208,True,247863680,AI_VERIFIED,cache_bandwidth_half
266876032,38605056,0.14314910760223037,231079168,base_move,case_067,,,1.2697558329964522,mps,1,26397757,reoptimized,6048128,11164800,67e59d877f8a407388e7b5f09dadca31db8dcbf7c47fabd7d01f009d130f9129,272924160,False,255711232,AI_VERIFIED,cache_bandwidth_half
262750080,0,0.0,265617664,base_base,case_067,,,1.1775661669962574,mps,0,15931687,reoptimized,6048128,14886400,641a4ced7312dd343437d661ed65a184d94fef87d8de6543fdf114fc7ef96d84,268798208,True,247863680,AI_VERIFIED,cache_bandwidth_double
266876032,115801344,0.42939606285609055,153882880,base_move,case_067,,,1.215246334002586,mps,1,26329316,reoptimized,6048128,11164800,67e59d877f8a407388e7b5f09dadca31db8dcbf7c47fabd7d01f009d130f9129,272924160,False,255711232,AI_VERIFIED,cache_bandwidth_double
0,0,0.0,1044820,base_move,case_081,,,0.3809989580186084,mps,1,61008,reoptimized,1741140,0,38cb04f63a30d530b4a46a8d5abde23d76ecb173588288d6dc76846870bfb365,1741140,False,0,AI_VERIFIED,cache_bandwidth_double
0,0,0.0,1044820,base_base,case_081,,,0.35176687498460524,mps,0,30943,reoptimized,1741140,0,f9e651df6a8229a7879066c19329096daf7d234ff4a05bd6b9f88f0a1a712f81,1741140,True,0,AI_VERIFIED,cache_bandwidth_double
3735752,786432,0.2580560481230008,2261092,base_base,case_016,,,2.107047291996423,mps,0,7740666,reoptimized,393218,3735752,7001fafe7b3afa28710d517d485ac9f81cb1bb89c47a6a43cc55a2124285eceb,4128970,True,0,AI_VERIFIED,cache_capacity_half
,,,,base_reorder,case_016,"global execution (core, op): dependency cycle; (0, 19) -[local data/memory dependency]-> (0, 20); (0, 20) -[local data/memory dependency]-> (0, 23); (0, 23) -[local data/memory dependency]-> (0, 24); (0, 24) -[local data/memory dependency]-> (0, 27); (0, 27) -[local data/memory dependency]-> (0, 28); (0, 28) -[local data/memory dependency]-> (0, 31); (0, 31) -[local data/memory dependency]-> (0, 32); (0, 32) -[local data/memory dependency]-> (0, 35); (0, 35) -[local data/memory dependency]-> (0, 36); (0, 36) -[local data/memory dependency]-> (0, 39); (0, 39) -[local data/memory dependency]-> (0, 40); (0, 40) -[local data/memory dependency]-> (0, 43); (0, 43) -[local data/memory dependency]-> (0, 44); (0, 44) -[local data/memory dependency]-> (0, 47); (0, 47) -[local data/memory dependency]-> (0, 48); (0, 48) -[local data/memory dependency]-> (0, 51); ... (2659 edges total)",EvaluationValidationError,,,,,reoptimized,,,4298a4f8967de6bf6476f826ed8b50a6c1c79778c29194b5796282a6cd7dd650,,False,,EVALUATION_FAILED,cache_capacity_half
3735752,1015808,0.33332239549220943,2031716,base_base,case_016,,,2.0814004999992903,mps,0,7740666,reoptimized,393218,3735752,7001fafe7b3afa28710d517d485ac9f81cb1bb89c47a6a43cc55a2124285eceb,4128970,True,0,AI_VERIFIED,cache_capacity_double
,,,,base_reorder,case_016,"global execution (core, op): dependency cycle; (0, 19) -[local data/memory dependency]-> (0, 20); (0, 20) -[local data/memory dependency]-> (0, 23); (0, 23) -[local data/memory dependency]-> (0, 24); (0, 24) -[local data/memory dependency]-> (0, 27); (0, 27) -[local data/memory dependency]-> (0, 28); (0, 28) -[local data/memory dependency]-> (0, 31); (0, 31) -[local data/memory dependency]-> (0, 32); (0, 32) -[local data/memory dependency]-> (0, 35); (0, 35) -[local data/memory dependency]-> (0, 36); (0, 36) -[local data/memory dependency]-> (0, 39); (0, 39) -[local data/memory dependency]-> (0, 40); (0, 40) -[local data/memory dependency]-> (0, 43); (0, 43) -[local data/memory dependency]-> (0, 44); (0, 44) -[local data/memory dependency]-> (0, 47); (0, 47) -[local data/memory dependency]-> (0, 48); (0, 48) -[local data/memory dependency]-> (0, 51); ... (2659 edges total)",EvaluationValidationError,,,,,reoptimized,,,4298a4f8967de6bf6476f826ed8b50a6c1c79778c29194b5796282a6cd7dd650,,False,,EVALUATION_FAILED,cache_capacity_double
3735752,1015808,0.33332239549220943,2031716,base_base,case_016,,,2.1132070409948938,mps,0,7740666,reoptimized,393218,3735752,7001fafe7b3afa28710d517d485ac9f81cb1bb89c47a6a43cc55a2124285eceb,4128970,True,0,AI_VERIFIED,cache_bandwidth_half
,,,,base_reorder,case_016,"global execution (core, op): dependency cycle; (0, 19) -[local data/memory dependency]-> (0, 20); (0, 20) -[local data/memory dependency]-> (0, 23); (0, 23) -[local data/memory dependency]-> (0, 24); (0, 24) -[local data/memory dependency]-> (0, 27); (0, 27) -[local data/memory dependency]-> (0, 28); (0, 28) -[local data/memory dependency]-> (0, 31); (0, 31) -[local data/memory dependency]-> (0, 32); (0, 32) -[local data/memory dependency]-> (0, 35); (0, 35) -[local data/memory dependency]-> (0, 36); (0, 36) -[local data/memory dependency]-> (0, 39); (0, 39) -[local data/memory dependency]-> (0, 40); (0, 40) -[local data/memory dependency]-> (0, 43); (0, 43) -[local data/memory dependency]-> (0, 44); (0, 44) -[local data/memory dependency]-> (0, 47); (0, 47) -[local data/memory dependency]-> (0, 48); (0, 48) -[local data/memory dependency]-> (0, 51); ... (2659 edges total)",EvaluationValidationError,,,,,reoptimized,,,4298a4f8967de6bf6476f826ed8b50a6c1c79778c29194b5796282a6cd7dd650,,False,,EVALUATION_FAILED,cache_bandwidth_half
3735752,1015808,0.33332239549220943,2031716,base_base,case_016,,,2.1254539170186035,mps,0,7740714,reoptimized,393218,3735752,7001fafe7b3afa28710d517d485ac9f81cb1bb89c47a6a43cc55a2124285eceb,4128970,True,0,AI_VERIFIED,cache_bandwidth_double
,,,,base_reorder,case_016,"global execution (core, op): dependency cycle; (0, 19) -[local data/memory dependency]-> (0, 20); (0, 20) -[local data/memory dependency]-> (0, 23); (0, 23) -[local data/memory dependency]-> (0, 24); (0, 24) -[local data/memory dependency]-> (0, 27); (0, 27) -[local data/memory dependency]-> (0, 28); (0, 28) -[local data/memory dependency]-> (0, 31); (0, 31) -[local data/memory dependency]-> (0, 32); (0, 32) -[local data/memory dependency]-> (0, 35); (0, 35) -[local data/memory dependency]-> (0, 36); (0, 36) -[local data/memory dependency]-> (0, 39); (0, 39) -[local data/memory dependency]-> (0, 40); (0, 40) -[local data/memory dependency]-> (0, 43); (0, 43) -[local data/memory dependency]-> (0, 44); (0, 44) -[local data/memory dependency]-> (0, 47); (0, 47) -[local data/memory dependency]-> (0, 48); (0, 48) -[local data/memory dependency]-> (0, 51); ... (2659 edges total)",EvaluationValidationError,,,,,reoptimized,,,4298a4f8967de6bf6476f826ed8b50a6c1c79778c29194b5796282a6cd7dd650,,False,,EVALUATION_FAILED,cache_bandwidth_double
80862720,976896,0.014325614920263087,67215360,base_base,case_062,,,8.183604333025869,mps,0,1718264,reoptimized,13401600,68723712,466d4120401d04b4eb2040a54e27cba608a0a35b7437745cee75f97cb62be1d6,94264320,True,12139008,AI_VERIFIED,cache_capacity_half
,,,,base_reorder,case_062,"global execution (core, op): dependency cycle; (0, 1000054650) -[PIPE_MTE3 FIFO]-> (0, 1000054681); (0, 1000054681) -[PIPE_MTE3 FIFO]-> (0, 1000054712); (0, 1000054712) -[PIPE_MTE3 FIFO]-> (0, 1000054743); (0, 1000054743) -[PIPE_MTE3 FIFO]-> (0, 1000054774); (0, 1000054774) -[PIPE_MTE3 FIFO]-> (0, 1000054805); (0, 1000054805) -[PIPE_MTE3 FIFO]-> (0, 1000054836); (0, 1000054836) -[PIPE_MTE3 FIFO]-> (0, 1000054867); (0, 1000054867) -[PIPE_MTE3 FIFO]-> (0, 1000054898); (0, 1000054898) -[PIPE_MTE3 FIFO]-> (0, 1000054929); (0, 1000054929) -[PIPE_MTE3 FIFO]-> (0, 1000054960); (0, 1000054960) -[PIPE_MTE3 FIFO]-> (0, 1000054991); (0, 1000054991) -[PIPE_MTE3 FIFO]-> (0, 1000055022); (0, 1000055022) -[PIPE_MTE3 FIFO]-> (0, 1000055053); (0, 1000055053) -[PIPE_MTE3 FIFO]-> (0, 1000055084); (0, 1000055084) -[PIPE_MTE3 FIFO]-> (0, 1000055115); (0, 1000055115) -[PIPE_MTE3 FIFO]-> (0, 1000055146); ... (370 edges total)",EvaluationValidationError,,,,,reoptimized,,,dddbef59d09d4d2107b8f3e84d6982483feec6bc3ed8f7ad3301977f59083a72,,False,,EVALUATION_FAILED,cache_capacity_half
80862720,3386880,0.049666636633930984,64805376,base_base,case_062,,,7.986414166982286,mps,0,1685616,reoptimized,13401600,68723712,466d4120401d04b4eb2040a54e27cba608a0a35b7437745cee75f97cb62be1d6,94264320,True,12139008,AI_VERIFIED,cache_capacity_double
,,,,base_reorder,case_062,"global execution (core, op): dependency cycle; (0, 1000054650) -[PIPE_MTE3 FIFO]-> (0, 1000054681); (0, 1000054681) -[PIPE_MTE3 FIFO]-> (0, 1000054712); (0, 1000054712) -[PIPE_MTE3 FIFO]-> (0, 1000054743); (0, 1000054743) -[PIPE_MTE3 FIFO]-> (0, 1000054774); (0, 1000054774) -[PIPE_MTE3 FIFO]-> (0, 1000054805); (0, 1000054805) -[PIPE_MTE3 FIFO]-> (0, 1000054836); (0, 1000054836) -[PIPE_MTE3 FIFO]-> (0, 1000054867); (0, 1000054867) -[PIPE_MTE3 FIFO]-> (0, 1000054898); (0, 1000054898) -[PIPE_MTE3 FIFO]-> (0, 1000054929); (0, 1000054929) -[PIPE_MTE3 FIFO]-> (0, 1000054960); (0, 1000054960) -[PIPE_MTE3 FIFO]-> (0, 1000054991); (0, 1000054991) -[PIPE_MTE3 FIFO]-> (0, 1000055022); (0, 1000055022) -[PIPE_MTE3 FIFO]-> (0, 1000055053); (0, 1000055053) -[PIPE_MTE3 FIFO]-> (0, 1000055084); (0, 1000055084) -[PIPE_MTE3 FIFO]-> (0, 1000055115); (0, 1000055115) -[PIPE_MTE3 FIFO]-> (0, 1000055146); ... (370 edges total)",EvaluationValidationError,,,,,reoptimized,,,dddbef59d09d4d2107b8f3e84d6982483feec6bc3ed8f7ad3301977f59083a72,,False,,EVALUATION_FAILED,cache_capacity_double
80862720,2990592,0.043855302279484636,65201664,base_base,case_062,,,8.055743500008248,mps,0,1691090,reoptimized,13401600,68723712,466d4120401d04b4eb2040a54e27cba608a0a35b7437745cee75f97cb62be1d6,94264320,True,12139008,AI_VERIFIED,cache_bandwidth_half
,,,,base_reorder,case_062,"global execution (core, op): dependency cycle; (0, 1000054650) -[PIPE_MTE3 FIFO]-> (0, 1000054681); (0, 1000054681) -[PIPE_MTE3 FIFO]-> (0, 1000054712); (0, 1000054712) -[PIPE_MTE3 FIFO]-> (0, 1000054743); (0, 1000054743) -[PIPE_MTE3 FIFO]-> (0, 1000054774); (0, 1000054774) -[PIPE_MTE3 FIFO]-> (0, 1000054805); (0, 1000054805) -[PIPE_MTE3 FIFO]-> (0, 1000054836); (0, 1000054836) -[PIPE_MTE3 FIFO]-> (0, 1000054867); (0, 1000054867) -[PIPE_MTE3 FIFO]-> (0, 1000054898); (0, 1000054898) -[PIPE_MTE3 FIFO]-> (0, 1000054929); (0, 1000054929) -[PIPE_MTE3 FIFO]-> (0, 1000054960); (0, 1000054960) -[PIPE_MTE3 FIFO]-> (0, 1000054991); (0, 1000054991) -[PIPE_MTE3 FIFO]-> (0, 1000055022); (0, 1000055022) -[PIPE_MTE3 FIFO]-> (0, 1000055053); (0, 1000055053) -[PIPE_MTE3 FIFO]-> (0, 1000055084); (0, 1000055084) -[PIPE_MTE3 FIFO]-> (0, 1000055115); (0, 1000055115) -[PIPE_MTE3 FIFO]-> (0, 1000055146); ... (370 edges total)",EvaluationValidationError,,,,,reoptimized,,,dddbef59d09d4d2107b8f3e84d6982483feec6bc3ed8f7ad3301977f59083a72,,False,,EVALUATION_FAILED,cache_bandwidth_half
80862720,2990592,0.043855302279484636,65201664,base_base,case_062,,,7.975949792016763,mps,0,1691572,reoptimized,13401600,68723712,466d4120401d04b4eb2040a54e27cba608a0a35b7437745cee75f97cb62be1d6,94264320,True,12139008,AI_VERIFIED,cache_bandwidth_double
,,,,base_reorder,case_062,"global execution (core, op): dependency cycle; (0, 1000054650) -[PIPE_MTE3 FIFO]-> (0, 1000054681); (0, 1000054681) -[PIPE_MTE3 FIFO]-> (0, 1000054712); (0, 1000054712) -[PIPE_MTE3 FIFO]-> (0, 1000054743); (0, 1000054743) -[PIPE_MTE3 FIFO]-> (0, 1000054774); (0, 1000054774) -[PIPE_MTE3 FIFO]-> (0, 1000054805); (0, 1000054805) -[PIPE_MTE3 FIFO]-> (0, 1000054836); (0, 1000054836) -[PIPE_MTE3 FIFO]-> (0, 1000054867); (0, 1000054867) -[PIPE_MTE3 FIFO]-> (0, 1000054898); (0, 1000054898) -[PIPE_MTE3 FIFO]-> (0, 1000054929); (0, 1000054929) -[PIPE_MTE3 FIFO]-> (0, 1000054960); (0, 1000054960) -[PIPE_MTE3 FIFO]-> (0, 1000054991); (0, 1000054991) -[PIPE_MTE3 FIFO]-> (0, 1000055022); (0, 1000055022) -[PIPE_MTE3 FIFO]-> (0, 1000055053); (0, 1000055053) -[PIPE_MTE3 FIFO]-> (0, 1000055084); (0, 1000055084) -[PIPE_MTE3 FIFO]-> (0, 1000055115); (0, 1000055115) -[PIPE_MTE3 FIFO]-> (0, 1000055146); ... (370 edges total)",EvaluationValidationError,,,,,reoptimized,,,dddbef59d09d4d2107b8f3e84d6982483feec6bc3ed8f7ad3301977f59083a72,,False,,EVALUATION_FAILED,cache_bandwidth_double
