case,cores,scene,epsilon,main_candidate,main_makespan,selected_candidate,selected_makespan,selected_hit_bytes,relative_makespan_delta,selected_source,eligible_hit_candidate_count,zero_hit_before,selection_status
case_001,1,C,0.001,incumbent_base,233110,,,0,,,0,1,NO_HIT_WITHIN_BUDGET
case_001,1,C,0.0025,incumbent_base,233110,,,0,,,0,1,NO_HIT_WITHIN_BUDGET
case_001,1,C,0.005,incumbent_base,233110,,,0,,,0,1,NO_HIT_WITHIN_BUDGET
case_001,1,C,0.01,incumbent_base,233110,,,0,,,0,1,NO_HIT_WITHIN_BUDGET
case_001,1,C,0.02,incumbent_base,233110,,,0,,,0,1,NO_HIT_WITHIN_BUDGET
case_001,2,C,0.001,incumbent_base,116868,,,0,,,0,1,NO_HIT_WITHIN_BUDGET
case_001,2,C,0.0025,incumbent_base,116868,,,0,,,0,1,NO_HIT_WITHIN_BUDGET
case_001,2,C,0.005,incumbent_base,116868,,,0,,,0,1,NO_HIT_WITHIN_BUDGET
case_001,2,C,0.01,incumbent_base,116868,,,0,,,0,1,NO_HIT_WITHIN_BUDGET
case_001,2,C,0.02,incumbent_base,116868,,,0,,,0,1,NO_HIT_WITHIN_BUDGET
case_001,3,C,0.001,incumbent_base,78545,,,0,,,0,1,NO_HIT_WITHIN_BUDGET
case_001,3,C,0.0025,incumbent_base,78545,,,0,,,0,1,NO_HIT_WITHIN_BUDGET
case_001,3,C,0.005,incumbent_base,78545,,,0,,,0,1,NO_HIT_WITHIN_BUDGET
case_001,3,C,0.01,incumbent_base,78545,,,0,,,0,1,NO_HIT_WITHIN_BUDGET
case_001,3,C,0.02,incumbent_base,78545,,,0,,,0,1,NO_HIT_WITHIN_BUDGET
case_001,4,C,0.001,incumbent_base,58984,,,0,,,0,1,NO_HIT_WITHIN_BUDGET
case_001,4,C,0.0025,incumbent_base,58984,,,0,,,0,1,NO_HIT_WITHIN_BUDGET
case_001,4,C,0.005,incumbent_base,58984,,,0,,,0,1,NO_HIT_WITHIN_BUDGET
case_001,4,C,0.01,incumbent_base,58984,,,0,,,0,1,NO_HIT_WITHIN_BUDGET
case_001,4,C,0.02,incumbent_base,58984,,,0,,,0,1,NO_HIT_WITHIN_BUDGET
case_001,5,C,0.001,incumbent_base,47502,,,0,,,0,1,NO_HIT_WITHIN_BUDGET
case_001,5,C,0.0025,incumbent_base,47502,,,0,,,0,1,NO_HIT_WITHIN_BUDGET
case_001,5,C,0.005,incumbent_base,47502,,,0,,,0,1,NO_HIT_WITHIN_BUDGET
case_001,5,C,0.01,incumbent_base,47502,,,0,,,0,1,NO_HIT_WITHIN_BUDGET
case_001,5,C,0.02,incumbent_base,47502,,,0,,,0,1,NO_HIT_WITHIN_BUDGET
case_003,1,C,0.001,incumbent_split_release_g2_p4,591743,,,0,,,0,1,NO_HIT_WITHIN_BUDGET
case_003,1,C,0.0025,incumbent_split_release_g2_p4,591743,,,0,,,0,1,NO_HIT_WITHIN_BUDGET
case_003,1,C,0.005,incumbent_split_release_g2_p4,591743,,,0,,,0,1,NO_HIT_WITHIN_BUDGET
case_003,1,C,0.01,incumbent_split_release_g2_p4,591743,,,0,,,0,1,NO_HIT_WITHIN_BUDGET
case_003,1,C,0.02,incumbent_split_release_g2_p4,591743,,,0,,,0,1,NO_HIT_WITHIN_BUDGET
case_004,2,C,0.001,incumbent_base,199074,,,0,,,0,1,NO_HIT_WITHIN_BUDGET
case_004,2,C,0.0025,incumbent_base,199074,,,0,,,0,1,NO_HIT_WITHIN_BUDGET
case_004,2,C,0.005,incumbent_base,199074,,,0,,,0,1,NO_HIT_WITHIN_BUDGET
case_004,2,C,0.01,incumbent_base,199074,,,0,,,0,1,NO_HIT_WITHIN_BUDGET
case_004,2,C,0.02,incumbent_base,199074,,,0,,,0,1,NO_HIT_WITHIN_BUDGET
case_004,3,C,0.001,incumbent_base,134043,incumbent_disperse_tid_1000000003_node_30_core_1_pos_0,133777,113664,-0.0019844378296516307,cache_zero_rescue,1,1,ELIGIBLE
case_004,3,C,0.0025,incumbent_base,134043,incumbent_disperse_tid_1000000003_node_30_core_1_pos_0,133777,113664,-0.0019844378296516307,cache_zero_rescue,1,1,ELIGIBLE
case_004,3,C,0.005,incumbent_base,134043,incumbent_disperse_tid_1000000003_node_30_core_1_pos_0,133777,113664,-0.0019844378296516307,cache_zero_rescue,1,1,ELIGIBLE
case_004,3,C,0.01,incumbent_base,134043,incumbent_disperse_tid_1000000003_node_30_core_1_pos_0,133777,113664,-0.0019844378296516307,cache_zero_rescue,1,1,ELIGIBLE
case_004,3,C,0.02,incumbent_base,134043,incumbent_disperse_tid_1000000003_node_30_core_1_pos_0,133777,113664,-0.0019844378296516307,cache_zero_rescue,1,1,ELIGIBLE
case_004,4,C,0.001,incumbent_base,104188,,,0,,,0,1,NO_HIT_WITHIN_BUDGET
case_004,4,C,0.0025,incumbent_base,104188,,,0,,,0,1,NO_HIT_WITHIN_BUDGET
case_004,4,C,0.005,incumbent_base,104188,,,0,,,0,1,NO_HIT_WITHIN_BUDGET
case_004,4,C,0.01,incumbent_base,104188,incumbent_disperse_tid_1000000001_node_21_core_3_pos_1,104803,3072,0.0059027911083811,cache_zero_rescue,1,1,ELIGIBLE
case_004,4,C,0.02,incumbent_base,104188,incumbent_disperse_tid_1000000001_node_21_core_3_pos_1,104803,3072,0.0059027911083811,cache_zero_rescue,1,1,ELIGIBLE
case_005,1,C,0.001,incumbent_aggregate,93171,,,0,,,0,1,NO_HIT_WITHIN_BUDGET
case_005,1,C,0.0025,incumbent_aggregate,93171,,,0,,,0,1,NO_HIT_WITHIN_BUDGET
case_005,1,C,0.005,incumbent_aggregate,93171,,,0,,,0,1,NO_HIT_WITHIN_BUDGET
case_005,1,C,0.01,incumbent_aggregate,93171,,,0,,,0,1,NO_HIT_WITHIN_BUDGET
case_005,1,C,0.02,incumbent_aggregate,93171,,,0,,,0,1,NO_HIT_WITHIN_BUDGET
case_007,1,C,0.001,incumbent_base,1012562,,,0,,,0,1,NO_HIT_WITHIN_BUDGET
case_007,1,C,0.0025,incumbent_base,1012562,,,0,,,0,1,NO_HIT_WITHIN_BUDGET
case_007,1,C,0.005,incumbent_base,1012562,,,0,,,0,1,NO_HIT_WITHIN_BUDGET
case_007,1,C,0.01,incumbent_base,1012562,,,0,,,0,1,NO_HIT_WITHIN_BUDGET
case_007,1,C,0.02,incumbent_base,1012562,,,0,,,0,1,NO_HIT_WITHIN_BUDGET
case_007,2,C,0.001,incumbent_base,507494,,,0,,,0,1,NO_HIT_WITHIN_BUDGET
case_007,2,C,0.0025,incumbent_base,507494,incumbent_disperse_tid_1000000003_node_30_core_0_pos_0,508082,19968,0.0011586343877956207,cache_zero_rescue,1,1,ELIGIBLE
case_007,2,C,0.005,incumbent_base,507494,incumbent_disperse_tid_1000000003_node_30_core_0_pos_0,508082,19968,0.0011586343877956207,cache_zero_rescue,1,1,ELIGIBLE
case_007,2,C,0.01,incumbent_base,507494,incumbent_disperse_tid_1000000003_node_30_core_0_pos_0,508082,19968,0.0011586343877956207,cache_zero_rescue,1,1,ELIGIBLE
case_007,2,C,0.02,incumbent_base,507494,incumbent_disperse_tid_1000000003_node_30_core_0_pos_0,508082,19968,0.0011586343877956207,cache_zero_rescue,1,1,ELIGIBLE
case_007,3,C,0.001,incumbent_base,338094,,,0,,,0,1,NO_HIT_WITHIN_BUDGET
case_007,3,C,0.0025,incumbent_base,338094,incumbent_disperse_tid_1000000003_node_30_core_1_pos_0,338630,29184,0.001585357918212127,cache_zero_rescue,1,1,ELIGIBLE
case_007,3,C,0.005,incumbent_base,338094,incumbent_disperse_tid_1000000003_node_30_core_1_pos_0,338630,29184,0.001585357918212127,cache_zero_rescue,1,1,ELIGIBLE
case_007,3,C,0.01,incumbent_base,338094,incumbent_disperse_tid_1000000003_node_30_core_1_pos_0,338630,29184,0.001585357918212127,cache_zero_rescue,1,1,ELIGIBLE
case_007,3,C,0.02,incumbent_base,338094,incumbent_disperse_tid_1000000003_node_30_core_1_pos_0,338630,29184,0.001585357918212127,cache_zero_rescue,1,1,ELIGIBLE
case_007,4,C,0.001,incumbent_base,254398,,,0,,,0,1,NO_HIT_WITHIN_BUDGET
case_007,4,C,0.0025,incumbent_base,254398,incumbent_disperse_tid_1000000001_node_21_core_3_pos_1,254957,1536,0.0021973443187446318,cache_zero_rescue,1,1,ELIGIBLE
case_007,4,C,0.005,incumbent_base,254398,incumbent_disperse_tid_1000000001_node_21_core_3_pos_1,254957,1536,0.0021973443187446318,cache_zero_rescue,1,1,ELIGIBLE
case_007,4,C,0.01,incumbent_base,254398,incumbent_disperse_tid_1000000001_node_21_core_3_pos_1,254957,1536,0.0021973443187446318,cache_zero_rescue,1,1,ELIGIBLE
case_007,4,C,0.02,incumbent_base,254398,incumbent_disperse_tid_1000000001_node_21_core_3_pos_1,254957,1536,0.0021973443187446318,cache_zero_rescue,1,1,ELIGIBLE
case_007,5,C,0.001,incumbent_base,203834,,,0,,,0,1,NO_HIT_WITHIN_BUDGET
case_007,5,C,0.0025,incumbent_base,203834,,,0,,,0,1,NO_HIT_WITHIN_BUDGET
case_007,5,C,0.005,incumbent_base,203834,,,0,,,0,1,NO_HIT_WITHIN_BUDGET
case_007,5,C,0.01,incumbent_base,203834,,,0,,,0,1,NO_HIT_WITHIN_BUDGET
case_007,5,C,0.02,incumbent_base,203834,incumbent_disperse_tid_1000000001_node_13_core_0_pos_1,206165,1536,0.011435776170805712,cache_zero_rescue,1,1,ELIGIBLE
case_008,1,C,0.001,incumbent_base,269325,,,0,,,0,1,NO_HIT_WITHIN_BUDGET
case_008,1,C,0.0025,incumbent_base,269325,,,0,,,0,1,NO_HIT_WITHIN_BUDGET
case_008,1,C,0.005,incumbent_base,269325,,,0,,,0,1,NO_HIT_WITHIN_BUDGET
case_008,1,C,0.01,incumbent_base,269325,,,0,,,0,1,NO_HIT_WITHIN_BUDGET
case_008,1,C,0.02,incumbent_base,269325,,,0,,,0,1,NO_HIT_WITHIN_BUDGET
case_008,2,C,0.001,incumbent_base,244266,,,0,,,0,1,NO_HIT_WITHIN_BUDGET
case_008,2,C,0.0025,incumbent_base,244266,,,0,,,0,1,NO_HIT_WITHIN_BUDGET
case_008,2,C,0.005,incumbent_base,244266,,,0,,,0,1,NO_HIT_WITHIN_BUDGET
case_008,2,C,0.01,incumbent_base,244266,,,0,,,0,1,NO_HIT_WITHIN_BUDGET
case_008,2,C,0.02,incumbent_base,244266,,,0,,,0,1,NO_HIT_WITHIN_BUDGET
case_008,3,C,0.001,incumbent_base,163359,,,0,,,0,1,NO_HIT_WITHIN_BUDGET
case_008,3,C,0.0025,incumbent_base,163359,,,0,,,0,1,NO_HIT_WITHIN_BUDGET
case_008,3,C,0.005,incumbent_base,163359,,,0,,,0,1,NO_HIT_WITHIN_BUDGET
case_008,3,C,0.01,incumbent_base,163359,,,0,,,0,1,NO_HIT_WITHIN_BUDGET
case_008,3,C,0.02,incumbent_base,163359,,,0,,,0,1,NO_HIT_WITHIN_BUDGET
case_008,4,C,0.001,incumbent_base,123060,,,0,,,0,1,NO_HIT_WITHIN_BUDGET
case_008,4,C,0.0025,incumbent_base,123060,,,0,,,0,1,NO_HIT_WITHIN_BUDGET
case_008,4,C,0.005,incumbent_base,123060,,,0,,,0,1,NO_HIT_WITHIN_BUDGET
case_008,4,C,0.01,incumbent_base,123060,,,0,,,0,1,NO_HIT_WITHIN_BUDGET
case_008,4,C,0.02,incumbent_base,123060,,,0,,,0,1,NO_HIT_WITHIN_BUDGET
case_008,5,C,0.001,incumbent_base,100603,,,0,,,0,1,NO_HIT_WITHIN_BUDGET
case_008,5,C,0.0025,incumbent_base,100603,,,0,,,0,1,NO_HIT_WITHIN_BUDGET
case_008,5,C,0.005,incumbent_base,100603,,,0,,,0,1,NO_HIT_WITHIN_BUDGET
case_008,5,C,0.01,incumbent_base,100603,,,0,,,0,1,NO_HIT_WITHIN_BUDGET
case_008,5,C,0.02,incumbent_base,100603,,,0,,,0,1,NO_HIT_WITHIN_BUDGET
case_009,1,C,0.001,incumbent_base,153201,,,0,,,0,1,NO_HIT_WITHIN_BUDGET
case_009,1,C,0.0025,incumbent_base,153201,,,0,,,0,1,NO_HIT_WITHIN_BUDGET
case_009,1,C,0.005,incumbent_base,153201,,,0,,,0,1,NO_HIT_WITHIN_BUDGET
case_009,1,C,0.01,incumbent_base,153201,,,0,,,0,1,NO_HIT_WITHIN_BUDGET
case_009,1,C,0.02,incumbent_base,153201,,,0,,,0,1,NO_HIT_WITHIN_BUDGET
case_009,2,C,0.001,incumbent_base,92198,incumbent_disperse_tid_1000006137_node_5823_core_0_pos_0,92259,2048,0.0006616195579078887,cache_zero_rescue,1,1,ELIGIBLE
case_009,2,C,0.0025,incumbent_base,92198,incumbent_disperse_tid_1000006137_node_5823_core_0_pos_0,92259,2048,0.0006616195579078887,cache_zero_rescue,1,1,ELIGIBLE
case_009,2,C,0.005,incumbent_base,92198,incumbent_disperse_tid_1000006137_node_5823_core_0_pos_0,92259,2048,0.0006616195579078887,cache_zero_rescue,1,1,ELIGIBLE
case_009,2,C,0.01,incumbent_base,92198,incumbent_disperse_tid_1000006137_node_5823_core_0_pos_0,92259,2048,0.0006616195579078887,cache_zero_rescue,1,1,ELIGIBLE
case_009,2,C,0.02,incumbent_base,92198,incumbent_disperse_tid_1000006137_node_5823_core_0_pos_0,92259,2048,0.0006616195579078887,cache_zero_rescue,1,1,ELIGIBLE
case_010,1,C,0.001,incumbent_split_release_g0_p4,79774,,,0,,,0,1,NO_HIT_WITHIN_BUDGET
case_010,1,C,0.0025,incumbent_split_release_g0_p4,79774,,,0,,,0,1,NO_HIT_WITHIN_BUDGET
case_010,1,C,0.005,incumbent_split_release_g0_p4,79774,,,0,,,0,1,NO_HIT_WITHIN_BUDGET
case_010,1,C,0.01,incumbent_split_release_g0_p4,79774,,,0,,,0,1,NO_HIT_WITHIN_BUDGET
case_010,1,C,0.02,incumbent_split_release_g0_p4,79774,,,0,,,0,1,NO_HIT_WITHIN_BUDGET
case_011,1,C,0.001,incumbent_base,184697,,,0,,,0,1,NO_HIT_WITHIN_BUDGET
case_011,1,C,0.0025,incumbent_base,184697,,,0,,,0,1,NO_HIT_WITHIN_BUDGET
case_011,1,C,0.005,incumbent_base,184697,,,0,,,0,1,NO_HIT_WITHIN_BUDGET
case_011,1,C,0.01,incumbent_base,184697,,,0,,,0,1,NO_HIT_WITHIN_BUDGET
case_011,1,C,0.02,incumbent_base,184697,,,0,,,0,1,NO_HIT_WITHIN_BUDGET
case_011,2,C,0.001,incumbent_base,92646,incumbent_split_release_g0_p4,92646,161792,0.0,main_diagnostic,1,1,ELIGIBLE
case_011,2,C,0.0025,incumbent_base,92646,incumbent_split_release_g0_p4,92646,161792,0.0,main_diagnostic,1,1,ELIGIBLE
case_011,2,C,0.005,incumbent_base,92646,incumbent_split_release_g0_p4,92646,161792,0.0,main_diagnostic,1,1,ELIGIBLE
case_011,2,C,0.01,incumbent_base,92646,incumbent_split_release_g0_p4,92646,161792,0.0,main_diagnostic,1,1,ELIGIBLE
case_011,2,C,0.02,incumbent_base,92646,incumbent_split_release_g0_p4,92646,161792,0.0,main_diagnostic,1,1,ELIGIBLE
case_011,4,C,0.001,incumbent_base,46880,incumbent_split_release_g0_p2,46880,325632,0.0,main_diagnostic,1,1,ELIGIBLE
case_011,4,C,0.0025,incumbent_base,46880,incumbent_split_release_g0_p2,46880,325632,0.0,main_diagnostic,1,1,ELIGIBLE
case_011,4,C,0.005,incumbent_base,46880,incumbent_split_release_g0_p2,46880,325632,0.0,main_diagnostic,1,1,ELIGIBLE
case_011,4,C,0.01,incumbent_base,46880,incumbent_split_release_g0_p2,46880,325632,0.0,main_diagnostic,1,1,ELIGIBLE
case_011,4,C,0.02,incumbent_base,46880,incumbent_split_release_g0_p2,46880,325632,0.0,main_diagnostic,1,1,ELIGIBLE
case_012,1,C,0.001,incumbent_aggregate,42239,,,0,,,0,1,NO_HIT_WITHIN_BUDGET
case_012,1,C,0.0025,incumbent_aggregate,42239,,,0,,,0,1,NO_HIT_WITHIN_BUDGET
case_012,1,C,0.005,incumbent_aggregate,42239,,,0,,,0,1,NO_HIT_WITHIN_BUDGET
case_012,1,C,0.01,incumbent_aggregate,42239,,,0,,,0,1,NO_HIT_WITHIN_BUDGET
case_012,1,C,0.02,incumbent_aggregate,42239,,,0,,,0,1,NO_HIT_WITHIN_BUDGET
case_013,1,C,0.001,incumbent_base,263949,,,0,,,0,1,NO_HIT_WITHIN_BUDGET
case_013,1,C,0.0025,incumbent_base,263949,,,0,,,0,1,NO_HIT_WITHIN_BUDGET
case_013,1,C,0.005,incumbent_base,263949,,,0,,,0,1,NO_HIT_WITHIN_BUDGET
case_013,1,C,0.01,incumbent_base,263949,,,0,,,0,1,NO_HIT_WITHIN_BUDGET
case_013,1,C,0.02,incumbent_base,263949,,,0,,,0,1,NO_HIT_WITHIN_BUDGET
case_013,2,C,0.001,incumbent_base,132198,,,0,,,0,1,NO_HIT_WITHIN_BUDGET
case_013,2,C,0.0025,incumbent_base,132198,incumbent_disperse_tid_1000000003_node_44_core_0_pos_0,132431,6144,0.0017625077535212696,cache_zero_rescue,1,1,ELIGIBLE
case_013,2,C,0.005,incumbent_base,132198,incumbent_disperse_tid_1000000003_node_44_core_0_pos_0,132431,6144,0.0017625077535212696,cache_zero_rescue,1,1,ELIGIBLE
case_013,2,C,0.01,incumbent_base,132198,incumbent_disperse_tid_1000000003_node_44_core_0_pos_0,132431,6144,0.0017625077535212696,cache_zero_rescue,1,1,ELIGIBLE
case_013,2,C,0.02,incumbent_base,132198,incumbent_disperse_tid_1000000003_node_44_core_0_pos_0,132431,6144,0.0017625077535212696,cache_zero_rescue,1,1,ELIGIBLE
case_013,3,C,0.001,incumbent_base,88351,,,0,,,0,1,NO_HIT_WITHIN_BUDGET
case_013,3,C,0.0025,incumbent_base,88351,,,0,,,0,1,NO_HIT_WITHIN_BUDGET
case_013,3,C,0.005,incumbent_base,88351,,,0,,,0,1,NO_HIT_WITHIN_BUDGET
case_013,3,C,0.01,incumbent_base,88351,incumbent_disperse_tid_1000000001_node_18_core_0_pos_0,88837,12288,0.005500786635125765,cache_zero_rescue,1,1,ELIGIBLE
case_013,3,C,0.02,incumbent_base,88351,incumbent_disperse_tid_1000000001_node_18_core_0_pos_0,88837,12288,0.005500786635125765,cache_zero_rescue,1,1,ELIGIBLE
case_013,4,C,0.001,incumbent_base,66982,,,0,,,0,1,NO_HIT_WITHIN_BUDGET
case_013,4,C,0.0025,incumbent_base,66982,,,0,,,0,1,NO_HIT_WITHIN_BUDGET
case_013,4,C,0.005,incumbent_base,66982,,,0,,,0,1,NO_HIT_WITHIN_BUDGET
case_013,4,C,0.01,incumbent_base,66982,incumbent_disperse_tid_1000000001_node_18_core_2_pos_0,67571,12288,0.008793407184019664,cache_zero_rescue,1,1,ELIGIBLE
case_013,4,C,0.02,incumbent_base,66982,incumbent_disperse_tid_1000000001_node_18_core_2_pos_0,67571,12288,0.008793407184019664,cache_zero_rescue,1,1,ELIGIBLE
case_016,1,C,0.001,incumbent_base,7715523,,,0,,,0,1,NO_HIT_WITHIN_BUDGET
case_016,1,C,0.0025,incumbent_base,7715523,,,0,,,0,1,NO_HIT_WITHIN_BUDGET
case_016,1,C,0.005,incumbent_base,7715523,,,0,,,0,1,NO_HIT_WITHIN_BUDGET
case_016,1,C,0.01,incumbent_base,7715523,,,0,,,0,1,NO_HIT_WITHIN_BUDGET
case_016,1,C,0.02,incumbent_base,7715523,,,0,,,0,1,NO_HIT_WITHIN_BUDGET
case_016,2,C,0.001,incumbent_base,7712915,r1_boundary_n4525_c1_p0,7716031,393216,0.0004039977103338366,main_diagnostic,1,1,ELIGIBLE
case_016,2,C,0.0025,incumbent_base,7712915,r1_boundary_n4525_c1_p0,7716031,393216,0.0004039977103338366,main_diagnostic,1,1,ELIGIBLE
case_016,2,C,0.005,incumbent_base,7712915,r1_boundary_n4525_c1_p0,7716031,393216,0.0004039977103338366,main_diagnostic,1,1,ELIGIBLE
case_016,2,C,0.01,incumbent_base,7712915,r1_boundary_n4525_c1_p0,7716031,393216,0.0004039977103338366,main_diagnostic,1,1,ELIGIBLE
case_016,2,C,0.02,incumbent_base,7712915,r1_boundary_n4525_c1_p0,7716031,393216,0.0004039977103338366,main_diagnostic,1,1,ELIGIBLE
case_016,3,C,0.001,incumbent_base,7712915,incumbent_disperse_tid_1000000001_node_13_core_1_pos_0,7713507,196608,7.675437885668046e-05,main_diagnostic,1,1,ELIGIBLE
case_016,3,C,0.0025,incumbent_base,7712915,incumbent_disperse_tid_1000000001_node_13_core_1_pos_0,7713507,196608,7.675437885668046e-05,main_diagnostic,1,1,ELIGIBLE
case_016,3,C,0.005,incumbent_base,7712915,incumbent_disperse_tid_1000000001_node_13_core_1_pos_0,7713507,196608,7.675437885668046e-05,main_diagnostic,1,1,ELIGIBLE
case_016,3,C,0.01,incumbent_base,7712915,incumbent_disperse_tid_1000000001_node_13_core_1_pos_0,7713507,196608,7.675437885668046e-05,main_diagnostic,1,1,ELIGIBLE
case_016,3,C,0.02,incumbent_base,7712915,incumbent_disperse_tid_1000000001_node_13_core_1_pos_0,7713507,196608,7.675437885668046e-05,main_diagnostic,1,1,ELIGIBLE
case_019,1,C,0.001,incumbent_base,70264,,,0,,,0,1,NO_HIT_WITHIN_BUDGET
case_019,1,C,0.0025,incumbent_base,70264,,,0,,,0,1,NO_HIT_WITHIN_BUDGET
case_019,1,C,0.005,incumbent_base,70264,,,0,,,0,1,NO_HIT_WITHIN_BUDGET
case_019,1,C,0.01,incumbent_base,70264,,,0,,,0,1,NO_HIT_WITHIN_BUDGET
case_019,1,C,0.02,incumbent_base,70264,,,0,,,0,1,NO_HIT_WITHIN_BUDGET
case_020,1,C,0.001,incumbent_base,532746,,,0,,,0,1,NO_HIT_WITHIN_BUDGET
case_020,1,C,0.0025,incumbent_base,532746,,,0,,,0,1,NO_HIT_WITHIN_BUDGET
case_020,1,C,0.005,incumbent_base,532746,,,0,,,0,1,NO_HIT_WITHIN_BUDGET
case_020,1,C,0.01,incumbent_base,532746,,,0,,,0,1,NO_HIT_WITHIN_BUDGET
case_020,1,C,0.02,incumbent_base,532746,,,0,,,0,1,NO_HIT_WITHIN_BUDGET
case_020,2,C,0.001,incumbent_base,266580,incumbent_disperse_tid_1000005738_node_5521_core_1_pos_0,266680,4096,0.0003751219146221896,cache_zero_rescue,1,1,ELIGIBLE
case_020,2,C,0.0025,incumbent_base,266580,incumbent_disperse_tid_1000005738_node_5521_core_1_pos_0,266680,4096,0.0003751219146221896,cache_zero_rescue,1,1,ELIGIBLE
case_020,2,C,0.005,incumbent_base,266580,incumbent_disperse_tid_1000005738_node_5521_core_1_pos_0,266680,4096,0.0003751219146221896,cache_zero_rescue,1,1,ELIGIBLE
case_020,2,C,0.01,incumbent_base,266580,incumbent_disperse_tid_1000005738_node_5521_core_1_pos_0,266680,4096,0.0003751219146221896,cache_zero_rescue,1,1,ELIGIBLE
case_020,2,C,0.02,incumbent_base,266580,incumbent_disperse_tid_1000005738_node_5521_core_1_pos_0,266680,4096,0.0003751219146221896,cache_zero_rescue,1,1,ELIGIBLE
case_020,3,C,0.001,incumbent_base,177950,incumbent_disperse_tid_1000005738_node_5521_core_1_pos_0,178063,4096,0.0006350098342231547,cache_zero_rescue,1,1,ELIGIBLE
case_020,3,C,0.0025,incumbent_base,177950,incumbent_disperse_tid_1000005738_node_5521_core_1_pos_0,178063,4096,0.0006350098342231547,cache_zero_rescue,1,1,ELIGIBLE
case_020,3,C,0.005,incumbent_base,177950,incumbent_disperse_tid_1000005738_node_5521_core_1_pos_0,178063,4096,0.0006350098342231547,cache_zero_rescue,1,1,ELIGIBLE
case_020,3,C,0.01,incumbent_base,177950,incumbent_disperse_tid_1000005738_node_5521_core_1_pos_0,178063,4096,0.0006350098342231547,cache_zero_rescue,1,1,ELIGIBLE
case_020,3,C,0.02,incumbent_base,177950,incumbent_disperse_tid_1000005738_node_5521_core_1_pos_0,178063,4096,0.0006350098342231547,cache_zero_rescue,1,1,ELIGIBLE
case_020,4,C,0.001,incumbent_base,133704,incumbent_disperse_tid_1000005817_node_5597_core_0_pos_0,133823,4096,0.0008900257284747415,cache_zero_rescue,1,1,ELIGIBLE
case_020,4,C,0.0025,incumbent_base,133704,incumbent_disperse_tid_1000005817_node_5597_core_0_pos_0,133823,4096,0.0008900257284747415,cache_zero_rescue,1,1,ELIGIBLE
case_020,4,C,0.005,incumbent_base,133704,incumbent_disperse_tid_1000005817_node_5597_core_0_pos_0,133823,4096,0.0008900257284747415,cache_zero_rescue,1,1,ELIGIBLE
case_020,4,C,0.01,incumbent_base,133704,incumbent_disperse_tid_1000005817_node_5597_core_0_pos_0,133823,4096,0.0008900257284747415,cache_zero_rescue,1,1,ELIGIBLE
case_020,4,C,0.02,incumbent_base,133704,incumbent_disperse_tid_1000005817_node_5597_core_0_pos_0,133823,4096,0.0008900257284747415,cache_zero_rescue,1,1,ELIGIBLE
case_020,5,C,0.001,incumbent_base,107650,incumbent_disperse_tid_1000006054_node_5825_core_0_pos_0,107574,4096,-0.000705991639572634,cache_zero_rescue,1,1,ELIGIBLE
case_020,5,C,0.0025,incumbent_base,107650,incumbent_disperse_tid_1000006054_node_5825_core_0_pos_0,107574,4096,-0.000705991639572634,cache_zero_rescue,1,1,ELIGIBLE
case_020,5,C,0.005,incumbent_base,107650,incumbent_disperse_tid_1000006054_node_5825_core_0_pos_0,107574,4096,-0.000705991639572634,cache_zero_rescue,1,1,ELIGIBLE
case_020,5,C,0.01,incumbent_base,107650,incumbent_disperse_tid_1000006054_node_5825_core_0_pos_0,107574,4096,-0.000705991639572634,cache_zero_rescue,1,1,ELIGIBLE
case_020,5,C,0.02,incumbent_base,107650,incumbent_disperse_tid_1000006054_node_5825_core_0_pos_0,107574,4096,-0.000705991639572634,cache_zero_rescue,1,1,ELIGIBLE
case_021,4,C,0.001,incumbent_base,1550324,,,0,,,0,1,NO_HIT_WITHIN_BUDGET
case_021,4,C,0.0025,incumbent_base,1550324,,,0,,,0,1,NO_HIT_WITHIN_BUDGET
case_021,4,C,0.005,incumbent_base,1550324,,,0,,,0,1,NO_HIT_WITHIN_BUDGET
case_021,4,C,0.01,incumbent_base,1550324,,,0,,,0,1,NO_HIT_WITHIN_BUDGET
case_021,4,C,0.02,incumbent_base,1550324,,,0,,,0,1,NO_HIT_WITHIN_BUDGET
case_024,1,C,0.001,incumbent_base,2555343,,,0,,,0,1,NO_HIT_WITHIN_BUDGET
case_024,1,C,0.0025,incumbent_base,2555343,,,0,,,0,1,NO_HIT_WITHIN_BUDGET
case_024,1,C,0.005,incumbent_base,2555343,,,0,,,0,1,NO_HIT_WITHIN_BUDGET
case_024,1,C,0.01,incumbent_base,2555343,,,0,,,0,1,NO_HIT_WITHIN_BUDGET
case_024,1,C,0.02,incumbent_base,2555343,,,0,,,0,1,NO_HIT_WITHIN_BUDGET
case_024,2,C,0.001,incumbent_base,2552735,incumbent_disperse_tid_1000000001_node_13_core_1_pos_0,2553327,196608,0.00023190812990780962,main_diagnostic,1,1,ELIGIBLE
case_024,2,C,0.0025,incumbent_base,2552735,incumbent_disperse_tid_1000000001_node_13_core_1_pos_0,2553327,196608,0.00023190812990780962,main_diagnostic,1,1,ELIGIBLE
case_024,2,C,0.005,incumbent_base,2552735,incumbent_disperse_tid_1000000001_node_13_core_1_pos_0,2553327,196608,0.00023190812990780962,main_diagnostic,1,1,ELIGIBLE
case_024,2,C,0.01,incumbent_base,2552735,incumbent_disperse_tid_1000000001_node_13_core_1_pos_0,2553327,196608,0.00023190812990780962,main_diagnostic,1,1,ELIGIBLE
case_024,2,C,0.02,incumbent_base,2552735,incumbent_disperse_tid_1000000001_node_13_core_1_pos_0,2553327,196608,0.00023190812990780962,main_diagnostic,1,1,ELIGIBLE
case_024,3,C,0.001,incumbent_base,2552735,incumbent_disperse_tid_1000000001_node_13_core_1_pos_0,2553327,196608,0.00023190812990780962,main_diagnostic,1,1,ELIGIBLE
case_024,3,C,0.0025,incumbent_base,2552735,incumbent_disperse_tid_1000000001_node_13_core_1_pos_0,2553327,196608,0.00023190812990780962,main_diagnostic,1,1,ELIGIBLE
case_024,3,C,0.005,incumbent_base,2552735,incumbent_disperse_tid_1000000001_node_13_core_1_pos_0,2553327,196608,0.00023190812990780962,main_diagnostic,1,1,ELIGIBLE
case_024,3,C,0.01,incumbent_base,2552735,incumbent_disperse_tid_1000000001_node_13_core_1_pos_0,2553327,196608,0.00023190812990780962,main_diagnostic,1,1,ELIGIBLE
case_024,3,C,0.02,incumbent_base,2552735,incumbent_disperse_tid_1000000001_node_13_core_1_pos_0,2553327,196608,0.00023190812990780962,main_diagnostic,1,1,ELIGIBLE
case_024,4,C,0.001,incumbent_base,2552735,incumbent_disperse_tid_1000000001_node_13_core_1_pos_0,2553327,196608,0.00023190812990780962,main_diagnostic,1,1,ELIGIBLE
case_024,4,C,0.0025,incumbent_base,2552735,incumbent_disperse_tid_1000000001_node_13_core_1_pos_0,2553327,196608,0.00023190812990780962,main_diagnostic,1,1,ELIGIBLE
case_024,4,C,0.005,incumbent_base,2552735,incumbent_disperse_tid_1000000001_node_13_core_1_pos_0,2553327,196608,0.00023190812990780962,main_diagnostic,1,1,ELIGIBLE
case_024,4,C,0.01,incumbent_base,2552735,incumbent_disperse_tid_1000000001_node_13_core_1_pos_0,2553327,196608,0.00023190812990780962,main_diagnostic,1,1,ELIGIBLE
case_024,4,C,0.02,incumbent_base,2552735,incumbent_disperse_tid_1000000001_node_13_core_1_pos_0,2553327,196608,0.00023190812990780962,main_diagnostic,1,1,ELIGIBLE
case_025,1,C,0.001,incumbent_base,4863026,,,0,,,0,1,NO_HIT_WITHIN_BUDGET
case_025,1,C,0.0025,incumbent_base,4863026,,,0,,,0,1,NO_HIT_WITHIN_BUDGET
case_025,1,C,0.005,incumbent_base,4863026,,,0,,,0,1,NO_HIT_WITHIN_BUDGET
case_025,1,C,0.01,incumbent_base,4863026,,,0,,,0,1,NO_HIT_WITHIN_BUDGET
case_025,1,C,0.02,incumbent_base,4863026,,,0,,,0,1,NO_HIT_WITHIN_BUDGET
case_025,2,C,0.001,incumbent_base,2431840,incumbent_disperse_tid_1000000003_node_30_core_0_pos_0,2432402,19968,0.00023110073031129552,main_diagnostic,1,1,ELIGIBLE
case_025,2,C,0.0025,incumbent_base,2431840,incumbent_disperse_tid_1000000003_node_30_core_0_pos_0,2432402,19968,0.00023110073031129552,main_diagnostic,1,1,ELIGIBLE
case_025,2,C,0.005,incumbent_base,2431840,incumbent_disperse_tid_1000000003_node_30_core_0_pos_0,2432402,19968,0.00023110073031129552,main_diagnostic,1,1,ELIGIBLE
case_025,2,C,0.01,incumbent_base,2431840,incumbent_disperse_tid_1000000003_node_30_core_0_pos_0,2432402,19968,0.00023110073031129552,main_diagnostic,1,1,ELIGIBLE
case_025,2,C,0.02,incumbent_base,2431840,incumbent_disperse_tid_1000000003_node_30_core_0_pos_0,2432402,19968,0.00023110073031129552,main_diagnostic,1,1,ELIGIBLE
case_025,4,C,0.001,incumbent_base,1217444,,,0,,,0,1,NO_HIT_WITHIN_BUDGET
case_025,4,C,0.0025,incumbent_base,1217444,,,0,,,0,1,NO_HIT_WITHIN_BUDGET
case_025,4,C,0.005,incumbent_base,1217444,,,0,,,0,1,NO_HIT_WITHIN_BUDGET
case_025,4,C,0.01,incumbent_base,1217444,,,0,,,0,1,NO_HIT_WITHIN_BUDGET
case_025,4,C,0.02,incumbent_base,1217444,,,0,,,0,1,NO_HIT_WITHIN_BUDGET
case_025,5,C,0.001,incumbent_base,974747,,,0,,,0,1,NO_HIT_WITHIN_BUDGET
case_025,5,C,0.0025,incumbent_base,974747,,,0,,,0,1,NO_HIT_WITHIN_BUDGET
case_025,5,C,0.005,incumbent_base,974747,,,0,,,0,1,NO_HIT_WITHIN_BUDGET
case_025,5,C,0.01,incumbent_base,974747,,,0,,,0,1,NO_HIT_WITHIN_BUDGET
case_025,5,C,0.02,incumbent_base,974747,,,0,,,0,1,NO_HIT_WITHIN_BUDGET
case_027,4,C,0.001,incumbent_base,559196,incumbent_split_height_g1_p4,559196,1966080,0.0,main_diagnostic,1,1,ELIGIBLE
case_027,4,C,0.0025,incumbent_base,559196,incumbent_split_height_g1_p4,559196,1966080,0.0,main_diagnostic,1,1,ELIGIBLE
case_027,4,C,0.005,incumbent_base,559196,incumbent_split_height_g1_p4,559196,1966080,0.0,main_diagnostic,1,1,ELIGIBLE
case_027,4,C,0.01,incumbent_base,559196,incumbent_split_height_g1_p4,559196,1966080,0.0,main_diagnostic,1,1,ELIGIBLE
case_027,4,C,0.02,incumbent_base,559196,incumbent_split_height_g1_p4,559196,1966080,0.0,main_diagnostic,1,1,ELIGIBLE
case_028,3,C,0.001,incumbent_base,16770711,,,0,,,0,1,NO_HIT_WITHIN_BUDGET
case_028,3,C,0.0025,incumbent_base,16770711,,,0,,,0,1,NO_HIT_WITHIN_BUDGET
case_028,3,C,0.005,incumbent_base,16770711,,,0,,,0,1,NO_HIT_WITHIN_BUDGET
case_028,3,C,0.01,incumbent_base,16770711,,,0,,,0,1,NO_HIT_WITHIN_BUDGET
case_028,3,C,0.02,incumbent_base,16770711,,,0,,,0,1,NO_HIT_WITHIN_BUDGET
case_029,1,C,0.001,incumbent_base,37555,,,0,,,0,1,NO_HIT_WITHIN_BUDGET
case_029,1,C,0.0025,incumbent_base,37555,,,0,,,0,1,NO_HIT_WITHIN_BUDGET
case_029,1,C,0.005,incumbent_base,37555,,,0,,,0,1,NO_HIT_WITHIN_BUDGET
case_029,1,C,0.01,incumbent_base,37555,,,0,,,0,1,NO_HIT_WITHIN_BUDGET
case_029,1,C,0.02,incumbent_base,37555,,,0,,,0,1,NO_HIT_WITHIN_BUDGET
case_029,2,C,0.001,incumbent_base,19740,,,0,,,0,1,NO_HIT_WITHIN_BUDGET
case_029,2,C,0.0025,incumbent_base,19740,,,0,,,0,1,NO_HIT_WITHIN_BUDGET
case_029,2,C,0.005,incumbent_base,19740,,,0,,,0,1,NO_HIT_WITHIN_BUDGET
case_029,2,C,0.01,incumbent_base,19740,,,0,,,0,1,NO_HIT_WITHIN_BUDGET
case_029,2,C,0.02,incumbent_base,19740,,,0,,,0,1,NO_HIT_WITHIN_BUDGET
case_029,3,C,0.001,incumbent_base,12743,,,0,,,0,1,NO_HIT_WITHIN_BUDGET
case_029,3,C,0.0025,incumbent_base,12743,,,0,,,0,1,NO_HIT_WITHIN_BUDGET
case_029,3,C,0.005,incumbent_base,12743,,,0,,,0,1,NO_HIT_WITHIN_BUDGET
case_029,3,C,0.01,incumbent_base,12743,,,0,,,0,1,NO_HIT_WITHIN_BUDGET
case_029,3,C,0.02,incumbent_base,12743,,,0,,,0,1,NO_HIT_WITHIN_BUDGET
case_029,4,C,0.001,incumbent_base,11028,,,0,,,0,1,NO_HIT_WITHIN_BUDGET
case_029,4,C,0.0025,incumbent_base,11028,,,0,,,0,1,NO_HIT_WITHIN_BUDGET
case_029,4,C,0.005,incumbent_base,11028,,,0,,,0,1,NO_HIT_WITHIN_BUDGET
case_029,4,C,0.01,incumbent_base,11028,,,0,,,0,1,NO_HIT_WITHIN_BUDGET
case_029,4,C,0.02,incumbent_base,11028,,,0,,,0,1,NO_HIT_WITHIN_BUDGET
case_029,5,C,0.001,incumbent_base,9383,,,0,,,0,1,NO_HIT_WITHIN_BUDGET
case_029,5,C,0.0025,incumbent_base,9383,,,0,,,0,1,NO_HIT_WITHIN_BUDGET
case_029,5,C,0.005,incumbent_base,9383,,,0,,,0,1,NO_HIT_WITHIN_BUDGET
case_029,5,C,0.01,incumbent_base,9383,,,0,,,0,1,NO_HIT_WITHIN_BUDGET
case_029,5,C,0.02,incumbent_base,9383,,,0,,,0,1,NO_HIT_WITHIN_BUDGET
case_032,1,C,0.001,incumbent_aggregate,34141,incumbent_base,34141,10240,0.0,main_diagnostic,1,1,ELIGIBLE
case_032,1,C,0.0025,incumbent_aggregate,34141,incumbent_base,34141,10240,0.0,main_diagnostic,1,1,ELIGIBLE
case_032,1,C,0.005,incumbent_aggregate,34141,incumbent_base,34141,10240,0.0,main_diagnostic,1,1,ELIGIBLE
case_032,1,C,0.01,incumbent_aggregate,34141,incumbent_base,34141,10240,0.0,main_diagnostic,1,1,ELIGIBLE
case_032,1,C,0.02,incumbent_aggregate,34141,incumbent_base,34141,10240,0.0,main_diagnostic,1,1,ELIGIBLE
case_035,1,C,0.001,incumbent_split_topo_g1_p4,168511,,,0,,,0,1,NO_HIT_WITHIN_BUDGET
case_035,1,C,0.0025,incumbent_split_topo_g1_p4,168511,,,0,,,0,1,NO_HIT_WITHIN_BUDGET
case_035,1,C,0.005,incumbent_split_topo_g1_p4,168511,,,0,,,0,1,NO_HIT_WITHIN_BUDGET
case_035,1,C,0.01,incumbent_split_topo_g1_p4,168511,,,0,,,0,1,NO_HIT_WITHIN_BUDGET
case_035,1,C,0.02,incumbent_split_topo_g1_p4,168511,,,0,,,0,1,NO_HIT_WITHIN_BUDGET
case_035,2,C,0.001,incumbent_base,95406,,,0,,,0,1,NO_HIT_WITHIN_BUDGET
case_035,2,C,0.0025,incumbent_base,95406,incumbent_disperse_tid_310_node_350_core_0_pos_0,95584,4096,0.001865710751944416,cache_zero_rescue,1,1,ELIGIBLE
case_035,2,C,0.005,incumbent_base,95406,incumbent_disperse_tid_310_node_350_core_0_pos_0,95584,4096,0.001865710751944416,cache_zero_rescue,1,1,ELIGIBLE
case_035,2,C,0.01,incumbent_base,95406,incumbent_disperse_tid_310_node_350_core_0_pos_0,95584,4096,0.001865710751944416,cache_zero_rescue,1,1,ELIGIBLE
case_035,2,C,0.02,incumbent_base,95406,incumbent_disperse_tid_310_node_350_core_0_pos_0,95584,4096,0.001865710751944416,cache_zero_rescue,1,1,ELIGIBLE
case_035,3,C,0.001,incumbent_base,95406,incumbent_disperse_tid_310_node_350_core_2_pos_0,95424,4096,0.00018866737941003464,cache_zero_rescue,1,1,ELIGIBLE
case_035,3,C,0.0025,incumbent_base,95406,incumbent_disperse_tid_310_node_350_core_2_pos_0,95424,4096,0.00018866737941003464,cache_zero_rescue,1,1,ELIGIBLE
case_035,3,C,0.005,incumbent_base,95406,incumbent_disperse_tid_310_node_350_core_2_pos_0,95424,4096,0.00018866737941003464,cache_zero_rescue,1,1,ELIGIBLE
case_035,3,C,0.01,incumbent_base,95406,incumbent_disperse_tid_310_node_350_core_2_pos_0,95424,4096,0.00018866737941003464,cache_zero_rescue,1,1,ELIGIBLE
case_035,3,C,0.02,incumbent_base,95406,incumbent_disperse_tid_310_node_350_core_2_pos_0,95424,4096,0.00018866737941003464,cache_zero_rescue,1,1,ELIGIBLE
case_035,4,C,0.001,incumbent_base,95406,incumbent_disperse_tid_310_node_350_core_2_pos_0,95424,4096,0.00018866737941003464,cache_zero_rescue,1,1,ELIGIBLE
case_035,4,C,0.0025,incumbent_base,95406,incumbent_disperse_tid_310_node_350_core_2_pos_0,95424,4096,0.00018866737941003464,cache_zero_rescue,1,1,ELIGIBLE
case_035,4,C,0.005,incumbent_base,95406,incumbent_disperse_tid_310_node_350_core_2_pos_0,95424,4096,0.00018866737941003464,cache_zero_rescue,1,1,ELIGIBLE
case_035,4,C,0.01,incumbent_base,95406,incumbent_disperse_tid_310_node_350_core_2_pos_0,95424,4096,0.00018866737941003464,cache_zero_rescue,1,1,ELIGIBLE
case_035,4,C,0.02,incumbent_base,95406,incumbent_disperse_tid_310_node_350_core_2_pos_0,95424,4096,0.00018866737941003464,cache_zero_rescue,1,1,ELIGIBLE
case_035,5,C,0.001,incumbent_base,95406,incumbent_disperse_tid_310_node_350_core_2_pos_0,95424,4096,0.00018866737941003464,cache_zero_rescue,1,1,ELIGIBLE
case_035,5,C,0.0025,incumbent_base,95406,incumbent_disperse_tid_310_node_350_core_2_pos_0,95424,4096,0.00018866737941003464,cache_zero_rescue,1,1,ELIGIBLE
case_035,5,C,0.005,incumbent_base,95406,incumbent_disperse_tid_310_node_350_core_2_pos_0,95424,4096,0.00018866737941003464,cache_zero_rescue,1,1,ELIGIBLE
case_035,5,C,0.01,incumbent_base,95406,incumbent_disperse_tid_310_node_350_core_2_pos_0,95424,4096,0.00018866737941003464,cache_zero_rescue,1,1,ELIGIBLE
case_035,5,C,0.02,incumbent_base,95406,incumbent_disperse_tid_310_node_350_core_2_pos_0,95424,4096,0.00018866737941003464,cache_zero_rescue,1,1,ELIGIBLE
case_036,1,C,0.001,incumbent_base,931510,,,0,,,0,1,NO_HIT_WITHIN_BUDGET
case_036,1,C,0.0025,incumbent_base,931510,,,0,,,0,1,NO_HIT_WITHIN_BUDGET
case_036,1,C,0.005,incumbent_base,931510,,,0,,,0,1,NO_HIT_WITHIN_BUDGET
case_036,1,C,0.01,incumbent_base,931510,,,0,,,0,1,NO_HIT_WITHIN_BUDGET
case_036,1,C,0.02,incumbent_base,931510,,,0,,,0,1,NO_HIT_WITHIN_BUDGET
case_036,2,C,0.001,incumbent_base,466068,,,0,,,0,1,NO_HIT_WITHIN_BUDGET
case_036,2,C,0.0025,incumbent_base,466068,incumbent_disperse_tid_1000003888_node_3113_core_0_pos_1,466637,4096,0.0012208518928569223,cache_zero_rescue,1,1,ELIGIBLE
case_036,2,C,0.005,incumbent_base,466068,incumbent_disperse_tid_1000003888_node_3113_core_0_pos_1,466637,4096,0.0012208518928569223,cache_zero_rescue,1,1,ELIGIBLE
case_036,2,C,0.01,incumbent_base,466068,incumbent_disperse_tid_1000003888_node_3113_core_0_pos_1,466637,4096,0.0012208518928569223,cache_zero_rescue,1,1,ELIGIBLE
case_036,2,C,0.02,incumbent_base,466068,incumbent_disperse_tid_1000003888_node_3113_core_0_pos_1,466637,4096,0.0012208518928569223,cache_zero_rescue,1,1,ELIGIBLE
case_036,3,C,0.001,incumbent_base,311345,,,0,,,0,1,NO_HIT_WITHIN_BUDGET
case_036,3,C,0.0025,incumbent_base,311345,,,0,,,0,1,NO_HIT_WITHIN_BUDGET
case_036,3,C,0.005,incumbent_base,311345,,,0,,,0,1,NO_HIT_WITHIN_BUDGET
case_036,3,C,0.01,incumbent_base,311345,,,0,,,0,1,NO_HIT_WITHIN_BUDGET
case_036,3,C,0.02,incumbent_base,311345,,,0,,,0,1,NO_HIT_WITHIN_BUDGET
case_036,4,C,0.001,incumbent_base,233584,,,0,,,0,1,NO_HIT_WITHIN_BUDGET
case_036,4,C,0.0025,incumbent_base,233584,incumbent_disperse_tid_1000003958_node_3169_core_0_pos_1,234015,4096,0.0018451606274403343,cache_zero_rescue,1,1,ELIGIBLE
case_036,4,C,0.005,incumbent_base,233584,incumbent_disperse_tid_1000003958_node_3169_core_0_pos_1,234015,4096,0.0018451606274403343,cache_zero_rescue,1,1,ELIGIBLE
case_036,4,C,0.01,incumbent_base,233584,incumbent_disperse_tid_1000003958_node_3169_core_0_pos_1,234015,4096,0.0018451606274403343,cache_zero_rescue,1,1,ELIGIBLE
case_036,4,C,0.02,incumbent_base,233584,incumbent_disperse_tid_1000003958_node_3169_core_0_pos_1,234015,4096,0.0018451606274403343,cache_zero_rescue,1,1,ELIGIBLE
case_036,5,C,0.001,incumbent_base,187182,,,0,,,0,1,NO_HIT_WITHIN_BUDGET
case_036,5,C,0.0025,incumbent_base,187182,incumbent_disperse_tid_1000003958_node_3169_core_0_pos_1,187544,4096,0.001933946640168438,cache_zero_rescue,1,1,ELIGIBLE
case_036,5,C,0.005,incumbent_base,187182,incumbent_disperse_tid_1000003958_node_3169_core_0_pos_1,187544,4096,0.001933946640168438,cache_zero_rescue,1,1,ELIGIBLE
case_036,5,C,0.01,incumbent_base,187182,incumbent_disperse_tid_1000003958_node_3169_core_0_pos_1,187544,4096,0.001933946640168438,cache_zero_rescue,1,1,ELIGIBLE
case_036,5,C,0.02,incumbent_base,187182,incumbent_disperse_tid_1000003958_node_3169_core_0_pos_1,187544,4096,0.001933946640168438,cache_zero_rescue,1,1,ELIGIBLE
case_037,1,C,0.001,incumbent_base,210001,,,0,,,0,1,NO_HIT_WITHIN_BUDGET
case_037,1,C,0.0025,incumbent_base,210001,,,0,,,0,1,NO_HIT_WITHIN_BUDGET
case_037,1,C,0.005,incumbent_base,210001,,,0,,,0,1,NO_HIT_WITHIN_BUDGET
case_037,1,C,0.01,incumbent_base,210001,,,0,,,0,1,NO_HIT_WITHIN_BUDGET
case_037,1,C,0.02,incumbent_base,210001,,,0,,,0,1,NO_HIT_WITHIN_BUDGET
case_037,2,C,0.001,incumbent_base,105374,incumbent_split_topo_g0_p4,105374,28672,0.0,main_diagnostic,1,1,ELIGIBLE
case_037,2,C,0.0025,incumbent_base,105374,incumbent_split_topo_g0_p4,105374,28672,0.0,main_diagnostic,1,1,ELIGIBLE
case_037,2,C,0.005,incumbent_base,105374,incumbent_split_topo_g0_p4,105374,28672,0.0,main_diagnostic,1,1,ELIGIBLE
case_037,2,C,0.01,incumbent_base,105374,incumbent_split_topo_g0_p4,105374,28672,0.0,main_diagnostic,1,1,ELIGIBLE
case_037,2,C,0.02,incumbent_base,105374,incumbent_split_topo_g0_p4,105374,28672,0.0,main_diagnostic,1,1,ELIGIBLE
case_037,4,C,0.001,incumbent_base,53320,,,0,,,0,1,NO_HIT_WITHIN_BUDGET
case_037,4,C,0.0025,incumbent_base,53320,,,0,,,0,1,NO_HIT_WITHIN_BUDGET
case_037,4,C,0.005,incumbent_base,53320,,,0,,,0,1,NO_HIT_WITHIN_BUDGET
case_037,4,C,0.01,incumbent_base,53320,,,0,,,0,1,NO_HIT_WITHIN_BUDGET
case_037,4,C,0.02,incumbent_base,53320,,,0,,,0,1,NO_HIT_WITHIN_BUDGET
case_044,1,C,0.001,incumbent_base,88538,,,0,,,0,1,NO_HIT_WITHIN_BUDGET
case_044,1,C,0.0025,incumbent_base,88538,,,0,,,0,1,NO_HIT_WITHIN_BUDGET
case_044,1,C,0.005,incumbent_base,88538,,,0,,,0,1,NO_HIT_WITHIN_BUDGET
case_044,1,C,0.01,incumbent_base,88538,,,0,,,0,1,NO_HIT_WITHIN_BUDGET
case_044,1,C,0.02,incumbent_base,88538,,,0,,,0,1,NO_HIT_WITHIN_BUDGET
case_044,5,C,0.001,r10_boundary_n71_c2_p0,63439,,,0,,,0,1,NO_HIT_WITHIN_BUDGET
case_044,5,C,0.0025,r10_boundary_n71_c2_p0,63439,,,0,,,0,1,NO_HIT_WITHIN_BUDGET
case_044,5,C,0.005,r10_boundary_n71_c2_p0,63439,,,0,,,0,1,NO_HIT_WITHIN_BUDGET
case_044,5,C,0.01,r10_boundary_n71_c2_p0,63439,,,0,,,0,1,NO_HIT_WITHIN_BUDGET
case_044,5,C,0.02,r10_boundary_n71_c2_p0,63439,,,0,,,0,1,NO_HIT_WITHIN_BUDGET
case_045,1,C,0.001,incumbent_base,125614,,,0,,,0,1,NO_HIT_WITHIN_BUDGET
case_045,1,C,0.0025,incumbent_base,125614,,,0,,,0,1,NO_HIT_WITHIN_BUDGET
case_045,1,C,0.005,incumbent_base,125614,,,0,,,0,1,NO_HIT_WITHIN_BUDGET
case_045,1,C,0.01,incumbent_base,125614,,,0,,,0,1,NO_HIT_WITHIN_BUDGET
case_045,1,C,0.02,incumbent_base,125614,,,0,,,0,1,NO_HIT_WITHIN_BUDGET
case_045,3,C,0.001,incumbent_base,42601,,,0,,,0,1,NO_HIT_WITHIN_BUDGET
case_045,3,C,0.0025,incumbent_base,42601,,,0,,,0,1,NO_HIT_WITHIN_BUDGET
case_045,3,C,0.005,incumbent_base,42601,,,0,,,0,1,NO_HIT_WITHIN_BUDGET
case_045,3,C,0.01,incumbent_base,42601,,,0,,,0,1,NO_HIT_WITHIN_BUDGET
case_045,3,C,0.02,incumbent_base,42601,,,0,,,0,1,NO_HIT_WITHIN_BUDGET
case_045,4,C,0.001,incumbent_base,31878,,,0,,,0,1,NO_HIT_WITHIN_BUDGET
case_045,4,C,0.0025,incumbent_base,31878,,,0,,,0,1,NO_HIT_WITHIN_BUDGET
case_045,4,C,0.005,incumbent_base,31878,,,0,,,0,1,NO_HIT_WITHIN_BUDGET
case_045,4,C,0.01,incumbent_base,31878,incumbent_disperse_tid_1000000050_node_49_core_2_pos_0,32059,4096,0.005677896982244857,cache_zero_rescue,1,1,ELIGIBLE
case_045,4,C,0.02,incumbent_base,31878,incumbent_disperse_tid_1000000050_node_49_core_2_pos_0,32059,4096,0.005677896982244857,cache_zero_rescue,1,1,ELIGIBLE
case_045,5,C,0.001,incumbent_base,26164,incumbent_disperse_tid_1000000050_node_49_core_1_pos_0,26164,4096,0.0,cache_zero_rescue,1,1,ELIGIBLE
case_045,5,C,0.0025,incumbent_base,26164,incumbent_disperse_tid_1000000050_node_49_core_1_pos_0,26164,4096,0.0,cache_zero_rescue,1,1,ELIGIBLE
case_045,5,C,0.005,incumbent_base,26164,incumbent_disperse_tid_1000000050_node_49_core_1_pos_0,26164,4096,0.0,cache_zero_rescue,1,1,ELIGIBLE
case_045,5,C,0.01,incumbent_base,26164,incumbent_disperse_tid_1000000050_node_49_core_1_pos_0,26164,4096,0.0,cache_zero_rescue,1,1,ELIGIBLE
case_045,5,C,0.02,incumbent_base,26164,incumbent_disperse_tid_1000000050_node_49_core_1_pos_0,26164,4096,0.0,cache_zero_rescue,1,1,ELIGIBLE
case_046,1,C,0.001,incumbent_base,226233,,,0,,,0,1,NO_HIT_WITHIN_BUDGET
case_046,1,C,0.0025,incumbent_base,226233,,,0,,,0,1,NO_HIT_WITHIN_BUDGET
case_046,1,C,0.005,incumbent_base,226233,,,0,,,0,1,NO_HIT_WITHIN_BUDGET
case_046,1,C,0.01,incumbent_base,226233,,,0,,,0,1,NO_HIT_WITHIN_BUDGET
case_046,1,C,0.02,incumbent_base,226233,,,0,,,0,1,NO_HIT_WITHIN_BUDGET
case_047,1,C,0.001,incumbent_split_release_g2_p4,322738,,,0,,,0,1,NO_HIT_WITHIN_BUDGET
case_047,1,C,0.0025,incumbent_split_release_g2_p4,322738,,,0,,,0,1,NO_HIT_WITHIN_BUDGET
case_047,1,C,0.005,incumbent_split_release_g2_p4,322738,,,0,,,0,1,NO_HIT_WITHIN_BUDGET
case_047,1,C,0.01,incumbent_split_release_g2_p4,322738,,,0,,,0,1,NO_HIT_WITHIN_BUDGET
case_047,1,C,0.02,incumbent_split_release_g2_p4,322738,,,0,,,0,1,NO_HIT_WITHIN_BUDGET
case_047,3,C,0.001,incumbent_split_height_g0_p4,324264,,,0,,,0,1,NO_HIT_WITHIN_BUDGET
case_047,3,C,0.0025,incumbent_split_height_g0_p4,324264,,,0,,,0,1,NO_HIT_WITHIN_BUDGET
case_047,3,C,0.005,incumbent_split_height_g0_p4,324264,,,0,,,0,1,NO_HIT_WITHIN_BUDGET
case_047,3,C,0.01,incumbent_split_height_g0_p4,324264,,,0,,,0,1,NO_HIT_WITHIN_BUDGET
case_047,3,C,0.02,incumbent_split_height_g0_p4,324264,,,0,,,0,1,NO_HIT_WITHIN_BUDGET
case_048,1,C,0.001,incumbent_base,222220,,,0,,,0,1,NO_HIT_WITHIN_BUDGET
case_048,1,C,0.0025,incumbent_base,222220,,,0,,,0,1,NO_HIT_WITHIN_BUDGET
case_048,1,C,0.005,incumbent_base,222220,,,0,,,0,1,NO_HIT_WITHIN_BUDGET
case_048,1,C,0.01,incumbent_base,222220,,,0,,,0,1,NO_HIT_WITHIN_BUDGET
case_048,1,C,0.02,incumbent_base,222220,,,0,,,0,1,NO_HIT_WITHIN_BUDGET
case_049,1,C,0.001,incumbent_split_height_g1_p4,194548,,,0,,,0,1,NO_HIT_WITHIN_BUDGET
case_049,1,C,0.0025,incumbent_split_height_g1_p4,194548,,,0,,,0,1,NO_HIT_WITHIN_BUDGET
case_049,1,C,0.005,incumbent_split_height_g1_p4,194548,,,0,,,0,1,NO_HIT_WITHIN_BUDGET
case_049,1,C,0.01,incumbent_split_height_g1_p4,194548,,,0,,,0,1,NO_HIT_WITHIN_BUDGET
case_049,1,C,0.02,incumbent_split_height_g1_p4,194548,,,0,,,0,1,NO_HIT_WITHIN_BUDGET
case_049,2,C,0.001,incumbent_base,160206,,,0,,,0,1,NO_HIT_WITHIN_BUDGET
case_049,2,C,0.0025,incumbent_base,160206,,,0,,,0,1,NO_HIT_WITHIN_BUDGET
case_049,2,C,0.005,incumbent_base,160206,,,0,,,0,1,NO_HIT_WITHIN_BUDGET
case_049,2,C,0.01,incumbent_base,160206,,,0,,,0,1,NO_HIT_WITHIN_BUDGET
case_049,2,C,0.02,incumbent_base,160206,,,0,,,0,1,NO_HIT_WITHIN_BUDGET
case_049,3,C,0.001,incumbent_base,160206,,,0,,,0,1,NO_HIT_WITHIN_BUDGET
case_049,3,C,0.0025,incumbent_base,160206,,,0,,,0,1,NO_HIT_WITHIN_BUDGET
case_049,3,C,0.005,incumbent_base,160206,,,0,,,0,1,NO_HIT_WITHIN_BUDGET
case_049,3,C,0.01,incumbent_base,160206,,,0,,,0,1,NO_HIT_WITHIN_BUDGET
case_049,3,C,0.02,incumbent_base,160206,,,0,,,0,1,NO_HIT_WITHIN_BUDGET
case_049,4,C,0.001,incumbent_base,160206,,,0,,,0,1,NO_HIT_WITHIN_BUDGET
case_049,4,C,0.0025,incumbent_base,160206,,,0,,,0,1,NO_HIT_WITHIN_BUDGET
case_049,4,C,0.005,incumbent_base,160206,,,0,,,0,1,NO_HIT_WITHIN_BUDGET
case_049,4,C,0.01,incumbent_base,160206,,,0,,,0,1,NO_HIT_WITHIN_BUDGET
case_049,4,C,0.02,incumbent_base,160206,,,0,,,0,1,NO_HIT_WITHIN_BUDGET
case_049,5,C,0.001,incumbent_base,160206,,,0,,,0,1,NO_HIT_WITHIN_BUDGET
case_049,5,C,0.0025,incumbent_base,160206,,,0,,,0,1,NO_HIT_WITHIN_BUDGET
case_049,5,C,0.005,incumbent_base,160206,,,0,,,0,1,NO_HIT_WITHIN_BUDGET
case_049,5,C,0.01,incumbent_base,160206,,,0,,,0,1,NO_HIT_WITHIN_BUDGET
case_049,5,C,0.02,incumbent_base,160206,,,0,,,0,1,NO_HIT_WITHIN_BUDGET
case_051,1,C,0.001,incumbent_base,607628,,,0,,,0,1,NO_HIT_WITHIN_BUDGET
case_051,1,C,0.0025,incumbent_base,607628,,,0,,,0,1,NO_HIT_WITHIN_BUDGET
case_051,1,C,0.005,incumbent_base,607628,,,0,,,0,1,NO_HIT_WITHIN_BUDGET
case_051,1,C,0.01,incumbent_base,607628,,,0,,,0,1,NO_HIT_WITHIN_BUDGET
case_051,1,C,0.02,incumbent_base,607628,,,0,,,0,1,NO_HIT_WITHIN_BUDGET
case_051,2,C,0.001,incumbent_base,607628,,,0,,,0,1,NO_HIT_WITHIN_BUDGET
case_051,2,C,0.0025,incumbent_base,607628,,,0,,,0,1,NO_HIT_WITHIN_BUDGET
case_051,2,C,0.005,incumbent_base,607628,,,0,,,0,1,NO_HIT_WITHIN_BUDGET
case_051,2,C,0.01,incumbent_base,607628,,,0,,,0,1,NO_HIT_WITHIN_BUDGET
case_051,2,C,0.02,incumbent_base,607628,,,0,,,0,1,NO_HIT_WITHIN_BUDGET
case_051,3,C,0.001,incumbent_base,607628,,,0,,,0,1,NO_HIT_WITHIN_BUDGET
case_051,3,C,0.0025,incumbent_base,607628,,,0,,,0,1,NO_HIT_WITHIN_BUDGET
case_051,3,C,0.005,incumbent_base,607628,,,0,,,0,1,NO_HIT_WITHIN_BUDGET
case_051,3,C,0.01,incumbent_base,607628,,,0,,,0,1,NO_HIT_WITHIN_BUDGET
case_051,3,C,0.02,incumbent_base,607628,,,0,,,0,1,NO_HIT_WITHIN_BUDGET
case_052,1,C,0.001,incumbent_aggregate,158577,,,0,,,0,1,NO_HIT_WITHIN_BUDGET
case_052,1,C,0.0025,incumbent_aggregate,158577,,,0,,,0,1,NO_HIT_WITHIN_BUDGET
case_052,1,C,0.005,incumbent_aggregate,158577,,,0,,,0,1,NO_HIT_WITHIN_BUDGET
case_052,1,C,0.01,incumbent_aggregate,158577,,,0,,,0,1,NO_HIT_WITHIN_BUDGET
case_052,1,C,0.02,incumbent_aggregate,158577,,,0,,,0,1,NO_HIT_WITHIN_BUDGET
case_054,2,C,0.001,incumbent_split_topo_g0_p4,513641,,,0,,,0,1,NO_HIT_WITHIN_BUDGET
case_054,2,C,0.0025,incumbent_split_topo_g0_p4,513641,,,0,,,0,1,NO_HIT_WITHIN_BUDGET
case_054,2,C,0.005,incumbent_split_topo_g0_p4,513641,,,0,,,0,1,NO_HIT_WITHIN_BUDGET
case_054,2,C,0.01,incumbent_split_topo_g0_p4,513641,,,0,,,0,1,NO_HIT_WITHIN_BUDGET
case_054,2,C,0.02,incumbent_split_topo_g0_p4,513641,,,0,,,0,1,NO_HIT_WITHIN_BUDGET
case_054,3,C,0.001,incumbent_split_release_g0_p4,513130,,,0,,,0,1,NO_HIT_WITHIN_BUDGET
case_054,3,C,0.0025,incumbent_split_release_g0_p4,513130,,,0,,,0,1,NO_HIT_WITHIN_BUDGET
case_054,3,C,0.005,incumbent_split_release_g0_p4,513130,,,0,,,0,1,NO_HIT_WITHIN_BUDGET
case_054,3,C,0.01,incumbent_split_release_g0_p4,513130,,,0,,,0,1,NO_HIT_WITHIN_BUDGET
case_054,3,C,0.02,incumbent_split_release_g0_p4,513130,,,0,,,0,1,NO_HIT_WITHIN_BUDGET
case_054,4,C,0.001,incumbent_split_release_g0_p4,513130,,,0,,,0,1,NO_HIT_WITHIN_BUDGET
case_054,4,C,0.0025,incumbent_split_release_g0_p4,513130,,,0,,,0,1,NO_HIT_WITHIN_BUDGET
case_054,4,C,0.005,incumbent_split_release_g0_p4,513130,,,0,,,0,1,NO_HIT_WITHIN_BUDGET
case_054,4,C,0.01,incumbent_split_release_g0_p4,513130,incumbent_disperse_tid_1000006898_node_6814_core_3_pos_0,516384,1024,0.006341472921092217,cache_zero_rescue,1,1,ELIGIBLE
case_054,4,C,0.02,incumbent_split_release_g0_p4,513130,incumbent_disperse_tid_1000006898_node_6814_core_3_pos_0,516384,1024,0.006341472921092217,cache_zero_rescue,1,1,ELIGIBLE
case_054,5,C,0.001,incumbent_split_topo_g0_p4,513641,,,0,,,0,1,NO_HIT_WITHIN_BUDGET
case_054,5,C,0.0025,incumbent_split_topo_g0_p4,513641,,,0,,,0,1,NO_HIT_WITHIN_BUDGET
case_054,5,C,0.005,incumbent_split_topo_g0_p4,513641,,,0,,,0,1,NO_HIT_WITHIN_BUDGET
case_054,5,C,0.01,incumbent_split_topo_g0_p4,513641,,,0,,,0,1,NO_HIT_WITHIN_BUDGET
case_054,5,C,0.02,incumbent_split_topo_g0_p4,513641,,,0,,,0,1,NO_HIT_WITHIN_BUDGET
case_056,1,C,0.001,incumbent_base,277285,,,0,,,0,1,NO_HIT_WITHIN_BUDGET
case_056,1,C,0.0025,incumbent_base,277285,,,0,,,0,1,NO_HIT_WITHIN_BUDGET
case_056,1,C,0.005,incumbent_base,277285,,,0,,,0,1,NO_HIT_WITHIN_BUDGET
case_056,1,C,0.01,incumbent_base,277285,,,0,,,0,1,NO_HIT_WITHIN_BUDGET
case_056,1,C,0.02,incumbent_base,277285,,,0,,,0,1,NO_HIT_WITHIN_BUDGET
case_056,2,C,0.001,incumbent_base,265710,incumbent_disperse_tid_1000007713_node_7571_core_1_pos_0,265634,4096,-0.00028602611870087724,cache_zero_rescue,1,1,ELIGIBLE
case_056,2,C,0.0025,incumbent_base,265710,incumbent_disperse_tid_1000007713_node_7571_core_1_pos_0,265634,4096,-0.00028602611870087724,cache_zero_rescue,1,1,ELIGIBLE
case_056,2,C,0.005,incumbent_base,265710,incumbent_disperse_tid_1000007713_node_7571_core_1_pos_0,265634,4096,-0.00028602611870087724,cache_zero_rescue,1,1,ELIGIBLE
case_056,2,C,0.01,incumbent_base,265710,incumbent_disperse_tid_1000007713_node_7571_core_1_pos_0,265634,4096,-0.00028602611870087724,cache_zero_rescue,1,1,ELIGIBLE
case_056,2,C,0.02,incumbent_base,265710,incumbent_disperse_tid_1000007713_node_7571_core_1_pos_0,265634,4096,-0.00028602611870087724,cache_zero_rescue,1,1,ELIGIBLE
case_056,3,C,0.001,incumbent_base,265710,incumbent_disperse_tid_1000007713_node_7558_core_1_pos_0,265634,4096,-0.00028602611870087724,cache_zero_rescue,1,1,ELIGIBLE
case_056,3,C,0.0025,incumbent_base,265710,incumbent_disperse_tid_1000007713_node_7558_core_1_pos_0,265634,4096,-0.00028602611870087724,cache_zero_rescue,1,1,ELIGIBLE
case_056,3,C,0.005,incumbent_base,265710,incumbent_disperse_tid_1000007713_node_7558_core_1_pos_0,265634,4096,-0.00028602611870087724,cache_zero_rescue,1,1,ELIGIBLE
case_056,3,C,0.01,incumbent_base,265710,incumbent_disperse_tid_1000007713_node_7558_core_1_pos_0,265634,4096,-0.00028602611870087724,cache_zero_rescue,1,1,ELIGIBLE
case_056,3,C,0.02,incumbent_base,265710,incumbent_disperse_tid_1000007713_node_7558_core_1_pos_0,265634,4096,-0.00028602611870087724,cache_zero_rescue,1,1,ELIGIBLE
case_056,4,C,0.001,incumbent_base,265710,incumbent_disperse_tid_1000007713_node_7558_core_1_pos_0,265634,4096,-0.00028602611870087724,cache_zero_rescue,1,1,ELIGIBLE
case_056,4,C,0.0025,incumbent_base,265710,incumbent_disperse_tid_1000007713_node_7558_core_1_pos_0,265634,4096,-0.00028602611870087724,cache_zero_rescue,1,1,ELIGIBLE
case_056,4,C,0.005,incumbent_base,265710,incumbent_disperse_tid_1000007713_node_7558_core_1_pos_0,265634,4096,-0.00028602611870087724,cache_zero_rescue,1,1,ELIGIBLE
case_056,4,C,0.01,incumbent_base,265710,incumbent_disperse_tid_1000007713_node_7558_core_1_pos_0,265634,4096,-0.00028602611870087724,cache_zero_rescue,1,1,ELIGIBLE
case_056,4,C,0.02,incumbent_base,265710,incumbent_disperse_tid_1000007713_node_7558_core_1_pos_0,265634,4096,-0.00028602611870087724,cache_zero_rescue,1,1,ELIGIBLE
case_056,5,C,0.001,incumbent_base,265710,incumbent_disperse_tid_1000007713_node_7558_core_2_pos_0,265652,4096,-0.00021828309058746775,cache_zero_rescue,1,1,ELIGIBLE
case_056,5,C,0.0025,incumbent_base,265710,incumbent_disperse_tid_1000007713_node_7558_core_2_pos_0,265652,4096,-0.00021828309058746775,cache_zero_rescue,1,1,ELIGIBLE
case_056,5,C,0.005,incumbent_base,265710,incumbent_disperse_tid_1000007713_node_7558_core_2_pos_0,265652,4096,-0.00021828309058746775,cache_zero_rescue,1,1,ELIGIBLE
case_056,5,C,0.01,incumbent_base,265710,incumbent_disperse_tid_1000007713_node_7558_core_2_pos_0,265652,4096,-0.00021828309058746775,cache_zero_rescue,1,1,ELIGIBLE
case_056,5,C,0.02,incumbent_base,265710,incumbent_disperse_tid_1000007713_node_7558_core_2_pos_0,265652,4096,-0.00021828309058746775,cache_zero_rescue,1,1,ELIGIBLE
case_058,1,C,0.001,incumbent_split_topo_g0_p4,4533133,,,0,,,0,1,NO_HIT_WITHIN_BUDGET
case_058,1,C,0.0025,incumbent_split_topo_g0_p4,4533133,,,0,,,0,1,NO_HIT_WITHIN_BUDGET
case_058,1,C,0.005,incumbent_split_topo_g0_p4,4533133,,,0,,,0,1,NO_HIT_WITHIN_BUDGET
case_058,1,C,0.01,incumbent_split_topo_g0_p4,4533133,,,0,,,0,1,NO_HIT_WITHIN_BUDGET
case_058,1,C,0.02,incumbent_split_topo_g0_p4,4533133,,,0,,,0,1,NO_HIT_WITHIN_BUDGET
case_058,5,C,0.001,incumbent_base,1004819,,,0,,,0,1,NO_HIT_WITHIN_BUDGET
case_058,5,C,0.0025,incumbent_base,1004819,,,0,,,0,1,NO_HIT_WITHIN_BUDGET
case_058,5,C,0.005,incumbent_base,1004819,,,0,,,0,1,NO_HIT_WITHIN_BUDGET
case_058,5,C,0.01,incumbent_base,1004819,,,0,,,0,1,NO_HIT_WITHIN_BUDGET
case_058,5,C,0.02,incumbent_base,1004819,,,0,,,0,1,NO_HIT_WITHIN_BUDGET
case_059,2,C,0.001,incumbent_base,369318,,,0,,,0,1,NO_HIT_WITHIN_BUDGET
case_059,2,C,0.0025,incumbent_base,369318,,,0,,,0,1,NO_HIT_WITHIN_BUDGET
case_059,2,C,0.005,incumbent_base,369318,,,0,,,0,1,NO_HIT_WITHIN_BUDGET
case_059,2,C,0.01,incumbent_base,369318,,,0,,,0,1,NO_HIT_WITHIN_BUDGET
case_059,2,C,0.02,incumbent_base,369318,,,0,,,0,1,NO_HIT_WITHIN_BUDGET
case_059,4,C,0.001,incumbent_base,185216,,,0,,,0,1,NO_HIT_WITHIN_BUDGET
case_059,4,C,0.0025,incumbent_base,185216,,,0,,,0,1,NO_HIT_WITHIN_BUDGET
case_059,4,C,0.005,incumbent_base,185216,,,0,,,0,1,NO_HIT_WITHIN_BUDGET
case_059,4,C,0.01,incumbent_base,185216,,,0,,,0,1,NO_HIT_WITHIN_BUDGET
case_059,4,C,0.02,incumbent_base,185216,,,0,,,0,1,NO_HIT_WITHIN_BUDGET
case_061,1,C,0.001,incumbent_base,77191,,,0,,,0,1,NO_HIT_WITHIN_BUDGET
case_061,1,C,0.0025,incumbent_base,77191,,,0,,,0,1,NO_HIT_WITHIN_BUDGET
case_061,1,C,0.005,incumbent_base,77191,,,0,,,0,1,NO_HIT_WITHIN_BUDGET
case_061,1,C,0.01,incumbent_base,77191,,,0,,,0,1,NO_HIT_WITHIN_BUDGET
case_061,1,C,0.02,incumbent_base,77191,,,0,,,0,1,NO_HIT_WITHIN_BUDGET
case_062,1,C,0.001,incumbent_base,2854809,,,0,,,0,1,NO_HIT_WITHIN_BUDGET
case_062,1,C,0.0025,incumbent_base,2854809,,,0,,,0,1,NO_HIT_WITHIN_BUDGET
case_062,1,C,0.005,incumbent_base,2854809,,,0,,,0,1,NO_HIT_WITHIN_BUDGET
case_062,1,C,0.01,incumbent_base,2854809,,,0,,,0,1,NO_HIT_WITHIN_BUDGET
case_062,1,C,0.02,incumbent_base,2854809,,,0,,,0,1,NO_HIT_WITHIN_BUDGET
case_062,2,C,0.001,incumbent_disperse_group_tid_1000012951_group_9_core_0_pos_4,2387918,,,0,,,0,1,NO_HIT_WITHIN_BUDGET
case_062,2,C,0.0025,incumbent_disperse_group_tid_1000012951_group_9_core_0_pos_4,2387918,,,0,,,0,1,NO_HIT_WITHIN_BUDGET
case_062,2,C,0.005,incumbent_disperse_group_tid_1000012951_group_9_core_0_pos_4,2387918,,,0,,,0,1,NO_HIT_WITHIN_BUDGET
case_062,2,C,0.01,incumbent_disperse_group_tid_1000012951_group_9_core_0_pos_4,2387918,,,0,,,0,1,NO_HIT_WITHIN_BUDGET
case_062,2,C,0.02,incumbent_disperse_group_tid_1000012951_group_9_core_0_pos_4,2387918,,,0,,,0,1,NO_HIT_WITHIN_BUDGET
case_062,3,C,0.001,r1_split_g4_h0_c2_p8,1818680,,,0,,,0,1,NO_HIT_WITHIN_BUDGET
case_062,3,C,0.0025,r1_split_g4_h0_c2_p8,1818680,,,0,,,0,1,NO_HIT_WITHIN_BUDGET
case_062,3,C,0.005,r1_split_g4_h0_c2_p8,1818680,,,0,,,0,1,NO_HIT_WITHIN_BUDGET
case_062,3,C,0.01,r1_split_g4_h0_c2_p8,1818680,,,0,,,0,1,NO_HIT_WITHIN_BUDGET
case_062,3,C,0.02,r1_split_g4_h0_c2_p8,1818680,,,0,,,0,1,NO_HIT_WITHIN_BUDGET
case_063,1,C,0.001,incumbent_base,1070397,,,0,,,0,1,NO_HIT_WITHIN_BUDGET
case_063,1,C,0.0025,incumbent_base,1070397,,,0,,,0,1,NO_HIT_WITHIN_BUDGET
case_063,1,C,0.005,incumbent_base,1070397,,,0,,,0,1,NO_HIT_WITHIN_BUDGET
case_063,1,C,0.01,incumbent_base,1070397,,,0,,,0,1,NO_HIT_WITHIN_BUDGET
case_063,1,C,0.02,incumbent_base,1070397,,,0,,,0,1,NO_HIT_WITHIN_BUDGET
case_063,4,C,0.001,incumbent_aggregate,324251,incumbent_disperse_tid_1000002259_node_1883_core_3_pos_0,324140,4608,-0.00034232739451844907,cache_zero_rescue,1,1,ELIGIBLE
case_063,4,C,0.0025,incumbent_aggregate,324251,incumbent_disperse_tid_1000002259_node_1883_core_3_pos_0,324140,4608,-0.00034232739451844907,cache_zero_rescue,1,1,ELIGIBLE
case_063,4,C,0.005,incumbent_aggregate,324251,incumbent_disperse_tid_1000002259_node_1883_core_3_pos_0,324140,4608,-0.00034232739451844907,cache_zero_rescue,1,1,ELIGIBLE
case_063,4,C,0.01,incumbent_aggregate,324251,incumbent_disperse_tid_1000002259_node_1883_core_3_pos_0,324140,4608,-0.00034232739451844907,cache_zero_rescue,1,1,ELIGIBLE
case_063,4,C,0.02,incumbent_aggregate,324251,incumbent_disperse_tid_1000002259_node_1883_core_3_pos_0,324140,4608,-0.00034232739451844907,cache_zero_rescue,1,1,ELIGIBLE
case_063,5,C,0.001,incumbent_aggregate,251581,incumbent_disperse_tid_1000002259_node_1883_core_3_pos_0,251470,4608,-0.0004412097892925182,cache_zero_rescue,1,1,ELIGIBLE
case_063,5,C,0.0025,incumbent_aggregate,251581,incumbent_disperse_tid_1000002259_node_1883_core_3_pos_0,251470,4608,-0.0004412097892925182,cache_zero_rescue,1,1,ELIGIBLE
case_063,5,C,0.005,incumbent_aggregate,251581,incumbent_disperse_tid_1000002259_node_1883_core_3_pos_0,251470,4608,-0.0004412097892925182,cache_zero_rescue,1,1,ELIGIBLE
case_063,5,C,0.01,incumbent_aggregate,251581,incumbent_disperse_tid_1000002259_node_1883_core_3_pos_0,251470,4608,-0.0004412097892925182,cache_zero_rescue,1,1,ELIGIBLE
case_063,5,C,0.02,incumbent_aggregate,251581,incumbent_disperse_tid_1000002259_node_1883_core_3_pos_0,251470,4608,-0.0004412097892925182,cache_zero_rescue,1,1,ELIGIBLE
case_064,1,C,0.001,incumbent_base,19116,,,0,,,0,1,NO_HIT_WITHIN_BUDGET
case_064,1,C,0.0025,incumbent_base,19116,,,0,,,0,1,NO_HIT_WITHIN_BUDGET
case_064,1,C,0.005,incumbent_base,19116,,,0,,,0,1,NO_HIT_WITHIN_BUDGET
case_064,1,C,0.01,incumbent_base,19116,,,0,,,0,1,NO_HIT_WITHIN_BUDGET
case_064,1,C,0.02,incumbent_base,19116,,,0,,,0,1,NO_HIT_WITHIN_BUDGET
case_064,2,C,0.001,incumbent_base,19116,,,0,,,0,1,NO_HIT_WITHIN_BUDGET
case_064,2,C,0.0025,incumbent_base,19116,,,0,,,0,1,NO_HIT_WITHIN_BUDGET
case_064,2,C,0.005,incumbent_base,19116,,,0,,,0,1,NO_HIT_WITHIN_BUDGET
case_064,2,C,0.01,incumbent_base,19116,,,0,,,0,1,NO_HIT_WITHIN_BUDGET
case_064,2,C,0.02,incumbent_base,19116,,,0,,,0,1,NO_HIT_WITHIN_BUDGET
case_064,3,C,0.001,incumbent_base,19116,,,0,,,0,1,NO_HIT_WITHIN_BUDGET
case_064,3,C,0.0025,incumbent_base,19116,,,0,,,0,1,NO_HIT_WITHIN_BUDGET
case_064,3,C,0.005,incumbent_base,19116,,,0,,,0,1,NO_HIT_WITHIN_BUDGET
case_064,3,C,0.01,incumbent_base,19116,,,0,,,0,1,NO_HIT_WITHIN_BUDGET
case_064,3,C,0.02,incumbent_base,19116,,,0,,,0,1,NO_HIT_WITHIN_BUDGET
case_064,4,C,0.001,incumbent_base,19116,,,0,,,0,1,NO_HIT_WITHIN_BUDGET
case_064,4,C,0.0025,incumbent_base,19116,,,0,,,0,1,NO_HIT_WITHIN_BUDGET
case_064,4,C,0.005,incumbent_base,19116,,,0,,,0,1,NO_HIT_WITHIN_BUDGET
case_064,4,C,0.01,incumbent_base,19116,,,0,,,0,1,NO_HIT_WITHIN_BUDGET
case_064,4,C,0.02,incumbent_base,19116,,,0,,,0,1,NO_HIT_WITHIN_BUDGET
case_064,5,C,0.001,incumbent_base,19116,,,0,,,0,1,NO_HIT_WITHIN_BUDGET
case_064,5,C,0.0025,incumbent_base,19116,,,0,,,0,1,NO_HIT_WITHIN_BUDGET
case_064,5,C,0.005,incumbent_base,19116,,,0,,,0,1,NO_HIT_WITHIN_BUDGET
case_064,5,C,0.01,incumbent_base,19116,,,0,,,0,1,NO_HIT_WITHIN_BUDGET
case_064,5,C,0.02,incumbent_base,19116,,,0,,,0,1,NO_HIT_WITHIN_BUDGET
case_065,1,C,0.001,incumbent_aggregate,39824,,,0,,,0,1,NO_HIT_WITHIN_BUDGET
case_065,1,C,0.0025,incumbent_aggregate,39824,,,0,,,0,1,NO_HIT_WITHIN_BUDGET
case_065,1,C,0.005,incumbent_aggregate,39824,,,0,,,0,1,NO_HIT_WITHIN_BUDGET
case_065,1,C,0.01,incumbent_aggregate,39824,,,0,,,0,1,NO_HIT_WITHIN_BUDGET
case_065,1,C,0.02,incumbent_aggregate,39824,,,0,,,0,1,NO_HIT_WITHIN_BUDGET
case_066,1,C,0.001,incumbent_split_topo_g2_p4,356326,,,0,,,0,1,NO_HIT_WITHIN_BUDGET
case_066,1,C,0.0025,incumbent_split_topo_g2_p4,356326,,,0,,,0,1,NO_HIT_WITHIN_BUDGET
case_066,1,C,0.005,incumbent_split_topo_g2_p4,356326,,,0,,,0,1,NO_HIT_WITHIN_BUDGET
case_066,1,C,0.01,incumbent_split_topo_g2_p4,356326,,,0,,,0,1,NO_HIT_WITHIN_BUDGET
case_066,1,C,0.02,incumbent_split_topo_g2_p4,356326,,,0,,,0,1,NO_HIT_WITHIN_BUDGET
case_066,2,C,0.001,incumbent_split_height_g1_p4,247485,,,0,,,0,1,NO_HIT_WITHIN_BUDGET
case_066,2,C,0.0025,incumbent_split_height_g1_p4,247485,,,0,,,0,1,NO_HIT_WITHIN_BUDGET
case_066,2,C,0.005,incumbent_split_height_g1_p4,247485,incumbent_disperse_tid_1000003789_node_3726_core_0_pos_0,248251,2688,0.0030951370790148758,cache_zero_rescue,1,1,ELIGIBLE
case_066,2,C,0.01,incumbent_split_height_g1_p4,247485,incumbent_disperse_tid_1000003789_node_3726_core_0_pos_0,248251,2688,0.0030951370790148758,cache_zero_rescue,1,1,ELIGIBLE
case_066,2,C,0.02,incumbent_split_height_g1_p4,247485,incumbent_disperse_tid_1000003789_node_3726_core_0_pos_0,248251,2688,0.0030951370790148758,cache_zero_rescue,1,1,ELIGIBLE
case_066,3,C,0.001,incumbent_split_height_g1_p4,247485,,,0,,,0,1,NO_HIT_WITHIN_BUDGET
case_066,3,C,0.0025,incumbent_split_height_g1_p4,247485,,,0,,,0,1,NO_HIT_WITHIN_BUDGET
case_066,3,C,0.005,incumbent_split_height_g1_p4,247485,incumbent_disperse_tid_1000003789_node_3726_core_2_pos_0,248205,2688,0.0029092672283168586,cache_zero_rescue,1,1,ELIGIBLE
case_066,3,C,0.01,incumbent_split_height_g1_p4,247485,incumbent_disperse_tid_1000003789_node_3726_core_2_pos_0,248205,2688,0.0029092672283168586,cache_zero_rescue,1,1,ELIGIBLE
case_066,3,C,0.02,incumbent_split_height_g1_p4,247485,incumbent_disperse_tid_1000003789_node_3726_core_2_pos_0,248205,2688,0.0029092672283168586,cache_zero_rescue,1,1,ELIGIBLE
case_066,4,C,0.001,incumbent_split_height_g1_p4,247485,,,0,,,0,1,NO_HIT_WITHIN_BUDGET
case_066,4,C,0.0025,incumbent_split_height_g1_p4,247485,,,0,,,0,1,NO_HIT_WITHIN_BUDGET
case_066,4,C,0.005,incumbent_split_height_g1_p4,247485,incumbent_disperse_tid_1000003789_node_3726_core_2_pos_0,248205,2688,0.0029092672283168586,cache_zero_rescue,1,1,ELIGIBLE
case_066,4,C,0.01,incumbent_split_height_g1_p4,247485,incumbent_disperse_tid_1000003789_node_3726_core_2_pos_0,248205,2688,0.0029092672283168586,cache_zero_rescue,1,1,ELIGIBLE
case_066,4,C,0.02,incumbent_split_height_g1_p4,247485,incumbent_disperse_tid_1000003789_node_3726_core_2_pos_0,248205,2688,0.0029092672283168586,cache_zero_rescue,1,1,ELIGIBLE
case_067,1,C,0.001,incumbent_base,63397576,,,0,,,0,1,NO_HIT_WITHIN_BUDGET
case_067,1,C,0.0025,incumbent_base,63397576,,,0,,,0,1,NO_HIT_WITHIN_BUDGET
case_067,1,C,0.005,incumbent_base,63397576,,,0,,,0,1,NO_HIT_WITHIN_BUDGET
case_067,1,C,0.01,incumbent_base,63397576,,,0,,,0,1,NO_HIT_WITHIN_BUDGET
case_067,1,C,0.02,incumbent_base,63397576,,,0,,,0,1,NO_HIT_WITHIN_BUDGET
case_068,1,C,0.001,incumbent_split_release_g1_p4,359166,,,0,,,0,1,NO_HIT_WITHIN_BUDGET
case_068,1,C,0.0025,incumbent_split_release_g1_p4,359166,,,0,,,0,1,NO_HIT_WITHIN_BUDGET
case_068,1,C,0.005,incumbent_split_release_g1_p4,359166,,,0,,,0,1,NO_HIT_WITHIN_BUDGET
case_068,1,C,0.01,incumbent_split_release_g1_p4,359166,,,0,,,0,1,NO_HIT_WITHIN_BUDGET
case_068,1,C,0.02,incumbent_split_release_g1_p4,359166,,,0,,,0,1,NO_HIT_WITHIN_BUDGET
case_069,1,C,0.001,incumbent_split_height_g0_p4,22655,,,0,,,0,1,NO_HIT_WITHIN_BUDGET
case_069,1,C,0.0025,incumbent_split_height_g0_p4,22655,,,0,,,0,1,NO_HIT_WITHIN_BUDGET
case_069,1,C,0.005,incumbent_split_height_g0_p4,22655,,,0,,,0,1,NO_HIT_WITHIN_BUDGET
case_069,1,C,0.01,incumbent_split_height_g0_p4,22655,,,0,,,0,1,NO_HIT_WITHIN_BUDGET
case_069,1,C,0.02,incumbent_split_height_g0_p4,22655,,,0,,,0,1,NO_HIT_WITHIN_BUDGET
case_069,2,C,0.001,incumbent_split_release_g0_p4,24048,,,0,,,0,1,NO_HIT_WITHIN_BUDGET
case_069,2,C,0.0025,incumbent_split_release_g0_p4,24048,,,0,,,0,1,NO_HIT_WITHIN_BUDGET
case_069,2,C,0.005,incumbent_split_release_g0_p4,24048,,,0,,,0,1,NO_HIT_WITHIN_BUDGET
case_069,2,C,0.01,incumbent_split_release_g0_p4,24048,,,0,,,0,1,NO_HIT_WITHIN_BUDGET
case_069,2,C,0.02,incumbent_split_release_g0_p4,24048,,,0,,,0,1,NO_HIT_WITHIN_BUDGET
case_070,1,C,0.001,incumbent_split_release_g0_p4,104334,,,0,,,0,1,NO_HIT_WITHIN_BUDGET
case_070,1,C,0.0025,incumbent_split_release_g0_p4,104334,,,0,,,0,1,NO_HIT_WITHIN_BUDGET
case_070,1,C,0.005,incumbent_split_release_g0_p4,104334,,,0,,,0,1,NO_HIT_WITHIN_BUDGET
case_070,1,C,0.01,incumbent_split_release_g0_p4,104334,,,0,,,0,1,NO_HIT_WITHIN_BUDGET
case_070,1,C,0.02,incumbent_split_release_g0_p4,104334,,,0,,,0,1,NO_HIT_WITHIN_BUDGET
case_071,1,C,0.001,incumbent_split_height_g3_p4,17401,,,0,,,0,1,NO_HIT_WITHIN_BUDGET
case_071,1,C,0.0025,incumbent_split_height_g3_p4,17401,,,0,,,0,1,NO_HIT_WITHIN_BUDGET
case_071,1,C,0.005,incumbent_split_height_g3_p4,17401,,,0,,,0,1,NO_HIT_WITHIN_BUDGET
case_071,1,C,0.01,incumbent_split_height_g3_p4,17401,,,0,,,0,1,NO_HIT_WITHIN_BUDGET
case_071,1,C,0.02,incumbent_split_height_g3_p4,17401,,,0,,,0,1,NO_HIT_WITHIN_BUDGET
case_071,2,C,0.001,incumbent_split_height_g3_p4,17401,,,0,,,0,1,NO_HIT_WITHIN_BUDGET
case_071,2,C,0.0025,incumbent_split_height_g3_p4,17401,,,0,,,0,1,NO_HIT_WITHIN_BUDGET
case_071,2,C,0.005,incumbent_split_height_g3_p4,17401,,,0,,,0,1,NO_HIT_WITHIN_BUDGET
case_071,2,C,0.01,incumbent_split_height_g3_p4,17401,,,0,,,0,1,NO_HIT_WITHIN_BUDGET
case_071,2,C,0.02,incumbent_split_height_g3_p4,17401,incumbent_disperse_tid_1000000038_node_389_core_1_pos_0,17597,2304,0.011263720475834793,cache_zero_rescue,1,1,ELIGIBLE
case_071,3,C,0.001,incumbent_split_height_g3_p4,17401,,,0,,,0,1,NO_HIT_WITHIN_BUDGET
case_071,3,C,0.0025,incumbent_split_height_g3_p4,17401,,,0,,,0,1,NO_HIT_WITHIN_BUDGET
case_071,3,C,0.005,incumbent_split_height_g3_p4,17401,,,0,,,0,1,NO_HIT_WITHIN_BUDGET
case_071,3,C,0.01,incumbent_split_height_g3_p4,17401,,,0,,,0,1,NO_HIT_WITHIN_BUDGET
case_071,3,C,0.02,incumbent_split_height_g3_p4,17401,incumbent_disperse_tid_1000000038_node_389_core_1_pos_0,17597,2304,0.011263720475834793,cache_zero_rescue,1,1,ELIGIBLE
case_071,4,C,0.001,incumbent_split_height_g3_p4,17401,,,0,,,0,1,NO_HIT_WITHIN_BUDGET
case_071,4,C,0.0025,incumbent_split_height_g3_p4,17401,,,0,,,0,1,NO_HIT_WITHIN_BUDGET
case_071,4,C,0.005,incumbent_split_height_g3_p4,17401,,,0,,,0,1,NO_HIT_WITHIN_BUDGET
case_071,4,C,0.01,incumbent_split_height_g3_p4,17401,,,0,,,0,1,NO_HIT_WITHIN_BUDGET
case_071,4,C,0.02,incumbent_split_height_g3_p4,17401,incumbent_disperse_tid_1000000038_node_389_core_1_pos_0,17597,2304,0.011263720475834793,cache_zero_rescue,1,1,ELIGIBLE
case_071,5,C,0.001,incumbent_split_height_g3_p4,17401,,,0,,,0,1,NO_HIT_WITHIN_BUDGET
case_071,5,C,0.0025,incumbent_split_height_g3_p4,17401,,,0,,,0,1,NO_HIT_WITHIN_BUDGET
case_071,5,C,0.005,incumbent_split_height_g3_p4,17401,,,0,,,0,1,NO_HIT_WITHIN_BUDGET
case_071,5,C,0.01,incumbent_split_height_g3_p4,17401,,,0,,,0,1,NO_HIT_WITHIN_BUDGET
case_071,5,C,0.02,incumbent_split_height_g3_p4,17401,incumbent_disperse_tid_1000000038_node_389_core_1_pos_0,17597,2304,0.011263720475834793,cache_zero_rescue,1,1,ELIGIBLE
case_073,1,C,0.001,incumbent_base,9870212,,,0,,,0,1,NO_HIT_WITHIN_BUDGET
case_073,1,C,0.0025,incumbent_base,9870212,,,0,,,0,1,NO_HIT_WITHIN_BUDGET
case_073,1,C,0.005,incumbent_base,9870212,,,0,,,0,1,NO_HIT_WITHIN_BUDGET
case_073,1,C,0.01,incumbent_base,9870212,,,0,,,0,1,NO_HIT_WITHIN_BUDGET
case_073,1,C,0.02,incumbent_base,9870212,,,0,,,0,1,NO_HIT_WITHIN_BUDGET
case_075,1,C,0.001,incumbent_split_height_g3_p4,1427745,,,0,,,0,1,NO_HIT_WITHIN_BUDGET
case_075,1,C,0.0025,incumbent_split_height_g3_p4,1427745,,,0,,,0,1,NO_HIT_WITHIN_BUDGET
case_075,1,C,0.005,incumbent_split_height_g3_p4,1427745,,,0,,,0,1,NO_HIT_WITHIN_BUDGET
case_075,1,C,0.01,incumbent_split_height_g3_p4,1427745,,,0,,,0,1,NO_HIT_WITHIN_BUDGET
case_075,1,C,0.02,incumbent_split_height_g3_p4,1427745,,,0,,,0,1,NO_HIT_WITHIN_BUDGET
case_077,1,C,0.001,incumbent_split_topo_g0_p4,494044,,,0,,,0,1,NO_HIT_WITHIN_BUDGET
case_077,1,C,0.0025,incumbent_split_topo_g0_p4,494044,,,0,,,0,1,NO_HIT_WITHIN_BUDGET
case_077,1,C,0.005,incumbent_split_topo_g0_p4,494044,,,0,,,0,1,NO_HIT_WITHIN_BUDGET
case_077,1,C,0.01,incumbent_split_topo_g0_p4,494044,,,0,,,0,1,NO_HIT_WITHIN_BUDGET
case_077,1,C,0.02,incumbent_split_topo_g0_p4,494044,,,0,,,0,1,NO_HIT_WITHIN_BUDGET
case_079,1,C,0.001,incumbent_base,31052251,,,0,,,0,1,NO_HIT_WITHIN_BUDGET
case_079,1,C,0.0025,incumbent_base,31052251,,,0,,,0,1,NO_HIT_WITHIN_BUDGET
case_079,1,C,0.005,incumbent_base,31052251,,,0,,,0,1,NO_HIT_WITHIN_BUDGET
case_079,1,C,0.01,incumbent_base,31052251,,,0,,,0,1,NO_HIT_WITHIN_BUDGET
case_079,1,C,0.02,incumbent_base,31052251,,,0,,,0,1,NO_HIT_WITHIN_BUDGET
case_079,2,C,0.001,incumbent_base,15446486,,,0,,,0,1,NO_HIT_WITHIN_BUDGET
case_079,2,C,0.0025,incumbent_base,15446486,,,0,,,0,1,NO_HIT_WITHIN_BUDGET
case_079,2,C,0.005,incumbent_base,15446486,,,0,,,0,1,NO_HIT_WITHIN_BUDGET
case_079,2,C,0.01,incumbent_base,15446486,,,0,,,0,1,NO_HIT_WITHIN_BUDGET
case_079,2,C,0.02,incumbent_base,15446486,,,0,,,0,1,NO_HIT_WITHIN_BUDGET
case_079,4,C,0.001,incumbent_base,7635624,,,0,,,0,1,NO_HIT_WITHIN_BUDGET
case_079,4,C,0.0025,incumbent_base,7635624,,,0,,,0,1,NO_HIT_WITHIN_BUDGET
case_079,4,C,0.005,incumbent_base,7635624,,,0,,,0,1,NO_HIT_WITHIN_BUDGET
case_079,4,C,0.01,incumbent_base,7635624,,,0,,,0,1,NO_HIT_WITHIN_BUDGET
case_079,4,C,0.02,incumbent_base,7635624,,,0,,,0,1,NO_HIT_WITHIN_BUDGET
case_080,3,C,0.001,incumbent_base,100325,incumbent_split_topo_g0_p4,100325,344064,0.0,main_diagnostic,1,1,ELIGIBLE
case_080,3,C,0.0025,incumbent_base,100325,incumbent_split_topo_g0_p4,100325,344064,0.0,main_diagnostic,1,1,ELIGIBLE
case_080,3,C,0.005,incumbent_base,100325,incumbent_split_topo_g0_p4,100325,344064,0.0,main_diagnostic,1,1,ELIGIBLE
case_080,3,C,0.01,incumbent_base,100325,incumbent_split_topo_g0_p4,100325,344064,0.0,main_diagnostic,1,1,ELIGIBLE
case_080,3,C,0.02,incumbent_base,100325,incumbent_split_topo_g0_p4,100325,344064,0.0,main_diagnostic,1,1,ELIGIBLE
case_081,1,C,0.001,incumbent_base,151795,,,0,,,0,1,NO_HIT_WITHIN_BUDGET
case_081,1,C,0.0025,incumbent_base,151795,,,0,,,0,1,NO_HIT_WITHIN_BUDGET
case_081,1,C,0.005,incumbent_base,151795,,,0,,,0,1,NO_HIT_WITHIN_BUDGET
case_081,1,C,0.01,incumbent_base,151795,,,0,,,0,1,NO_HIT_WITHIN_BUDGET
case_081,1,C,0.02,incumbent_base,151795,,,0,,,0,1,NO_HIT_WITHIN_BUDGET
case_081,2,C,0.001,incumbent_base,76860,,,0,,,0,1,NO_HIT_WITHIN_BUDGET
case_081,2,C,0.0025,incumbent_base,76860,,,0,,,0,1,NO_HIT_WITHIN_BUDGET
case_081,2,C,0.005,incumbent_base,76860,,,0,,,0,1,NO_HIT_WITHIN_BUDGET
case_081,2,C,0.01,incumbent_base,76860,,,0,,,0,1,NO_HIT_WITHIN_BUDGET
case_081,2,C,0.02,incumbent_base,76860,,,0,,,0,1,NO_HIT_WITHIN_BUDGET
case_081,3,C,0.001,incumbent_base,51943,,,0,,,0,1,NO_HIT_WITHIN_BUDGET
case_081,3,C,0.0025,incumbent_base,51943,,,0,,,0,1,NO_HIT_WITHIN_BUDGET
case_081,3,C,0.005,incumbent_base,51943,,,0,,,0,1,NO_HIT_WITHIN_BUDGET
case_081,3,C,0.01,incumbent_base,51943,,,0,,,0,1,NO_HIT_WITHIN_BUDGET
case_081,3,C,0.02,incumbent_base,51943,,,0,,,0,1,NO_HIT_WITHIN_BUDGET
case_081,4,C,0.001,incumbent_base,39588,,,0,,,0,1,NO_HIT_WITHIN_BUDGET
case_081,4,C,0.0025,incumbent_base,39588,,,0,,,0,1,NO_HIT_WITHIN_BUDGET
case_081,4,C,0.005,incumbent_base,39588,,,0,,,0,1,NO_HIT_WITHIN_BUDGET
case_081,4,C,0.01,incumbent_base,39588,,,0,,,0,1,NO_HIT_WITHIN_BUDGET
case_081,4,C,0.02,incumbent_base,39588,,,0,,,0,1,NO_HIT_WITHIN_BUDGET
case_081,5,C,0.001,incumbent_base,30943,,,0,,,0,1,NO_HIT_WITHIN_BUDGET
case_081,5,C,0.0025,incumbent_base,30943,,,0,,,0,1,NO_HIT_WITHIN_BUDGET
case_081,5,C,0.005,incumbent_base,30943,,,0,,,0,1,NO_HIT_WITHIN_BUDGET
case_081,5,C,0.01,incumbent_base,30943,,,0,,,0,1,NO_HIT_WITHIN_BUDGET
case_081,5,C,0.02,incumbent_base,30943,,,0,,,0,1,NO_HIT_WITHIN_BUDGET
case_082,1,C,0.001,incumbent_split_topo_g0_p4,709534,,,0,,,0,1,NO_HIT_WITHIN_BUDGET
case_082,1,C,0.0025,incumbent_split_topo_g0_p4,709534,,,0,,,0,1,NO_HIT_WITHIN_BUDGET
case_082,1,C,0.005,incumbent_split_topo_g0_p4,709534,,,0,,,0,1,NO_HIT_WITHIN_BUDGET
case_082,1,C,0.01,incumbent_split_topo_g0_p4,709534,,,0,,,0,1,NO_HIT_WITHIN_BUDGET
case_082,1,C,0.02,incumbent_split_topo_g0_p4,709534,,,0,,,0,1,NO_HIT_WITHIN_BUDGET
case_083,1,C,0.001,incumbent_split_height_g1_p4,875735,,,0,,,0,1,NO_HIT_WITHIN_BUDGET
case_083,1,C,0.0025,incumbent_split_height_g1_p4,875735,,,0,,,0,1,NO_HIT_WITHIN_BUDGET
case_083,1,C,0.005,incumbent_split_height_g1_p4,875735,,,0,,,0,1,NO_HIT_WITHIN_BUDGET
case_083,1,C,0.01,incumbent_split_height_g1_p4,875735,,,0,,,0,1,NO_HIT_WITHIN_BUDGET
case_083,1,C,0.02,incumbent_split_height_g1_p4,875735,,,0,,,0,1,NO_HIT_WITHIN_BUDGET
case_084,1,C,0.001,incumbent_base,1371156,,,0,,,0,1,NO_HIT_WITHIN_BUDGET
case_084,1,C,0.0025,incumbent_base,1371156,,,0,,,0,1,NO_HIT_WITHIN_BUDGET
case_084,1,C,0.005,incumbent_base,1371156,,,0,,,0,1,NO_HIT_WITHIN_BUDGET
case_084,1,C,0.01,incumbent_base,1371156,,,0,,,0,1,NO_HIT_WITHIN_BUDGET
case_084,1,C,0.02,incumbent_base,1371156,,,0,,,0,1,NO_HIT_WITHIN_BUDGET
case_084,2,C,0.001,incumbent_base,1255052,,,0,,,0,1,NO_HIT_WITHIN_BUDGET
case_084,2,C,0.0025,incumbent_base,1255052,,,0,,,0,1,NO_HIT_WITHIN_BUDGET
case_084,2,C,0.005,incumbent_base,1255052,,,0,,,0,1,NO_HIT_WITHIN_BUDGET
case_084,2,C,0.01,incumbent_base,1255052,,,0,,,0,1,NO_HIT_WITHIN_BUDGET
case_084,2,C,0.02,incumbent_base,1255052,,,0,,,0,1,NO_HIT_WITHIN_BUDGET
case_084,3,C,0.001,incumbent_base,836220,,,0,,,0,1,NO_HIT_WITHIN_BUDGET
case_084,3,C,0.0025,incumbent_base,836220,,,0,,,0,1,NO_HIT_WITHIN_BUDGET
case_084,3,C,0.005,incumbent_base,836220,,,0,,,0,1,NO_HIT_WITHIN_BUDGET
case_084,3,C,0.01,incumbent_base,836220,,,0,,,0,1,NO_HIT_WITHIN_BUDGET
case_084,3,C,0.02,incumbent_base,836220,,,0,,,0,1,NO_HIT_WITHIN_BUDGET
case_084,4,C,0.001,incumbent_base,629028,,,0,,,0,1,NO_HIT_WITHIN_BUDGET
case_084,4,C,0.0025,incumbent_base,629028,,,0,,,0,1,NO_HIT_WITHIN_BUDGET
case_084,4,C,0.005,incumbent_base,629028,,,0,,,0,1,NO_HIT_WITHIN_BUDGET
case_084,4,C,0.01,incumbent_base,629028,,,0,,,0,1,NO_HIT_WITHIN_BUDGET
case_084,4,C,0.02,incumbent_base,629028,,,0,,,0,1,NO_HIT_WITHIN_BUDGET
case_084,5,C,0.001,incumbent_base,503472,,,0,,,0,1,NO_HIT_WITHIN_BUDGET
case_084,5,C,0.0025,incumbent_base,503472,,,0,,,0,1,NO_HIT_WITHIN_BUDGET
case_084,5,C,0.005,incumbent_base,503472,,,0,,,0,1,NO_HIT_WITHIN_BUDGET
case_084,5,C,0.01,incumbent_base,503472,,,0,,,0,1,NO_HIT_WITHIN_BUDGET
case_084,5,C,0.02,incumbent_base,503472,,,0,,,0,1,NO_HIT_WITHIN_BUDGET
case_085,1,C,0.001,incumbent_split_topo_g0_p4,3173461,,,0,,,0,1,NO_HIT_WITHIN_BUDGET
case_085,1,C,0.0025,incumbent_split_topo_g0_p4,3173461,,,0,,,0,1,NO_HIT_WITHIN_BUDGET
case_085,1,C,0.005,incumbent_split_topo_g0_p4,3173461,,,0,,,0,1,NO_HIT_WITHIN_BUDGET
case_085,1,C,0.01,incumbent_split_topo_g0_p4,3173461,,,0,,,0,1,NO_HIT_WITHIN_BUDGET
case_085,1,C,0.02,incumbent_split_topo_g0_p4,3173461,,,0,,,0,1,NO_HIT_WITHIN_BUDGET
case_086,1,C,0.001,incumbent_split_release_g0_p4,114476,,,0,,,0,1,NO_HIT_WITHIN_BUDGET
case_086,1,C,0.0025,incumbent_split_release_g0_p4,114476,,,0,,,0,1,NO_HIT_WITHIN_BUDGET
case_086,1,C,0.005,incumbent_split_release_g0_p4,114476,,,0,,,0,1,NO_HIT_WITHIN_BUDGET
case_086,1,C,0.01,incumbent_split_release_g0_p4,114476,,,0,,,0,1,NO_HIT_WITHIN_BUDGET
case_086,1,C,0.02,incumbent_split_release_g0_p4,114476,,,0,,,0,1,NO_HIT_WITHIN_BUDGET
case_086,2,C,0.001,incumbent_split_topo_g0_p4,115496,,,0,,,0,1,NO_HIT_WITHIN_BUDGET
case_086,2,C,0.0025,incumbent_split_topo_g0_p4,115496,,,0,,,0,1,NO_HIT_WITHIN_BUDGET
case_086,2,C,0.005,incumbent_split_topo_g0_p4,115496,,,0,,,0,1,NO_HIT_WITHIN_BUDGET
case_086,2,C,0.01,incumbent_split_topo_g0_p4,115496,,,0,,,0,1,NO_HIT_WITHIN_BUDGET
case_086,2,C,0.02,incumbent_split_topo_g0_p4,115496,,,0,,,0,1,NO_HIT_WITHIN_BUDGET
case_086,3,C,0.001,incumbent_split_topo_g0_p4,115496,,,0,,,0,1,NO_HIT_WITHIN_BUDGET
case_086,3,C,0.0025,incumbent_split_topo_g0_p4,115496,,,0,,,0,1,NO_HIT_WITHIN_BUDGET
case_086,3,C,0.005,incumbent_split_topo_g0_p4,115496,,,0,,,0,1,NO_HIT_WITHIN_BUDGET
case_086,3,C,0.01,incumbent_split_topo_g0_p4,115496,,,0,,,0,1,NO_HIT_WITHIN_BUDGET
case_086,3,C,0.02,incumbent_split_topo_g0_p4,115496,,,0,,,0,1,NO_HIT_WITHIN_BUDGET
case_086,5,C,0.001,incumbent_split_topo_g0_p4,115496,,,0,,,0,1,NO_HIT_WITHIN_BUDGET
case_086,5,C,0.0025,incumbent_split_topo_g0_p4,115496,,,0,,,0,1,NO_HIT_WITHIN_BUDGET
case_086,5,C,0.005,incumbent_split_topo_g0_p4,115496,,,0,,,0,1,NO_HIT_WITHIN_BUDGET
case_086,5,C,0.01,incumbent_split_topo_g0_p4,115496,,,0,,,0,1,NO_HIT_WITHIN_BUDGET
case_086,5,C,0.02,incumbent_split_topo_g0_p4,115496,,,0,,,0,1,NO_HIT_WITHIN_BUDGET
case_088,1,C,0.001,incumbent_split_height_g2_p4,242071,,,0,,,0,1,NO_HIT_WITHIN_BUDGET
case_088,1,C,0.0025,incumbent_split_height_g2_p4,242071,,,0,,,0,1,NO_HIT_WITHIN_BUDGET
case_088,1,C,0.005,incumbent_split_height_g2_p4,242071,,,0,,,0,1,NO_HIT_WITHIN_BUDGET
case_088,1,C,0.01,incumbent_split_height_g2_p4,242071,,,0,,,0,1,NO_HIT_WITHIN_BUDGET
case_088,1,C,0.02,incumbent_split_height_g2_p4,242071,,,0,,,0,1,NO_HIT_WITHIN_BUDGET
case_089,1,C,0.001,incumbent_base,689572,,,0,,,0,1,NO_HIT_WITHIN_BUDGET
case_089,1,C,0.0025,incumbent_base,689572,,,0,,,0,1,NO_HIT_WITHIN_BUDGET
case_089,1,C,0.005,incumbent_base,689572,,,0,,,0,1,NO_HIT_WITHIN_BUDGET
case_089,1,C,0.01,incumbent_base,689572,,,0,,,0,1,NO_HIT_WITHIN_BUDGET
case_089,1,C,0.02,incumbent_base,689572,,,0,,,0,1,NO_HIT_WITHIN_BUDGET
case_092,1,C,0.001,incumbent_split_height_g2_p4,4004200,,,0,,,0,1,NO_HIT_WITHIN_BUDGET
case_092,1,C,0.0025,incumbent_split_height_g2_p4,4004200,,,0,,,0,1,NO_HIT_WITHIN_BUDGET
case_092,1,C,0.005,incumbent_split_height_g2_p4,4004200,,,0,,,0,1,NO_HIT_WITHIN_BUDGET
case_092,1,C,0.01,incumbent_split_height_g2_p4,4004200,,,0,,,0,1,NO_HIT_WITHIN_BUDGET
case_092,1,C,0.02,incumbent_split_height_g2_p4,4004200,,,0,,,0,1,NO_HIT_WITHIN_BUDGET
case_093,1,C,0.001,incumbent_base,74205,,,0,,,0,1,NO_HIT_WITHIN_BUDGET
case_093,1,C,0.0025,incumbent_base,74205,,,0,,,0,1,NO_HIT_WITHIN_BUDGET
case_093,1,C,0.005,incumbent_base,74205,,,0,,,0,1,NO_HIT_WITHIN_BUDGET
case_093,1,C,0.01,incumbent_base,74205,,,0,,,0,1,NO_HIT_WITHIN_BUDGET
case_093,1,C,0.02,incumbent_base,74205,,,0,,,0,1,NO_HIT_WITHIN_BUDGET
case_093,2,C,0.001,incumbent_base,37827,,,0,,,0,1,NO_HIT_WITHIN_BUDGET
case_093,2,C,0.0025,incumbent_base,37827,,,0,,,0,1,NO_HIT_WITHIN_BUDGET
case_093,2,C,0.005,incumbent_base,37827,,,0,,,0,1,NO_HIT_WITHIN_BUDGET
case_093,2,C,0.01,incumbent_base,37827,incumbent_disperse_tid_1000000003_node_44_core_0_pos_0,38095,6144,0.007084886456763639,cache_zero_rescue,1,1,ELIGIBLE
case_093,2,C,0.02,incumbent_base,37827,incumbent_disperse_tid_1000000003_node_44_core_0_pos_0,38095,6144,0.007084886456763639,cache_zero_rescue,1,1,ELIGIBLE
case_093,3,C,0.001,incumbent_base,25103,,,0,,,0,1,NO_HIT_WITHIN_BUDGET
case_093,3,C,0.0025,incumbent_base,25103,,,0,,,0,1,NO_HIT_WITHIN_BUDGET
case_093,3,C,0.005,incumbent_base,25103,,,0,,,0,1,NO_HIT_WITHIN_BUDGET
case_093,3,C,0.01,incumbent_base,25103,,,0,,,0,1,NO_HIT_WITHIN_BUDGET
case_093,3,C,0.02,incumbent_base,25103,incumbent_disperse_tid_1000000001_node_18_core_0_pos_0,25589,12288,0.019360235828387085,cache_zero_rescue,1,1,ELIGIBLE
case_093,4,C,0.001,incumbent_base,19779,,,0,,,0,1,NO_HIT_WITHIN_BUDGET
case_093,4,C,0.0025,incumbent_base,19779,,,0,,,0,1,NO_HIT_WITHIN_BUDGET
case_093,4,C,0.005,incumbent_base,19779,,,0,,,0,1,NO_HIT_WITHIN_BUDGET
case_093,4,C,0.01,incumbent_base,19779,,,0,,,0,1,NO_HIT_WITHIN_BUDGET
case_093,4,C,0.02,incumbent_base,19779,,,0,,,0,1,NO_HIT_WITHIN_BUDGET
case_093,5,C,0.001,incumbent_base,15876,,,0,,,0,1,NO_HIT_WITHIN_BUDGET
case_093,5,C,0.0025,incumbent_base,15876,,,0,,,0,1,NO_HIT_WITHIN_BUDGET
case_093,5,C,0.005,incumbent_base,15876,,,0,,,0,1,NO_HIT_WITHIN_BUDGET
case_093,5,C,0.01,incumbent_base,15876,,,0,,,0,1,NO_HIT_WITHIN_BUDGET
case_093,5,C,0.02,incumbent_base,15876,,,0,,,0,1,NO_HIT_WITHIN_BUDGET
case_095,1,C,0.001,r2_merge_g0_1,1161033,,,0,,,0,1,NO_HIT_WITHIN_BUDGET
case_095,1,C,0.0025,r2_merge_g0_1,1161033,,,0,,,0,1,NO_HIT_WITHIN_BUDGET
case_095,1,C,0.005,r2_merge_g0_1,1161033,,,0,,,0,1,NO_HIT_WITHIN_BUDGET
case_095,1,C,0.01,r2_merge_g0_1,1161033,,,0,,,0,1,NO_HIT_WITHIN_BUDGET
case_095,1,C,0.02,r2_merge_g0_1,1161033,,,0,,,0,1,NO_HIT_WITHIN_BUDGET
case_095,2,C,0.001,incumbent_base,1042890,,,0,,,0,1,NO_HIT_WITHIN_BUDGET
case_095,2,C,0.0025,incumbent_base,1042890,,,0,,,0,1,NO_HIT_WITHIN_BUDGET
case_095,2,C,0.005,incumbent_base,1042890,,,0,,,0,1,NO_HIT_WITHIN_BUDGET
case_095,2,C,0.01,incumbent_base,1042890,,,0,,,0,1,NO_HIT_WITHIN_BUDGET
case_095,2,C,0.02,incumbent_base,1042890,,,0,,,0,1,NO_HIT_WITHIN_BUDGET
case_095,3,C,0.001,incumbent_base,695775,,,0,,,0,1,NO_HIT_WITHIN_BUDGET
case_095,3,C,0.0025,incumbent_base,695775,,,0,,,0,1,NO_HIT_WITHIN_BUDGET
case_095,3,C,0.005,incumbent_base,695775,,,0,,,0,1,NO_HIT_WITHIN_BUDGET
case_095,3,C,0.01,incumbent_base,695775,,,0,,,0,1,NO_HIT_WITHIN_BUDGET
case_095,3,C,0.02,incumbent_base,695775,,,0,,,0,1,NO_HIT_WITHIN_BUDGET
case_095,4,C,0.001,incumbent_base,524422,,,0,,,0,1,NO_HIT_WITHIN_BUDGET
case_095,4,C,0.0025,incumbent_base,524422,,,0,,,0,1,NO_HIT_WITHIN_BUDGET
case_095,4,C,0.005,incumbent_base,524422,,,0,,,0,1,NO_HIT_WITHIN_BUDGET
case_095,4,C,0.01,incumbent_base,524422,,,0,,,0,1,NO_HIT_WITHIN_BUDGET
case_095,4,C,0.02,incumbent_base,524422,,,0,,,0,1,NO_HIT_WITHIN_BUDGET
case_095,5,C,0.001,incumbent_base,420852,,,0,,,0,1,NO_HIT_WITHIN_BUDGET
case_095,5,C,0.0025,incumbent_base,420852,,,0,,,0,1,NO_HIT_WITHIN_BUDGET
case_095,5,C,0.005,incumbent_base,420852,,,0,,,0,1,NO_HIT_WITHIN_BUDGET
case_095,5,C,0.01,incumbent_base,420852,,,0,,,0,1,NO_HIT_WITHIN_BUDGET
case_095,5,C,0.02,incumbent_base,420852,,,0,,,0,1,NO_HIT_WITHIN_BUDGET
case_096,1,C,0.001,incumbent_split_release_g2_p4,75108,,,0,,,0,1,NO_HIT_WITHIN_BUDGET
case_096,1,C,0.0025,incumbent_split_release_g2_p4,75108,,,0,,,0,1,NO_HIT_WITHIN_BUDGET
case_096,1,C,0.005,incumbent_split_release_g2_p4,75108,,,0,,,0,1,NO_HIT_WITHIN_BUDGET
case_096,1,C,0.01,incumbent_split_release_g2_p4,75108,,,0,,,0,1,NO_HIT_WITHIN_BUDGET
case_096,1,C,0.02,incumbent_split_release_g2_p4,75108,,,0,,,0,1,NO_HIT_WITHIN_BUDGET
case_097,1,C,0.001,incumbent_base,11491509,,,0,,,0,1,NO_HIT_WITHIN_BUDGET
case_097,1,C,0.0025,incumbent_base,11491509,,,0,,,0,1,NO_HIT_WITHIN_BUDGET
case_097,1,C,0.005,incumbent_base,11491509,,,0,,,0,1,NO_HIT_WITHIN_BUDGET
case_097,1,C,0.01,incumbent_base,11491509,,,0,,,0,1,NO_HIT_WITHIN_BUDGET
case_097,1,C,0.02,incumbent_base,11491509,,,0,,,0,1,NO_HIT_WITHIN_BUDGET
case_097,2,C,0.001,incumbent_base,5617602,,,0,,,0,1,NO_HIT_WITHIN_BUDGET
case_097,2,C,0.0025,incumbent_base,5617602,,,0,,,0,1,NO_HIT_WITHIN_BUDGET
case_097,2,C,0.005,incumbent_base,5617602,,,0,,,0,1,NO_HIT_WITHIN_BUDGET
case_097,2,C,0.01,incumbent_base,5617602,,,0,,,0,1,NO_HIT_WITHIN_BUDGET
case_097,2,C,0.02,incumbent_base,5617602,,,0,,,0,1,NO_HIT_WITHIN_BUDGET
case_098,2,C,0.001,incumbent_base,89756,,,0,,,0,1,NO_HIT_WITHIN_BUDGET
case_098,2,C,0.0025,incumbent_base,89756,incumbent_disperse_tid_188_node_189_core_0_pos_0,89963,4096,0.0023062525067962802,cache_zero_rescue,1,1,ELIGIBLE
case_098,2,C,0.005,incumbent_base,89756,incumbent_disperse_tid_188_node_189_core_0_pos_0,89963,4096,0.0023062525067962802,cache_zero_rescue,1,1,ELIGIBLE
case_098,2,C,0.01,incumbent_base,89756,incumbent_disperse_tid_188_node_189_core_0_pos_0,89963,4096,0.0023062525067962802,cache_zero_rescue,1,1,ELIGIBLE
case_098,2,C,0.02,incumbent_base,89756,incumbent_disperse_tid_188_node_189_core_0_pos_0,89963,4096,0.0023062525067962802,cache_zero_rescue,1,1,ELIGIBLE
case_098,3,C,0.001,incumbent_base,89756,,,0,,,0,1,NO_HIT_WITHIN_BUDGET
case_098,3,C,0.0025,incumbent_base,89756,incumbent_disperse_tid_113_node_114_core_0_pos_0,89963,4096,0.0023062525067962802,cache_zero_rescue,1,1,ELIGIBLE
case_098,3,C,0.005,incumbent_base,89756,incumbent_disperse_tid_113_node_114_core_0_pos_0,89963,4096,0.0023062525067962802,cache_zero_rescue,1,1,ELIGIBLE
case_098,3,C,0.01,incumbent_base,89756,incumbent_disperse_tid_113_node_114_core_0_pos_0,89963,4096,0.0023062525067962802,cache_zero_rescue,1,1,ELIGIBLE
case_098,3,C,0.02,incumbent_base,89756,incumbent_disperse_tid_113_node_114_core_0_pos_0,89963,4096,0.0023062525067962802,cache_zero_rescue,1,1,ELIGIBLE
case_098,4,C,0.001,incumbent_base,89756,,,0,,,0,1,NO_HIT_WITHIN_BUDGET
case_098,4,C,0.0025,incumbent_base,89756,incumbent_disperse_tid_113_node_114_core_0_pos_0,89963,4096,0.0023062525067962802,cache_zero_rescue,1,1,ELIGIBLE
case_098,4,C,0.005,incumbent_base,89756,incumbent_disperse_tid_113_node_114_core_0_pos_0,89963,4096,0.0023062525067962802,cache_zero_rescue,1,1,ELIGIBLE
case_098,4,C,0.01,incumbent_base,89756,incumbent_disperse_tid_113_node_114_core_0_pos_0,89963,4096,0.0023062525067962802,cache_zero_rescue,1,1,ELIGIBLE
case_098,4,C,0.02,incumbent_base,89756,incumbent_disperse_tid_113_node_114_core_0_pos_0,89963,4096,0.0023062525067962802,cache_zero_rescue,1,1,ELIGIBLE
case_098,5,C,0.001,incumbent_base,89756,,,0,,,0,1,NO_HIT_WITHIN_BUDGET
case_098,5,C,0.0025,incumbent_base,89756,incumbent_disperse_tid_113_node_114_core_2_pos_0,89894,4096,0.0015375016711973721,cache_zero_rescue,1,1,ELIGIBLE
case_098,5,C,0.005,incumbent_base,89756,incumbent_disperse_tid_113_node_114_core_2_pos_0,89894,4096,0.0015375016711973721,cache_zero_rescue,1,1,ELIGIBLE
case_098,5,C,0.01,incumbent_base,89756,incumbent_disperse_tid_113_node_114_core_2_pos_0,89894,4096,0.0015375016711973721,cache_zero_rescue,1,1,ELIGIBLE
case_098,5,C,0.02,incumbent_base,89756,incumbent_disperse_tid_113_node_114_core_2_pos_0,89894,4096,0.0015375016711973721,cache_zero_rescue,1,1,ELIGIBLE
case_100,1,C,0.001,incumbent_split_release_g1_p4,142753,,,0,,,0,1,NO_HIT_WITHIN_BUDGET
case_100,1,C,0.0025,incumbent_split_release_g1_p4,142753,,,0,,,0,1,NO_HIT_WITHIN_BUDGET
case_100,1,C,0.005,incumbent_split_release_g1_p4,142753,,,0,,,0,1,NO_HIT_WITHIN_BUDGET
case_100,1,C,0.01,incumbent_split_release_g1_p4,142753,,,0,,,0,1,NO_HIT_WITHIN_BUDGET
case_100,1,C,0.02,incumbent_split_release_g1_p4,142753,,,0,,,0,1,NO_HIT_WITHIN_BUDGET
