case,cores,algorithm,problem,makespan,added_copy_bytes,scheduled_copy_bytes,cache_hit_rate,cache_hits,cache_accesses,elapsed_seconds,seed,block_size,generation_seconds,status,global_optimality,result_file,plan_sha256,result_sha256,relative_makespan
case_001,4,component_packed,1,61636,17280,1656832,,,,0.05685,0,50,0.002539,AI_VERIFIED,NOT_PROVEN,runs/component_packed/seed0_block50/case_001/4core/problem1.json.gz,41c17919d9a9ab90affe7bdf7a39d342d61c56c033504f1d9e094a540ac95212,b6a56899ec1090f4aa677c356f668f8b423ffe27da77975a6f526791da217f99,1.0295316362664528
case_001,4,component_packed,1,59868,8064,1647616,,,,0.045833,0,100,0.002338,AI_VERIFIED,NOT_PROVEN,runs/component_packed/seed0_block100/case_001/4core/problem1.json.gz,bc4331d9a5e95417c6fb59351683701ece6eb25a1bb9d6c2e58de3b30a3c9d7b,16081210592be8fec5e2dd6081e12137c2c63765e419dc00972a428df2289339,1.0
case_001,4,component_packed,1,58984,3456,1643008,,,,0.07978,0,200,0.003721,AI_VERIFIED,NOT_PROVEN,runs/component_packed/seed0_block200/case_001/4core/problem1.json.gz,30f9968130edd804c5840619cd023f4880ea59718b4e1ac8ada505729e3ba86a,ead163d4d26cda0d0234f029d6672c31862a41ce3ca842f10609a0593c1a8e93,0.9852341818667736
case_002,4,component_packed,1,108414,1253376,2477568,,,,0.231487,0,50,0.006103,AI_VERIFIED,NOT_PROVEN,runs/component_packed/seed0_block50/case_002/4core/problem1.json.gz,0c58dcabc8ee751d22a6b019ac2cbafe970edc5d15ba4f5b1230bc3db8a8e3e4,3008fe8cfbe0c17683671728a6a92c331068fb6a50c7165e421ad1868f4f11ed,1.1001359771071377
case_002,4,component_packed,1,98546,973824,2198016,,,,0.167281,0,100,0.004906,AI_VERIFIED,NOT_PROVEN,runs/component_packed/seed0_block100/case_002/4core/problem1.json.gz,d4f64959973ada8b182dd5484177fe43b4d0925abc0422702fb783296aaaa097,394ea164d8047220791943b32b62ea291948bd3345626eff96b15798ab5f26f3,1.0
case_002,4,component_packed,1,74810,611328,1835520,,,,0.273973,0,200,0.008635,AI_VERIFIED,NOT_PROVEN,runs/component_packed/seed0_block200/case_002/4core/problem1.json.gz,9d404446efd7de008b16153ba33a13860afdf2af6c582b0278746a595910df6b,acffec5aaad747dd695c121d7056cc96a575fc015ac693d4d8c0c4c9d493ed04,0.7591378645505652
case_016,4,component_packed,1,8386578,133899472,134292690,,,,5.44803,0,50,0.07774,AI_VERIFIED,NOT_PROVEN,runs/component_packed/seed0_block50/case_016/4core/problem1.json.gz,9ba9be714cdaa4d27bf8c02aca84904dea319a40e781a82385d8b418fca1c3b3,4f660c9cb407e111856c80cd5a3f7b0dddc139aa142b30ad19c7e359dfd41041,1.0417328987654713
case_016,4,component_packed,1,8050603,77599324,77992542,,,,2.459926,0,100,0.059353,AI_VERIFIED,NOT_PROVEN,runs/component_packed/seed0_block100/case_016/4core/problem1.json.gz,4521e1e25de9b4c28447e61dcb3b4305ea9180531c3fbd44f852fb22bf47774c,513b890f26f7c9e8c52175d75b769048bb98b7b07a8678737f1145a707cbbf9b,1.0
case_016,4,component_packed,1,7882384,38603052,38996270,,,,3.061401,0,200,0.120231,AI_VERIFIED,NOT_PROVEN,runs/component_packed/seed0_block200/case_016/4core/problem1.json.gz,4ea866ca7417b10f6469898a7fd7fc3c0a2b797713bfcf9b026c7651252e2032,7abbce4048631c8dc4384f0d1dfb47f312cc44030faa9334e4aa00bb49b03f37,0.9791047950072809
case_025,4,component_packed,1,1311304,10589184,18806784,,,,6.260923,0,50,0.114603,AI_VERIFIED,NOT_PROVEN,runs/component_packed/seed0_block50/case_025/4core/problem1.json.gz,99698c0ce74e06bce7814f9f23205e6395cc05f355ebe62de33b94b69039c1e2,325c50de5adc551f8105e8bd3133f69fcd127de053cc12dd3b73b742aff91a17,1.03752254960914
case_025,4,component_packed,1,1263880,5280768,13498368,,,,2.965419,0,100,0.089425,AI_VERIFIED,NOT_PROVEN,runs/component_packed/seed0_block100/case_025/4core/problem1.json.gz,12515c4701c595799ec356cca251382e092d64ad7452b01027d3d85169269a37,f6ce31b96bfa0552a40095acf3bdc3055735fd67cf0db162c2f8dcb0fe25db2e,1.0
case_025,4,component_packed,1,1240168,2626560,10844160,,,,3.819563,0,200,0.140159,AI_VERIFIED,NOT_PROVEN,runs/component_packed/seed0_block200/case_025/4core/problem1.json.gz,65e1d676367dd0b847db38488045c6e0a936cb2e20de0bdb3febfb34520367db,9e92589eceaa081a275d63798c2f69f95da51309ba6e936c7e267f437404e699,0.98123872519543
case_076,4,component_packed,1,5095087,90305552,94576226,,,,19.760626,0,50,0.246068,AI_VERIFIED,NOT_PROVEN,runs/component_packed/seed0_block50/case_076/4core/problem1.json.gz,43bed94d0dc1b170c2c6cd4cb3504a67a2d64c63809bfcf9ad08018f28218c15,0dee0d5b3bc36b233278468a67680956b5ae8949c102bf5c78c8030f754855c9,3.1670088469611843
case_076,4,component_packed,1,1608801,71574528,75845202,,,,9.957828,0,100,0.171494,AI_VERIFIED,NOT_PROVEN,runs/component_packed/seed0_block100/case_076/4core/problem1.json.gz,8b4b8b73580e6798de65bbf88b5d53ff0d3d07fbc3a41146a8356936e6869cce,9a3d63ab6ebe74a0d586a6c78588c5494a612c4ead71e1ee465f2aac82967918,1.0
case_076,4,component_packed,1,1544711,64613376,68884050,,,,14.843305,0,200,0.256469,AI_VERIFIED,NOT_PROVEN,runs/component_packed/seed0_block200/case_076/4core/problem1.json.gz,f9c82979685f16fcf511e4a26104a1022db21ddb4b509aad9bf2709b83e2eb30,595df3394c7dd25d9d45dba0f16fa9c7f1aafece3f3898bcb61d548824b42eba,0.9601628790633522
case_001,4,component_packed,2,58984,3456,1643008,,,,0.053612,0,50,0.002539,AI_VERIFIED,NOT_PROVEN,runs/component_packed/seed0_block50/case_001/4core/problem2.json.gz,41c17919d9a9ab90affe7bdf7a39d342d61c56c033504f1d9e094a540ac95212,bbf6517ae082fdf29943c1a7a1c2f252747cc81b0b2afc6da3be9ecca41d09d4,1.0
case_001,4,component_packed,2,58984,3456,1643008,,,,0.04001,0,100,0.002338,AI_VERIFIED,NOT_PROVEN,runs/component_packed/seed0_block100/case_001/4core/problem2.json.gz,bc4331d9a5e95417c6fb59351683701ece6eb25a1bb9d6c2e58de3b30a3c9d7b,49109c9f093c92b9e2f04f08bc96d192916a587497be99b875633067ee8b14f8,1.0
case_001,4,component_packed,2,58984,3456,1643008,,,,0.065698,0,200,0.003721,AI_VERIFIED,NOT_PROVEN,runs/component_packed/seed0_block200/case_001/4core/problem2.json.gz,30f9968130edd804c5840619cd023f4880ea59718b4e1ac8ada505729e3ba86a,d7ab51df50253614b5813da79276b596f1c7117ce3c394f264aa4d9b379a9b24,1.0
case_002,4,component_packed,2,82046,1102848,2327040,,,,0.20199,0,50,0.006103,AI_VERIFIED,NOT_PROVEN,runs/component_packed/seed0_block50/case_002/4core/problem2.json.gz,0c58dcabc8ee751d22a6b019ac2cbafe970edc5d15ba4f5b1230bc3db8a8e3e4,f68c685711e4dd5706e786ed309a3491801efbc283b7abb38e38f234e91e5794,1.0745193566975746
case_002,4,component_packed,2,76356,826368,2050560,,,,0.142914,0,100,0.004906,AI_VERIFIED,NOT_PROVEN,runs/component_packed/seed0_block100/case_002/4core/problem2.json.gz,d4f64959973ada8b182dd5484177fe43b4d0925abc0422702fb783296aaaa097,c177769fa8ee6a3676d241f827413d6b70c8f899d2270bcea22c1ff50e383b36,1.0
case_002,4,component_packed,2,73002,457728,1681920,,,,0.196336,0,200,0.008635,AI_VERIFIED,NOT_PROVEN,runs/component_packed/seed0_block200/case_002/4core/problem2.json.gz,9d404446efd7de008b16153ba33a13860afdf2af6c582b0278746a595910df6b,79e413c14ab08465159b6103013208fab2ea9c539c57de24a9557bbb7c039191,0.9560741788464561
case_016,4,component_packed,2,8040441,15541456,15934674,,,,4.3869,0,50,0.07774,AI_VERIFIED,NOT_PROVEN,runs/component_packed/seed0_block50/case_016/4core/problem2.json.gz,9ba9be714cdaa4d27bf8c02aca84904dea319a40e781a82385d8b418fca1c3b3,e7a141b264ee58f7711be49209c081365462882fc40edddb1201e23b282f4295,1.0202709355980415
case_016,4,component_packed,2,7880692,8393308,8786526,,,,2.711657,0,100,0.059353,AI_VERIFIED,NOT_PROVEN,runs/component_packed/seed0_block100/case_016/4core/problem2.json.gz,4521e1e25de9b4c28447e61dcb3b4305ea9180531c3fbd44f852fb22bf47774c,5f8e9d69ca132f4cc5c8a36cde54157236f9abe905d126a88af0d808c4a07c8e,1.0
case_016,4,component_packed,2,7797115,4786476,5179694,,,,3.376061,0,200,0.120231,AI_VERIFIED,NOT_PROVEN,runs/component_packed/seed0_block200/case_016/4core/problem2.json.gz,4ea866ca7417b10f6469898a7fd7fc3c0a2b797713bfcf9b026c7651252e2032,eb197fbf3d46d2b1d81baf182569a03f85f53f9eac96d889f95f8a7f219572ca,0.9893947130531177
case_025,4,component_packed,2,1217444,82944,8300544,,,,4.936272,0,50,0.114603,AI_VERIFIED,NOT_PROVEN,runs/component_packed/seed0_block50/case_025/4core/problem2.json.gz,99698c0ce74e06bce7814f9f23205e6395cc05f355ebe62de33b94b69039c1e2,f8e70a642174d35f59b517ca1eb5f16b9bbca41663f360b33ebe5332f1d46bf9,1.0
case_025,4,component_packed,2,1217444,82944,8300544,,,,3.413391,0,100,0.089425,AI_VERIFIED,NOT_PROVEN,runs/component_packed/seed0_block100/case_025/4core/problem2.json.gz,12515c4701c595799ec356cca251382e092d64ad7452b01027d3d85169269a37,4907bf551f89c9d26215c2a78fb8b792a0b789276df123897a9219cbf84e402b,1.0
case_025,4,component_packed,2,1217444,82944,8300544,,,,4.840123,0,200,0.140159,AI_VERIFIED,NOT_PROVEN,runs/component_packed/seed0_block200/case_025/4core/problem2.json.gz,65e1d676367dd0b847db38488045c6e0a936cb2e20de0bdb3febfb34520367db,2567ae7ac23db2e0bab8a9aae6a0f45f23d0235c617225ff836b688bce91084e,1.0
case_076,4,component_packed,2,4462256,51756048,56026722,,,,17.657353,0,50,0.246068,AI_VERIFIED,NOT_PROVEN,runs/component_packed/seed0_block50/case_076/4core/problem2.json.gz,43bed94d0dc1b170c2c6cd4cb3504a67a2d64c63809bfcf9ad08018f28218c15,9d52029da88b6e9698b4caafba9a5a68aecb93957dca618fc78b7406b949f56f,2.8355728964776605
case_076,4,component_packed,2,1573670,34176000,38446674,,,,8.972346,0,100,0.171494,AI_VERIFIED,NOT_PROVEN,runs/component_packed/seed0_block100/case_076/4core/problem2.json.gz,8b4b8b73580e6798de65bbf88b5d53ff0d3d07fbc3a41146a8356936e6869cce,c12604e204bc46a0812008cd3f2bc63fc2682857f26ab31d30c89b7b89d646a7,1.0
case_076,4,component_packed,2,1553551,33807360,38078034,,,,13.013494,0,200,0.256469,AI_VERIFIED,NOT_PROVEN,runs/component_packed/seed0_block200/case_076/4core/problem2.json.gz,f9c82979685f16fcf511e4a26104a1022db21ddb4b509aad9bf2709b83e2eb30,d72e5f97a2453737dc08755eece02dda76eceb4a3bbed7b352615564d0ed19f1,0.9872152357228644
case_001,4,component_packed,3,58984,3456,1643008,0.0,0.0,204.0,0.056015,0,50,0.002539,AI_VERIFIED,NOT_PROVEN,runs/component_packed/seed0_block50/case_001/4core/problem3.json.gz,41c17919d9a9ab90affe7bdf7a39d342d61c56c033504f1d9e094a540ac95212,9d24946ff734c6c7e514a75cec6213056bce6291012658621ee9c24a4f1974ea,1.0
case_001,4,component_packed,3,58984,3456,1643008,0.0,0.0,204.0,0.041903,0,100,0.002338,AI_VERIFIED,NOT_PROVEN,runs/component_packed/seed0_block100/case_001/4core/problem3.json.gz,bc4331d9a5e95417c6fb59351683701ece6eb25a1bb9d6c2e58de3b30a3c9d7b,67fb27b61ca11b07ad8a329c15cac479add118645b276e7a7eaf2a9a3ed87ec5,1.0
case_001,4,component_packed,3,58984,3456,1643008,0.0,0.0,204.0,0.066257,0,200,0.003721,AI_VERIFIED,NOT_PROVEN,runs/component_packed/seed0_block200/case_001/4core/problem3.json.gz,30f9968130edd804c5840619cd023f4880ea59718b4e1ac8ada505729e3ba86a,0f999e0e697150072cbd99c0e74610e60009d572d02d374a1fe7da67a2e65ebf,1.0
case_002,4,component_packed,3,82046,1102848,2327040,0.0604534005037783,24.0,745.0,0.25169,0,50,0.006103,AI_VERIFIED,NOT_PROVEN,runs/component_packed/seed0_block50/case_002/4core/problem3.json.gz,0c58dcabc8ee751d22a6b019ac2cbafe970edc5d15ba4f5b1230bc3db8a8e3e4,5c169069aaa29f6cedc539e9bf65103e065761ac037dcdea3c04e492265ec534,1.0745193566975746
case_002,4,component_packed,3,76356,826368,2050560,0.0167130919220055,6.0,663.0,0.14663,0,100,0.004906,AI_VERIFIED,NOT_PROVEN,runs/component_packed/seed0_block100/case_002/4core/problem3.json.gz,d4f64959973ada8b182dd5484177fe43b4d0925abc0422702fb783296aaaa097,32db3029162e797ff8a48014e8930c40b579de9c1500227bfe2f157873148751,1.0
case_002,4,component_packed,3,73002,457728,1681920,0.0,0.0,547.0,0.202803,0,200,0.008635,AI_VERIFIED,NOT_PROVEN,runs/component_packed/seed0_block200/case_002/4core/problem3.json.gz,9d404446efd7de008b16153ba33a13860afdf2af6c582b0278746a595910df6b,cb61b7916f8c42253ecc52243801fcd7c2d55c7e2b803e9cc6d27742e775c026,0.9560741788464561
case_016,4,component_packed,3,8031938,15541456,15934674,0.0860959531940988,23.0,2623.0,4.285177,0,50,0.07774,AI_VERIFIED,NOT_PROVEN,runs/component_packed/seed0_block50/case_016/4core/problem3.json.gz,9ba9be714cdaa4d27bf8c02aca84904dea319a40e781a82385d8b418fca1c3b3,73f3b3d2ee28572394bda6583a3221a7bd2643000942069f6f7d99a3dd4333e8,1.019370084836055
case_016,4,component_packed,3,7879315,8393308,8786526,0.0885673941356381,14.0,1333.0,2.662154,0,100,0.059353,AI_VERIFIED,NOT_PROVEN,runs/component_packed/seed0_block100/case_016/4core/problem3.json.gz,4521e1e25de9b4c28447e61dcb3b4305ea9180531c3fbd44f852fb22bf47774c,f14684c6e5428d72fd927b98e0557172204bbe8351dbcbbf8a1761790229b9a3,1.0
case_016,4,component_packed,3,7796772,4786476,5179694,0.0388214477599297,4.0,690.0,3.422362,0,200,0.120231,AI_VERIFIED,NOT_PROVEN,runs/component_packed/seed0_block200/case_016/4core/problem3.json.gz,4ea866ca7417b10f6469898a7fd7fc3c0a2b797713bfcf9b026c7651252e2032,7f686ccff1d1830187c61005d14fa63a0b6684aabcc261009e475de5ccedc8e1,0.9895240893402536
case_025,4,component_packed,3,1217444,82944,8300544,0.0,0.0,2678.0,4.933,0,50,0.114603,AI_VERIFIED,NOT_PROVEN,runs/component_packed/seed0_block50/case_025/4core/problem3.json.gz,99698c0ce74e06bce7814f9f23205e6395cc05f355ebe62de33b94b69039c1e2,55a732398890ce874b89e85014021c725dc68333511aa111388164d66691edd4,1.0
case_025,4,component_packed,3,1217444,82944,8300544,0.0,0.0,2678.0,3.532579,0,100,0.089425,AI_VERIFIED,NOT_PROVEN,runs/component_packed/seed0_block100/case_025/4core/problem3.json.gz,12515c4701c595799ec356cca251382e092d64ad7452b01027d3d85169269a37,97594f1945be247a592d08a6959706b508850acc27ed36facf6ab30222aa1dd9,1.0
case_025,4,component_packed,3,1217444,82944,8300544,0.0,0.0,2678.0,4.942959,0,200,0.140159,AI_VERIFIED,NOT_PROVEN,runs/component_packed/seed0_block200/case_025/4core/problem3.json.gz,65e1d676367dd0b847db38488045c6e0a936cb2e20de0bdb3febfb34520367db,22fd564957b9cd0b61cb6b299e140a1daa6fba3a4b8a8af755c11a8e589736a5,1.0
case_076,4,component_packed,3,4441600,51756048,56026722,0.3875478852696467,8019.0,18632.0,15.500749,0,50,0.246068,AI_VERIFIED,NOT_PROVEN,runs/component_packed/seed0_block50/case_076/4core/problem3.json.gz,43bed94d0dc1b170c2c6cd4cb3504a67a2d64c63809bfcf9ad08018f28218c15,566397f9e7eb2dea4453fdd94e4513eb8e80bd2e51275be6b7d2e48858c67049,2.8372509276831908
case_076,4,component_packed,3,1565459,34176000,38446674,0.5288666951506088,8629.0,15632.0,8.568031,0,100,0.171494,AI_VERIFIED,NOT_PROVEN,runs/component_packed/seed0_block100/case_076/4core/problem3.json.gz,8b4b8b73580e6798de65bbf88b5d53ff0d3d07fbc3a41146a8356936e6869cce,b74d30e422d3116edf0214caa639fef21b264642420c550ce46029bd85baa9d3,1.0
case_076,4,component_packed,3,1549267,33807360,38078034,0.5151678141135972,8330.0,15473.0,14.872202,0,200,0.256469,AI_VERIFIED,NOT_PROVEN,runs/component_packed/seed0_block200/case_076/4core/problem3.json.gz,f9c82979685f16fcf511e4a26104a1022db21ddb4b509aad9bf2709b83e2eb30,1e7b3978f36ac3162a202c7e41550eee1fee5e432a5eb620b5b65b34f65e546c,0.989656707713201
