case,cores,algorithm,block_size,capacity_bytes,bandwidth_bytes_per_cycle,makespan,added_copy_bytes,cache_hit_rate,elapsed_seconds,status,formal_config,result_file,sha256
case_001,4,component_packed,100,0,250,58984,3456,0.0,0.0585070829984033,AI_VERIFIED,False,case_001_capacity0_bandwidth250.json.gz,311ade6d7adc24207292cd804890a8d2624531083f1b9144de74ff937000bd0d
case_001,4,component_packed,100,524288,250,58984,3456,0.0,0.0637510839878814,AI_VERIFIED,False,case_001_capacity524288_bandwidth250.json.gz,eae0cd027cddefa4ae27c4add4bc4b58c57b93b75002bab269b5ebb4917ae277
case_001,4,component_packed,100,1048576,60,58984,3456,0.0,0.0579678329959278,AI_VERIFIED,False,case_001_capacity1048576_bandwidth60.json.gz,9d555ab34963aaf09952928852fe834fbab38dcff7d18906b40e02af67dc5c41
case_001,4,component_packed,100,1048576,125,58984,3456,0.0,0.0566098749986849,AI_VERIFIED,False,case_001_capacity1048576_bandwidth125.json.gz,c586013231f140bcc224229785e33e3bfc4eadaad43a8610b5f10a40189b30cc
case_001,4,component_packed,100,1048576,250,58984,3456,0.0,0.0626092919992515,AI_VERIFIED,True,case_001_capacity1048576_bandwidth250.json.gz,67fb27b61ca11b07ad8a329c15cac479add118645b276e7a7eaf2a9a3ed87ec5
case_001,4,component_packed,100,1048576,500,58984,3456,0.0,0.0593903749977471,AI_VERIFIED,False,case_001_capacity1048576_bandwidth500.json.gz,aebfe9839e1ae75c8612d040901bfc65608a11828c6f0a796e12ac7602971387
case_001,4,component_packed,100,2097152,250,58984,3456,0.0,0.0589473329891916,AI_VERIFIED,False,case_001_capacity2097152_bandwidth250.json.gz,2ffb043641766ad1c36ecb84e91d23776c60371a33ea6518542e40687fa58e9a
case_002,4,component_packed,100,0,250,76356,826368,0.0,0.1989134999894304,AI_VERIFIED,False,case_002_capacity0_bandwidth250.json.gz,5779c6ef53fd9022fef5b3b9f82f073522db434e6ee85bd2fa9dbd2b68498fca
case_002,4,component_packed,100,524288,250,76356,826368,0.0167130919220055,0.1970084170025074,AI_VERIFIED,False,case_002_capacity524288_bandwidth250.json.gz,59bb6015dab9e0cc8814861257de769683c306392ca4934c06629e485a2a7159
case_002,4,component_packed,100,1048576,60,76356,826368,0.0167130919220055,0.1934060420026071,AI_VERIFIED,False,case_002_capacity1048576_bandwidth60.json.gz,98344744a83845c87b349a2777dd27ccf833f783e7fcc0ec515350dff8c0cca7
case_002,4,component_packed,100,1048576,125,76356,826368,0.0167130919220055,0.1984685420029563,AI_VERIFIED,False,case_002_capacity1048576_bandwidth125.json.gz,1d57f0288b668f422fced31970871a3cb4a53e4556f11aaff52bc0e3f0fe224f
case_002,4,component_packed,100,1048576,250,76356,826368,0.0167130919220055,0.2047560409992002,AI_VERIFIED,True,case_002_capacity1048576_bandwidth250.json.gz,32db3029162e797ff8a48014e8930c40b579de9c1500227bfe2f157873148751
case_002,4,component_packed,100,1048576,500,76356,826368,0.0167130919220055,0.2072856669983593,AI_VERIFIED,False,case_002_capacity1048576_bandwidth500.json.gz,572d878fe82f2512ee15abe295ab39f773f67b33848f2afefc898befb827184e
case_002,4,component_packed,100,2097152,250,76356,826368,0.0167130919220055,0.2273132919945055,AI_VERIFIED,False,case_002_capacity2097152_bandwidth250.json.gz,21544513ca86341493d7282834b578131406639691df8a1b99d1b0172560cfef
case_076,4,component_packed,100,0,250,1573670,34176000,0.0,14.26120933299535,AI_VERIFIED,False,case_076_capacity0_bandwidth250.json.gz,45bf1e2a857778f13b0ed6992e74dca43c48f581e861b7b01ac12d5a504d9328
case_076,4,component_packed,100,524288,250,1569317,34176000,0.3169461653492843,14.344087834004313,AI_VERIFIED,False,case_076_capacity524288_bandwidth250.json.gz,fc4e94d9fb710532dec69e83d3009e1c9c7b2f2f25f38f2d026bb3a4f1b0cdaa
case_076,4,component_packed,100,1048576,60,1570625,34176000,0.5282258064516129,15.713956874998985,AI_VERIFIED,False,case_076_capacity1048576_bandwidth60.json.gz,630f287ebbc2aab7077f507613cf1b3c1101fa26634b87aee7def9b26e47f4fd
case_076,4,component_packed,100,1048576,125,1566019,34176000,0.5289468062379833,15.631917792008608,AI_VERIFIED,False,case_076_capacity1048576_bandwidth125.json.gz,fc170916bb77864b221aa97114fe0c8dac29a071d48f237fcfd29d6df819dfd7
case_076,4,component_packed,100,1048576,250,1565459,34176000,0.5288666951506088,13.82799662501202,AI_VERIFIED,True,case_076_capacity1048576_bandwidth250.json.gz,b74d30e422d3116edf0214caa639fef21b264642420c550ce46029bd85baa9d3
case_076,4,component_packed,100,1048576,500,1564949,34176000,0.5288399914548173,13.972355958991102,AI_VERIFIED,False,case_076_capacity1048576_bandwidth500.json.gz,e6e8e15d5ee5882426baa1b4834b335b5c4cb8c29c6285fe666c8de09b11c78e
case_076,4,component_packed,100,2097152,250,1563726,34176000,0.7400929288613544,12.869744791998528,AI_VERIFIED,False,case_076_capacity2097152_bandwidth250.json.gz,fd8e1ca1e5330305b94b33653cb937427a0e6b6ed625f78c2d36ebc9f8e9bb52
