added_copy_bytes,cache_hit_bytes,cache_hit_rate,cache_miss_bytes,candidate,case,evaluation_seconds,gpu_backend,gpu_rank,makespan,mode,original_graph_copy_bytes,partition_added_copy_bytes,plan_sha256,scheduled_copy_bytes,selected,source,spill_added_copy_bytes,status,variant
53568,41280,0.07677657421735508,496384,base_base,case_012,0.09579029099768377,mps,69,13406,reoptimized,554898,53568,74e2f48a02bc0da889d9ecfa1e9a1620e41c58aa5959111496f36eec5e3f8b21,608466,True,incumbent,0,AI_VERIFIED,cache_bandwidth_half
53568,41280,0.07677657421735508,496384,base_base,case_012,0.09701379200123483,mps,67,13406,reoptimized,554898,53568,74e2f48a02bc0da889d9ecfa1e9a1620e41c58aa5959111496f36eec5e3f8b21,608466,True,incumbent,0,AI_VERIFIED,cache_capacity_double
53568,41280,0.07677657421735508,496384,base_base,case_012,0.1005110420010169,mps,67,13406,reoptimized,554898,53568,74e2f48a02bc0da889d9ecfa1e9a1620e41c58aa5959111496f36eec5e3f8b21,608466,True,incumbent,0,AI_VERIFIED,cache_capacity_half
53568,41280,0.07677657421735508,496384,base_base,case_012,0.10049566700035939,mps,64,13406,reoptimized,554898,53568,74e2f48a02bc0da889d9ecfa1e9a1620e41c58aa5959111496f36eec5e3f8b21,608466,True,incumbent,0,AI_VERIFIED,cache_bandwidth_double
7471132,786432,0.16666617217034013,3932174,base_base,case_051,0.1272767920017941,mps,9,541017,reoptimized,393218,7471132,23f9b112319e3936a068ccb03a1cd5b513fedf05827230057b5884ab0315e322,7864350,True,incumbent,0,AI_VERIFIED,cache_capacity_double
7864348,1179648,0.23076859875011296,3932174,base_move,case_051,0.14184533299703617,mps,0,541017,reoptimized,393218,7864348,4651bfb7789ab19588c69d25bc9d2af89ecab3e009e7fa96773e5dce5095ab92,8257566,False,ordinary,0,AI_VERIFIED,cache_capacity_double
7471132,0,0.0,4718606,base_base,case_051,0.16072233299928484,mps,9,541017,reoptimized,393218,7471132,23f9b112319e3936a068ccb03a1cd5b513fedf05827230057b5884ab0315e322,7864350,True,incumbent,0,AI_VERIFIED,cache_capacity_half
7471132,393216,0.08333308608517007,4325390,base_base,case_051,0.16405391700027394,mps,9,541017,reoptimized,393218,7471132,23f9b112319e3936a068ccb03a1cd5b513fedf05827230057b5884ab0315e322,7864350,True,incumbent,0,AI_VERIFIED,cache_bandwidth_half
7471132,393216,0.08333308608517007,4325390,base_base,case_051,0.18168808400150738,mps,9,541017,reoptimized,393218,7471132,23f9b112319e3936a068ccb03a1cd5b513fedf05827230057b5884ab0315e322,7864350,True,incumbent,0,AI_VERIFIED,cache_bandwidth_double
4784208,819200,0.2427155700616033,2555944,base_base,case_016,2.7216686669999035,mps,120,7706495,reoptimized,393218,4128848,03da0b47a1a75f2ff482f833cdb9eb23554517ec97c8a07e9c4669d1f35f24e3,5177426,False,incumbent,655360,AI_VERIFIED,cache_capacity_double
4718672,819200,0.24509510599645282,2523176,base_disperse_tid_1000002265_node_2259_core_1_pos_0,case_016,3.707656416001555,mps,0,7706472,reoptimized,393218,4063312,6d6434de9c3ef3ce26d1ae7f99555457339f55d779d89363ccbbf36dce152590,5111890,True,disperse,655360,AI_VERIFIED,cache_capacity_double
4784208,163840,0.04854311401232066,3211304,base_base,case_016,2.7218167079990963,mps,120,7706495,reoptimized,393218,4128848,03da0b47a1a75f2ff482f833cdb9eb23554517ec97c8a07e9c4669d1f35f24e3,5177426,False,incumbent,655360,AI_VERIFIED,cache_capacity_half
4718672,196608,0.05882282543914868,3145768,base_disperse_tid_1000002265_node_2259_core_1_pos_0,case_016,3.7883020840017707,mps,0,7706472,reoptimized,393218,4063312,6d6434de9c3ef3ce26d1ae7f99555457339f55d779d89363ccbbf36dce152590,5111890,True,disperse,655360,AI_VERIFIED,cache_capacity_half
4784208,425984,0.1262120964320337,2949160,base_base,case_016,2.77354962499885,mps,120,7706495,reoptimized,393218,4128848,03da0b47a1a75f2ff482f833cdb9eb23554517ec97c8a07e9c4669d1f35f24e3,5177426,False,incumbent,655360,AI_VERIFIED,cache_bandwidth_half
4718672,425984,0.12744945511815547,2916392,base_disperse_tid_1000002265_node_2259_core_1_pos_0,case_016,3.8030208330019377,mps,0,7706472,reoptimized,393218,4063312,6d6434de9c3ef3ce26d1ae7f99555457339f55d779d89363ccbbf36dce152590,5111890,True,disperse,655360,AI_VERIFIED,cache_bandwidth_half
4784208,425984,0.1262120964320337,2949160,base_base,case_016,2.7434716670031776,mps,120,7706495,reoptimized,393218,4128848,03da0b47a1a75f2ff482f833cdb9eb23554517ec97c8a07e9c4669d1f35f24e3,5177426,False,incumbent,655360,AI_VERIFIED,cache_bandwidth_double
4718672,425984,0.12744945511815547,2916392,base_disperse_tid_1000002265_node_2259_core_1_pos_0,case_016,3.8625087079999503,mps,0,7706472,reoptimized,393218,4063312,6d6434de9c3ef3ce26d1ae7f99555457339f55d779d89363ccbbf36dce152590,5111890,True,disperse,655360,AI_VERIFIED,cache_bandwidth_double
7147008,9216,0.0005425935973955507,16975872,base_base,case_062,4.182228707999457,mps,33,718939,reoptimized,13401600,6655488,60a26b6a3c952b931c7b43a829a0e05b86fa3a998ca1dab6a3b77999ad16f6d3,20548608,False,incumbent,491520,AI_VERIFIED,cache_capacity_half
9028608,322560,0.017444758265492608,18167808,r1_split_g0_h1_c4_p0,case_062,6.101561332998244,mps,,701554,reoptimized,13401600,8537088,57b5a541f6ceec49cae03b457f6b669defda84f3a70f69bcb2cb70e71178600e,22430208,True,ordinary_chain,491520,AI_VERIFIED,cache_capacity_half
7147008,9216,0.0005425935973955507,16975872,base_base,case_062,4.2917787919977854,mps,30,718939,reoptimized,13401600,6655488,60a26b6a3c952b931c7b43a829a0e05b86fa3a998ca1dab6a3b77999ad16f6d3,20548608,False,incumbent,491520,AI_VERIFIED,cache_capacity_double
9028608,1138176,0.061555075593952485,17352192,r1_split_g0_h1_c4_p0,case_062,6.568136541998683,mps,,701554,reoptimized,13401600,8537088,57b5a541f6ceec49cae03b457f6b669defda84f3a70f69bcb2cb70e71178600e,22430208,True,ordinary_chain,491520,AI_VERIFIED,cache_capacity_double
7147008,9216,0.0005425935973955507,16975872,base_base,case_062,4.257378792000964,mps,33,718939,reoptimized,13401600,6655488,60a26b6a3c952b931c7b43a829a0e05b86fa3a998ca1dab6a3b77999ad16f6d3,20548608,False,incumbent,491520,AI_VERIFIED,cache_bandwidth_half
9028608,1138176,0.061555075593952485,17352192,r1_split_g0_h1_c4_p0,case_062,6.486639500002639,mps,,701555,reoptimized,13401600,8537088,57b5a541f6ceec49cae03b457f6b669defda84f3a70f69bcb2cb70e71178600e,22430208,True,ordinary_chain,491520,AI_VERIFIED,cache_bandwidth_half
7147008,9216,0.0005425935973955507,16975872,base_base,case_062,4.778872874998342,mps,33,718939,reoptimized,13401600,6655488,60a26b6a3c952b931c7b43a829a0e05b86fa3a998ca1dab6a3b77999ad16f6d3,20548608,False,incumbent,491520,AI_VERIFIED,cache_bandwidth_double
9028608,1138176,0.061555075593952485,17352192,r1_split_g0_h1_c4_p0,case_062,6.59011429200109,mps,,701554,reoptimized,13401600,8537088,57b5a541f6ceec49cae03b457f6b669defda84f3a70f69bcb2cb70e71178600e,22430208,True,ordinary_chain,491520,AI_VERIFIED,cache_bandwidth_double
0,0,0.0,1044820,base_base,case_081,0.6821322910000163,mps,10,30943,reoptimized,1741140,0,f9e651df6a8229a7879066c19329096daf7d234ff4a05bd6b9f88f0a1a712f81,1741140,True,incumbent,0,AI_VERIFIED,cache_capacity_half
0,0,0.0,1044820,base_base,case_081,0.5766491670001415,mps,10,30943,reoptimized,1741140,0,f9e651df6a8229a7879066c19329096daf7d234ff4a05bd6b9f88f0a1a712f81,1741140,True,incumbent,0,AI_VERIFIED,cache_capacity_double
0,0,0.0,1044820,base_base,case_081,0.6058317499991972,mps,10,30943,reoptimized,1741140,0,f9e651df6a8229a7879066c19329096daf7d234ff4a05bd6b9f88f0a1a712f81,1741140,True,incumbent,0,AI_VERIFIED,cache_bandwidth_half
0,0,0.0,1044820,base_base,case_081,0.5206458329994348,mps,10,30943,reoptimized,1741140,0,f9e651df6a8229a7879066c19329096daf7d234ff4a05bd6b9f88f0a1a712f81,1741140,True,incumbent,0,AI_VERIFIED,cache_bandwidth_double
262750080,0,0.0,265617664,base_base,case_067,1.7433300830016378,mps,16,15931687,reoptimized,6048128,14886400,641a4ced7312dd343437d661ed65a184d94fef87d8de6543fdf114fc7ef96d84,268798208,False,incumbent,247863680,AI_VERIFIED,cache_capacity_half
261427072,14113792,0.0534348555527879,250017024,base_split_height_g1_p4,case_067,1.8663071249975474,mps,0,15363155,reoptimized,6048128,14886400,cce18458b3a5d656f81cad82e3d6fb9859d5becc9a8a06d68bc5f8780d352b85,267475200,True,timing,246540672,AI_VERIFIED,cache_capacity_half
262750080,0,0.0,265617664,base_base,case_067,1.9234003330020641,mps,16,15931687,reoptimized,6048128,14886400,641a4ced7312dd343437d661ed65a184d94fef87d8de6543fdf114fc7ef96d84,268798208,False,incumbent,247863680,AI_VERIFIED,cache_capacity_double
261427072,61003776,0.23096046468125855,203127040,base_split_height_g1_p4,case_067,1.3629337499987741,mps,0,15061291,reoptimized,6048128,14886400,cce18458b3a5d656f81cad82e3d6fb9859d5becc9a8a06d68bc5f8780d352b85,267475200,True,timing,246540672,AI_VERIFIED,cache_capacity_double
262750080,0,0.0,265617664,base_base,case_067,2.0527462089994515,mps,16,15931687,reoptimized,6048128,14886400,641a4ced7312dd343437d661ed65a184d94fef87d8de6543fdf114fc7ef96d84,268798208,False,incumbent,247863680,AI_VERIFIED,cache_bandwidth_half
261427072,23162880,0.08769472775187277,240967936,base_split_height_g1_p4,case_067,1.2066975839989027,mps,0,15285122,reoptimized,6048128,14886400,cce18458b3a5d656f81cad82e3d6fb9859d5becc9a8a06d68bc5f8780d352b85,267475200,True,timing,246540672,AI_VERIFIED,cache_bandwidth_half
262750080,0,0.0,265617664,base_base,case_067,1.5992567909997888,mps,16,15931687,reoptimized,6048128,14886400,641a4ced7312dd343437d661ed65a184d94fef87d8de6543fdf114fc7ef96d84,268798208,False,incumbent,247863680,AI_VERIFIED,cache_bandwidth_double
261427072,24244224,0.09178869912702652,239886592,base_split_height_g1_p4,case_067,1.272362833002262,mps,0,15218421,reoptimized,6048128,14886400,cce18458b3a5d656f81cad82e3d6fb9859d5becc9a8a06d68bc5f8780d352b85,267475200,True,timing,246540672,AI_VERIFIED,cache_bandwidth_double
