cache_hit_bytes,case,cores,evaluated_hit_candidate_count,fastest_hit_bytes,fastest_hit_candidate,fastest_hit_makespan,final_candidate,final_makespan,max_hit_bytes,max_hit_candidate,scene,zero_hit_final_with_hit_alternative
0.0,case_001,1,0.0,0.0,,nan,incumbent_base,233110.0,0.0,,C,False
0.0,case_001,2,0.0,0.0,,nan,incumbent_base,116868.0,0.0,,C,False
0.0,case_001,3,0.0,0.0,,nan,incumbent_base,78545.0,0.0,,C,False
0.0,case_001,4,0.0,0.0,,nan,incumbent_base,58984.0,0.0,,C,False
0.0,case_001,5,0.0,0.0,,nan,incumbent_base,47502.0,0.0,,C,False
1179648.0,case_002,1,1.0,1179648.0,incumbent_base,254213.0,incumbent_base,254213.0,1179648.0,incumbent_base,C,False
677376.0,case_002,2,3.0,677376.0,incumbent_aggregate,164754.0,incumbent_aggregate,164754.0,1179648.0,lower_core_base,C,False
640512.0,case_002,3,3.0,640512.0,r3_merge_g12_7,127539.0,r3_merge_g12_7,127539.0,677376.0,lower_core_base,C,False
387072.0,case_002,4,3.0,387072.0,incumbent_aggregate,119922.0,incumbent_aggregate,119922.0,640512.0,lower_core_base,C,False
396288.0,case_002,5,3.0,396288.0,event_timing_tid_1000000399_miss_2_bytes_9216_core_1,105055.0,event_timing_tid_1000000399_miss_2_bytes_9216_core_1,105055.0,396288.0,event_timing_tid_1000000399_miss_2_bytes_9216_core_1,C,False
0.0,case_003,1,0.0,0.0,,nan,incumbent_split_release_g2_p4,591743.0,0.0,,C,False
98438.0,case_003,2,2.0,98438.0,r1_split_g0_h0_c1_p0,531381.0,r1_split_g0_h0_c1_p0,531381.0,98438.0,r1_split_g0_h0_c1_p0,C,False
347016.0,case_003,3,3.0,347016.0,incumbent_disperse_group_tid_1000004544_group_11_core_2_pos_4,522594.0,incumbent_disperse_group_tid_1000004544_group_11_core_2_pos_4,522594.0,388104.0,incumbent_base,C,False
347016.0,case_003,4,3.0,347016.0,incumbent_disperse_group_tid_1000004544_group_11_core_2_pos_4,522594.0,incumbent_disperse_group_tid_1000004544_group_11_core_2_pos_4,522594.0,391816.0,event_timing_tid_1000000019_miss_2_bytes_256_core_3,C,False
773512.0,case_003,5,2.0,773512.0,incumbent_base,469516.0,incumbent_base,469516.0,773512.0,incumbent_base,C,False
377856.0,case_004,1,2.0,377856.0,incumbent_split_release_g1_p2,387184.0,incumbent_split_release_g1_p2,387184.0,377856.0,incumbent_split_release_g1_p2,C,False
0.0,case_004,2,1.0,377856.0,lower_core_base,387184.0,incumbent_base,199074.0,377856.0,lower_core_base,C,True
0.0,case_004,3,0.0,0.0,,nan,incumbent_base,134043.0,0.0,,C,False
0.0,case_004,4,0.0,0.0,,nan,incumbent_base,104188.0,0.0,,C,False
190464.0,case_004,5,1.0,190464.0,r2_boundary_n6_c2_p0,86005.0,r2_boundary_n6_c2_p0,86005.0,190464.0,r2_boundary_n6_c2_p0,C,False
0.0,case_005,1,0.0,0.0,,nan,incumbent_aggregate,93171.0,0.0,,C,False
23044.0,case_005,2,1.0,23044.0,r2_move_g6_c1_p0,93060.0,r2_move_g6_c1_p0,93060.0,23044.0,r2_move_g6_c1_p0,C,False
132008.0,case_005,3,3.0,132008.0,incumbent_split_release_g9_p4,86911.0,incumbent_split_release_g9_p4,86911.0,132008.0,incumbent_split_release_g9_p4,C,False
132008.0,case_005,4,2.0,132008.0,incumbent_split_release_g4_p4,86911.0,incumbent_split_release_g4_p4,86911.0,132008.0,incumbent_split_release_g4_p4,C,False
132008.0,case_005,5,2.0,132008.0,incumbent_split_release_g4_p4,86911.0,incumbent_split_release_g4_p4,86911.0,132008.0,incumbent_split_release_g4_p4,C,False
8192.0,case_006,1,3.0,8192.0,incumbent_aggregate,73949.0,incumbent_aggregate,73949.0,16384.0,C0_base,C,False
56192.0,case_006,2,5.0,56192.0,incumbent_split_release_g0_p4,41180.0,incumbent_split_release_g0_p4,41180.0,56192.0,incumbent_split_release_g0_p4,C,False
30080.0,case_006,3,4.0,30080.0,incumbent_base,31152.0,incumbent_base,31152.0,56192.0,lower_core_base,C,False
30080.0,case_006,4,3.0,30080.0,incumbent_base,31152.0,incumbent_base,31152.0,30080.0,incumbent_base,C,False
30080.0,case_006,5,3.0,30080.0,incumbent_base,31152.0,incumbent_base,31152.0,30080.0,incumbent_base,C,False
0.0,case_007,1,0.0,0.0,,nan,incumbent_base,1012562.0,0.0,,C,False
0.0,case_007,2,0.0,0.0,,nan,incumbent_base,507494.0,0.0,,C,False
0.0,case_007,3,0.0,0.0,,nan,incumbent_base,338094.0,0.0,,C,False
0.0,case_007,4,0.0,0.0,,nan,incumbent_base,254398.0,0.0,,C,False
0.0,case_007,5,0.0,0.0,,nan,incumbent_base,203834.0,0.0,,C,False
0.0,case_008,1,0.0,0.0,,nan,incumbent_base,269325.0,0.0,,C,False
0.0,case_008,2,0.0,0.0,,nan,incumbent_base,244266.0,0.0,,C,False
0.0,case_008,3,0.0,0.0,,nan,incumbent_base,163359.0,0.0,,C,False
0.0,case_008,4,0.0,0.0,,nan,incumbent_base,123060.0,0.0,,C,False
0.0,case_008,5,0.0,0.0,,nan,incumbent_base,100603.0,0.0,,C,False
0.0,case_009,1,0.0,0.0,,nan,incumbent_base,153201.0,0.0,,C,False
0.0,case_009,2,0.0,0.0,,nan,incumbent_base,92198.0,0.0,,C,False
38.0,case_009,3,1.0,38.0,incumbent_base,91278.0,incumbent_base,91278.0,38.0,incumbent_base,C,False
31308.0,case_009,4,2.0,31308.0,r2_split_g0_h1_c1_p1,90556.0,r2_split_g0_h1_c1_p1,90556.0,31308.0,r2_split_g0_h1_c1_p1,C,False
31308.0,case_009,5,3.0,31308.0,lower_core_base,90556.0,lower_core_base,90556.0,31308.0,r2_split_g0_h1_c3_p0,C,False
0.0,case_010,1,0.0,0.0,,nan,incumbent_split_release_g0_p4,79774.0,0.0,,C,False
48384.0,case_010,2,2.0,48384.0,incumbent_split_release_g0_p4,41774.0,incumbent_split_release_g0_p4,41774.0,48384.0,incumbent_split_release_g0_p4,C,False
44928.0,case_010,3,3.0,44928.0,r9_capacity_g1_back,30412.0,r9_capacity_g1_back,30412.0,48384.0,lower_core_base,C,False
65664.0,case_010,4,4.0,65664.0,incumbent_split_release_g3_p4,29845.0,incumbent_split_release_g3_p4,29845.0,65664.0,incumbent_split_release_g3_p4,C,False
65664.0,case_010,5,4.0,65664.0,incumbent_split_release_g2_p4,29845.0,incumbent_split_release_g2_p4,29845.0,67072.0,incumbent_disperse_tid_147_node_234_core_3_pos_0,C,False
0.0,case_011,1,0.0,0.0,,nan,incumbent_base,184697.0,0.0,,C,False
0.0,case_011,2,1.0,161792.0,incumbent_split_release_g0_p4,92646.0,incumbent_base,92646.0,161792.0,incumbent_split_release_g0_p4,C,True
987136.0,case_011,3,3.0,987136.0,incumbent_disperse_tid_1000000163_node_603_core_2_pos_2,68637.0,incumbent_disperse_tid_1000000163_node_603_core_2_pos_2,68637.0,987136.0,incumbent_disperse_tid_1000000163_node_603_core_2_pos_2,C,False
0.0,case_011,4,2.0,325632.0,incumbent_split_release_g0_p2,46880.0,incumbent_base,46880.0,987136.0,lower_core_base,C,True
1347584.0,case_011,5,2.0,1347584.0,C1_base,46777.0,C1_base,46777.0,1347584.0,C1_base,C,False
0.0,case_012,1,0.0,0.0,,nan,incumbent_aggregate,42239.0,0.0,,C,False
29376.0,case_012,2,3.0,29376.0,incumbent_split_height_g1_p4,29156.0,incumbent_split_height_g1_p4,29156.0,29376.0,incumbent_split_height_g1_p4,C,False
39168.0,case_012,3,4.0,39168.0,incumbent_disperse_tid_1868_node_1920_core_1_pos_0,20561.0,incumbent_disperse_tid_1868_node_1920_core_1_pos_0,20561.0,39168.0,incumbent_disperse_tid_1868_node_1920_core_1_pos_0,C,False
49536.0,case_012,4,4.0,49536.0,incumbent_split_release_g1_p2,15705.0,incumbent_split_release_g1_p2,15705.0,49536.0,incumbent_split_release_g1_p2,C,False
41280.0,case_012,5,4.0,41280.0,event_timing_tid_1766_miss_2_bytes_12288_front,13406.0,event_timing_tid_1766_miss_2_bytes_12288_front,13406.0,49536.0,lower_core_base,C,False
0.0,case_013,1,0.0,0.0,,nan,incumbent_base,263949.0,0.0,,C,False
0.0,case_013,2,0.0,0.0,,nan,incumbent_base,132198.0,0.0,,C,False
0.0,case_013,3,0.0,0.0,,nan,incumbent_base,88351.0,0.0,,C,False
0.0,case_013,4,0.0,0.0,,nan,incumbent_base,66982.0,0.0,,C,False
30720.0,case_013,5,2.0,30720.0,r2_order_release_core_3,53418.0,r2_order_release_core_3,53418.0,30720.0,r2_order_release_core_3,C,False
9944064.0,case_014,1,1.0,9944064.0,incumbent_base,17689602.0,incumbent_base,17689602.0,9944064.0,incumbent_base,C,False
18627072.0,case_014,2,2.0,18627072.0,incumbent_base,8888616.0,incumbent_base,8888616.0,18627072.0,incumbent_base,C,False
25331592.0,case_014,3,3.0,25331592.0,incumbent_base,5942569.0,incumbent_base,5942569.0,25331592.0,incumbent_base,C,False
25165248.0,case_014,4,3.0,25165248.0,incumbent_base,4500714.0,incumbent_base,4500714.0,25331592.0,lower_core_base,C,False
26205696.0,case_014,5,3.0,26205696.0,incumbent_base,3672221.0,incumbent_base,3672221.0,26295288.0,incumbent_disperse_tid_1000001333_node_3123_core_4_pos_0,C,False
204800.0,case_015,1,3.0,204800.0,incumbent_aggregate,167630.0,incumbent_aggregate,167630.0,204800.0,incumbent_base,C,False
199936.0,case_015,2,5.0,199936.0,incumbent_split_release_g0_p4,87390.0,incumbent_split_release_g0_p4,87390.0,224512.0,C1_base,C,False
290048.0,case_015,3,3.0,290048.0,incumbent_base,60578.0,incumbent_base,60578.0,290048.0,incumbent_base,C,False
260480.0,case_015,4,5.0,260480.0,event_timing_tid_3_miss_2_bytes_65536_front,48669.0,event_timing_tid_3_miss_2_bytes_65536_front,48669.0,290048.0,lower_core_base,C,False
303616.0,case_015,5,5.0,303616.0,event_timing_tid_9_miss_2_bytes_65536_front,42872.0,event_timing_tid_9_miss_2_bytes_65536_front,42872.0,303616.0,incumbent_base,C,False
0.0,case_016,1,0.0,0.0,,nan,incumbent_base,7715523.0,0.0,,C,False
0.0,case_016,2,1.0,393216.0,r1_boundary_n4525_c1_p0,7716031.0,incumbent_base,7712915.0,393216.0,r1_boundary_n4525_c1_p0,C,True
0.0,case_016,3,1.0,196608.0,incumbent_disperse_tid_1000000001_node_13_core_1_pos_0,7713507.0,incumbent_base,7712915.0,196608.0,incumbent_disperse_tid_1000000001_node_13_core_1_pos_0,C,True
425984.0,case_016,4,2.0,425984.0,incumbent_disperse_tid_1000002265_node_2259_core_1_pos_0,7706472.0,incumbent_disperse_tid_1000002265_node_2259_core_1_pos_0,7706472.0,425984.0,incumbent_disperse_tid_1000002265_node_2259_core_1_pos_0,C,False
425984.0,case_016,5,2.0,425984.0,incumbent_disperse_tid_1000002265_node_2259_core_1_pos_0,7706472.0,incumbent_disperse_tid_1000002265_node_2259_core_1_pos_0,7706472.0,425984.0,incumbent_disperse_tid_1000002265_node_2259_core_1_pos_0,C,False
22528.0,case_017,1,3.0,22528.0,incumbent_aggregate,149367.0,incumbent_aggregate,149367.0,22528.0,incumbent_aggregate,C,False
8064.0,case_017,2,4.0,8064.0,incumbent_base,81772.0,incumbent_base,81772.0,95744.0,C1_base,C,False
97792.0,case_017,3,5.0,97792.0,incumbent_disperse_tid_2964_node_2968_core_2_pos_0,55154.0,incumbent_disperse_tid_2964_node_2968_core_2_pos_0,55154.0,175104.0,C1_base,C,False
251136.0,case_017,4,5.0,251136.0,event_timing_tid_2877_miss_2_bytes_4608_front,41209.0,event_timing_tid_2877_miss_2_bytes_4608_front,41209.0,251136.0,incumbent_base,C,False
188928.0,case_017,5,5.0,188928.0,event_timing_tid_3_miss_3_bytes_73728_front,34231.0,event_timing_tid_3_miss_3_bytes_73728_front,34231.0,322560.0,C1_base,C,False
73728.0,case_018,1,3.0,73728.0,incumbent_aggregate,990647.0,incumbent_aggregate,990647.0,1224704.0,C0_base,C,False
2450432.0,case_018,2,5.0,2450432.0,incumbent_base,502571.0,incumbent_base,502571.0,2450432.0,incumbent_base,C,False
3557376.0,case_018,3,5.0,3557376.0,event_timing_tid_2017_miss_2_bytes_16384_front,338488.0,event_timing_tid_2017_miss_2_bytes_16384_front,338488.0,3557376.0,incumbent_base,C,False
3673088.0,case_018,4,5.0,3673088.0,event_timing_tid_1990_miss_3_bytes_24576_front,253384.0,event_timing_tid_1990_miss_3_bytes_24576_front,253384.0,3677952.0,C1_base,C,False
3969664.0,case_018,5,5.0,3969664.0,event_timing_tid_1951_miss_4_bytes_32768_front,201659.0,event_timing_tid_1951_miss_4_bytes_32768_front,201659.0,4059136.0,C1_base,C,False
0.0,case_019,1,0.0,0.0,,nan,incumbent_base,70264.0,0.0,,C,False
27168.0,case_019,2,3.0,27168.0,incumbent_split_height_g0_p4,39509.0,incumbent_split_height_g0_p4,39509.0,27168.0,incumbent_split_height_g0_p4,C,False
54336.0,case_019,3,4.0,54336.0,incumbent_split_release_g0_p4,26572.0,incumbent_split_release_g0_p4,26572.0,54336.0,incumbent_split_release_g0_p4,C,False
48160.0,case_019,4,4.0,48160.0,incumbent_disperse_tid_697_node_698_core_3_pos_0,23835.0,incumbent_disperse_tid_697_node_698_core_3_pos_0,23835.0,54336.0,lower_core_base,C,False
48160.0,case_019,5,3.0,48160.0,incumbent_disperse_tid_697_node_698_core_3_pos_0,23835.0,incumbent_disperse_tid_697_node_698_core_3_pos_0,23835.0,48160.0,incumbent_disperse_tid_697_node_698_core_3_pos_0,C,False
0.0,case_020,1,0.0,0.0,,nan,incumbent_base,532746.0,0.0,,C,False
0.0,case_020,2,0.0,0.0,,nan,incumbent_base,266580.0,0.0,,C,False
0.0,case_020,3,0.0,0.0,,nan,incumbent_base,177950.0,0.0,,C,False
0.0,case_020,4,0.0,0.0,,nan,incumbent_base,133704.0,0.0,,C,False
0.0,case_020,5,0.0,0.0,,nan,incumbent_base,107650.0,0.0,,C,False
3432448.0,case_021,1,1.0,3432448.0,incumbent_base,6558837.0,incumbent_base,6558837.0,3432448.0,incumbent_base,C,False
1204224.0,case_021,2,2.0,1204224.0,incumbent_base,3193634.0,incumbent_base,3193634.0,3432448.0,C0_base,C,False
5926912.0,case_021,3,4.0,5926912.0,incumbent_split_topo_g1_p4,2142612.0,incumbent_split_topo_g1_p4,2142612.0,5926912.0,incumbent_split_topo_g1_p4,C,False
0.0,case_021,4,2.0,5926912.0,lower_core_base,2142612.0,incumbent_base,1550324.0,5926912.0,lower_core_base,C,True
7858176.0,case_021,5,2.0,7858176.0,incumbent_base,1249380.0,incumbent_base,1249380.0,7858176.0,incumbent_base,C,False
29696.0,case_022,1,2.0,29696.0,incumbent_split_release_g1_p4,54591.0,incumbent_split_release_g1_p4,54591.0,29696.0,incumbent_split_release_g1_p4,C,False
6912.0,case_022,2,3.0,6912.0,incumbent_base,28324.0,incumbent_base,28324.0,29696.0,lower_core_base,C,False
13824.0,case_022,3,4.0,13824.0,incumbent_split_height_g0_p4,18965.0,incumbent_split_height_g0_p4,18965.0,13824.0,incumbent_split_height_g0_p4,C,False
13824.0,case_022,4,4.0,13824.0,incumbent_split_height_g0_p4,14275.0,incumbent_split_height_g0_p4,14275.0,13824.0,incumbent_split_height_g0_p4,C,False
20736.0,case_022,5,3.0,20736.0,incumbent_base,11824.0,incumbent_base,11824.0,27648.0,C1_base,C,False
6144.0,case_023,1,2.0,6144.0,incumbent_aggregate,93197.0,incumbent_aggregate,93197.0,6144.0,incumbent_aggregate,C,False
84096.0,case_023,2,3.0,84096.0,incumbent_split_topo_g1_p2,60171.0,incumbent_split_topo_g1_p2,60171.0,84096.0,incumbent_split_topo_g1_p2,C,False
207552.0,case_023,3,2.0,207552.0,incumbent_base,40897.0,incumbent_base,40897.0,207552.0,incumbent_base,C,False
281280.0,case_023,4,3.0,281280.0,incumbent_base,30142.0,incumbent_base,30142.0,281280.0,incumbent_base,C,False
148032.0,case_023,5,4.0,148032.0,event_timing_tid_1038_miss_3_bytes_73728_front,24517.0,event_timing_tid_1038_miss_3_bytes_73728_front,24517.0,281280.0,lower_core_base,C,False
0.0,case_024,1,0.0,0.0,,nan,incumbent_base,2555343.0,0.0,,C,False
0.0,case_024,2,1.0,196608.0,incumbent_disperse_tid_1000000001_node_13_core_1_pos_0,2553327.0,incumbent_base,2552735.0,196608.0,incumbent_disperse_tid_1000000001_node_13_core_1_pos_0,C,True
0.0,case_024,3,1.0,196608.0,incumbent_disperse_tid_1000000001_node_13_core_1_pos_0,2553327.0,incumbent_base,2552735.0,196608.0,incumbent_disperse_tid_1000000001_node_13_core_1_pos_0,C,True
0.0,case_024,4,1.0,196608.0,incumbent_disperse_tid_1000000001_node_13_core_1_pos_0,2553327.0,incumbent_base,2552735.0,196608.0,incumbent_disperse_tid_1000000001_node_13_core_1_pos_0,C,True
819200.0,case_024,5,2.0,819200.0,incumbent_base,2538844.0,incumbent_base,2538844.0,884738.0,incumbent_disperse_tid_1000000613_node_607_core_3_pos_0,C,False
0.0,case_025,1,0.0,0.0,,nan,incumbent_base,4863026.0,0.0,,C,False
0.0,case_025,2,1.0,19968.0,incumbent_disperse_tid_1000000003_node_30_core_0_pos_0,2432402.0,incumbent_base,2431840.0,19968.0,incumbent_disperse_tid_1000000003_node_30_core_0_pos_0,C,True
29184.0,case_025,3,1.0,29184.0,incumbent_disperse_tid_1000000003_node_30_core_2_pos_0,1622138.0,incumbent_disperse_tid_1000000003_node_30_core_2_pos_0,1622138.0,29184.0,incumbent_disperse_tid_1000000003_node_30_core_2_pos_0,C,False
0.0,case_025,4,1.0,29184.0,lower_core_base,1622138.0,incumbent_base,1217444.0,29184.0,lower_core_base,C,True
0.0,case_025,5,0.0,0.0,,nan,incumbent_base,974747.0,0.0,,C,False
114688.0,case_026,1,2.0,114688.0,incumbent_split_release_g3_p4,88492.0,incumbent_split_release_g3_p4,88492.0,139264.0,incumbent_base,C,False
21936.0,case_026,2,4.0,21936.0,incumbent_split_topo_g0_p4,51429.0,incumbent_split_topo_g0_p4,51429.0,114688.0,lower_core_base,C,False
95664.0,case_026,3,3.0,95664.0,incumbent_base,41665.0,incumbent_base,41665.0,95664.0,incumbent_base,C,False
95664.0,case_026,4,2.0,95664.0,incumbent_base,41665.0,incumbent_base,41665.0,95664.0,incumbent_base,C,False
95664.0,case_026,5,2.0,95664.0,incumbent_base,41665.0,incumbent_base,41665.0,95664.0,incumbent_base,C,False
217088.0,case_027,1,2.0,217088.0,incumbent_base,2304836.0,incumbent_base,2304836.0,872448.0,incumbent_aggregate,C,False
319488.0,case_027,2,3.0,319488.0,incumbent_base,1120962.0,incumbent_base,1120962.0,872448.0,C0_base,C,False
3043328.0,case_027,3,5.0,3043328.0,r2_boundary_n629_c1_p0,831365.0,r2_boundary_n629_c1_p0,831365.0,3043328.0,r2_boundary_n629_c1_p0,C,False
0.0,case_027,4,3.0,1966080.0,incumbent_split_height_g1_p4,559196.0,incumbent_base,559196.0,3043328.0,lower_core_base,C,True
899072.0,case_027,5,4.0,899072.0,r2_capacity_g1_front,552561.0,r2_capacity_g1_front,552561.0,899072.0,r2_capacity_g1_front,C,False
101469696.0,case_028,1,2.0,101469696.0,incumbent_base,41700132.0,incumbent_base,41700132.0,101469696.0,incumbent_base,C,False
1319688.0,case_028,2,2.0,1319688.0,incumbent_base,23615145.0,incumbent_base,23615145.0,101469696.0,lower_core_base,C,False
0.0,case_028,3,1.0,1319688.0,lower_core_base,23615145.0,incumbent_base,16770711.0,1319688.0,lower_core_base,C,True
743688.0,case_028,4,1.0,743688.0,incumbent_base,13585418.0,incumbent_base,13585418.0,743688.0,incumbent_base,C,False
39478176.0,case_028,5,3.0,39478176.0,incumbent_split_height_g3_p4,10636977.0,incumbent_split_height_g3_p4,10636977.0,39478176.0,incumbent_split_height_g3_p4,C,False
0.0,case_029,1,0.0,0.0,,nan,incumbent_base,37555.0,0.0,,C,False
0.0,case_029,2,0.0,0.0,,nan,incumbent_base,19740.0,0.0,,C,False
0.0,case_029,3,0.0,0.0,,nan,incumbent_base,12743.0,0.0,,C,False
0.0,case_029,4,0.0,0.0,,nan,incumbent_base,11028.0,0.0,,C,False
0.0,case_029,5,0.0,0.0,,nan,incumbent_base,9383.0,0.0,,C,False
2100224.0,case_030,1,2.0,2100224.0,incumbent_split_topo_g0_p2,2806776.0,incumbent_split_topo_g0_p2,2806776.0,2100224.0,incumbent_split_topo_g0_p2,C,False
3849216.0,case_030,2,3.0,3849216.0,incumbent_base,1398912.0,incumbent_base,1398912.0,3849216.0,incumbent_base,C,False
6359040.0,case_030,3,5.0,6359040.0,incumbent_disperse_tid_1000004491_node_4271_core_1_pos_0,932731.0,incumbent_disperse_tid_1000004491_node_4271_core_1_pos_0,932731.0,6359040.0,incumbent_disperse_tid_1000004491_node_4271_core_1_pos_0,C,False
5324800.0,case_030,4,4.0,5324800.0,incumbent_base,699694.0,incumbent_base,699694.0,6359040.0,lower_core_base,C,False
7201280.0,case_030,5,4.0,7201280.0,incumbent_disperse_tid_1000000001_node_44_core_4_pos_0,559025.0,incumbent_disperse_tid_1000000001_node_44_core_4_pos_0,559025.0,7201280.0,incumbent_disperse_tid_1000000001_node_44_core_4_pos_0,C,False
1479168.0,case_031,1,1.0,1479168.0,incumbent_base,1414159.0,incumbent_base,1414159.0,1479168.0,incumbent_base,C,False
1718784.0,case_031,2,4.0,1718784.0,incumbent_split_topo_g1_p4,706497.0,incumbent_split_topo_g1_p4,706497.0,3201024.0,incumbent_base,C,False
4838400.0,case_031,3,4.0,4838400.0,incumbent_base,473000.0,incumbent_base,473000.0,4838400.0,incumbent_base,C,False
4947456.0,case_031,4,5.0,4947456.0,event_timing_tid_1000000689_miss_5_bytes_30720_front,355839.0,event_timing_tid_1000000689_miss_5_bytes_30720_front,355839.0,4947456.0,incumbent_base,C,False
5377536.0,case_031,5,5.0,5377536.0,event_timing_tid_1000000735_miss_5_bytes_30720_front,284489.0,event_timing_tid_1000000735_miss_5_bytes_30720_front,284489.0,5377536.0,incumbent_base,C,False
0.0,case_032,1,1.0,10240.0,incumbent_base,34141.0,incumbent_aggregate,34141.0,10240.0,incumbent_base,C,True
6216.0,case_032,2,3.0,6216.0,incumbent_split_height_g0_p4,20711.0,incumbent_split_height_g0_p4,20711.0,6216.0,incumbent_split_height_g0_p4,C,False
12432.0,case_032,3,4.0,12432.0,incumbent_base,14175.0,incumbent_base,14175.0,16968.0,incumbent_disperse_tid_1227_node_1231_core_2_pos_0,C,False
18576.0,case_032,4,4.0,18576.0,incumbent_base,11004.0,incumbent_base,11004.0,18576.0,incumbent_base,C,False
12432.0,case_032,5,3.0,12432.0,incumbent_base,10479.0,incumbent_base,10479.0,18576.0,lower_core_base,C,False
720384.0,case_033,1,1.0,720384.0,incumbent_base,1774080.0,incumbent_base,1774080.0,720384.0,incumbent_base,C,False
3358752.0,case_033,2,4.0,3358752.0,event_timing_tid_1108_miss_4_bytes_24576_front,887951.0,event_timing_tid_1108_miss_4_bytes_24576_front,887951.0,3358752.0,incumbent_base,C,False
3780672.0,case_033,3,5.0,3780672.0,event_timing_tid_1201_miss_4_bytes_24576_front,590152.0,event_timing_tid_1201_miss_4_bytes_24576_front,590152.0,4017216.0,C1_base,C,False
4216416.0,case_033,4,5.0,4216416.0,incumbent_disperse_tid_1603_node_5085_core_2_pos_0,441850.0,incumbent_disperse_tid_1603_node_5085_core_2_pos_0,441850.0,4311648.0,incumbent_base,C,False
3348096.0,case_033,5,5.0,3348096.0,event_timing_tid_1057_miss_4_bytes_24576_front,354514.0,event_timing_tid_1057_miss_4_bytes_24576_front,354514.0,4216416.0,lower_core_base,C,False
599040.0,case_034,1,2.0,599040.0,incumbent_split_topo_g0_p4,841851.0,incumbent_split_topo_g0_p4,841851.0,1038336.0,incumbent_base,C,False
1615872.0,case_034,2,3.0,1615872.0,incumbent_base,417777.0,incumbent_base,417777.0,1615872.0,incumbent_base,C,False
2798080.0,case_034,3,5.0,2798080.0,event_timing_tid_7797_miss_2_bytes_9216_front,276560.0,event_timing_tid_7797_miss_2_bytes_9216_front,276560.0,2798080.0,incumbent_base,C,False
2751488.0,case_034,4,5.0,2751488.0,event_timing_tid_7797_miss_2_bytes_9216_front,212170.0,event_timing_tid_7797_miss_2_bytes_9216_front,212170.0,3169280.0,C1_base,C,False
3462656.0,case_034,5,5.0,3462656.0,incumbent_disperse_tid_7812_node_7942_core_4_pos_0,168887.0,incumbent_disperse_tid_7812_node_7942_core_4_pos_0,168887.0,3462656.0,incumbent_disperse_tid_7812_node_7942_core_4_pos_0,C,False
0.0,case_035,1,0.0,0.0,,nan,incumbent_split_topo_g1_p4,168511.0,0.0,,C,False
0.0,case_035,2,0.0,0.0,,nan,incumbent_base,95406.0,0.0,,C,False
0.0,case_035,3,0.0,0.0,,nan,incumbent_base,95406.0,0.0,,C,False
0.0,case_035,4,0.0,0.0,,nan,incumbent_base,95406.0,0.0,,C,False
0.0,case_035,5,0.0,0.0,,nan,incumbent_base,95406.0,0.0,,C,False
0.0,case_036,1,0.0,0.0,,nan,incumbent_base,931510.0,0.0,,C,False
0.0,case_036,2,0.0,0.0,,nan,incumbent_base,466068.0,0.0,,C,False
0.0,case_036,3,0.0,0.0,,nan,incumbent_base,311345.0,0.0,,C,False
0.0,case_036,4,0.0,0.0,,nan,incumbent_base,233584.0,0.0,,C,False
0.0,case_036,5,0.0,0.0,,nan,incumbent_base,187182.0,0.0,,C,False
0.0,case_037,1,0.0,0.0,,nan,incumbent_base,210001.0,0.0,,C,False
0.0,case_037,2,1.0,28672.0,incumbent_split_topo_g0_p4,105374.0,incumbent_base,105374.0,28672.0,incumbent_split_topo_g0_p4,C,True
942080.0,case_037,3,2.0,942080.0,incumbent_base,74038.0,incumbent_base,74038.0,944128.0,incumbent_split_height_g2_p4,C,False
0.0,case_037,4,1.0,942080.0,lower_core_base,74038.0,incumbent_base,53320.0,942080.0,lower_core_base,C,True
1579008.0,case_037,5,1.0,1579008.0,incumbent_base,43013.0,incumbent_base,43013.0,1579008.0,incumbent_base,C,False
2082816.0,case_038,1,2.0,2082816.0,incumbent_split_topo_g0_p4,1359544.0,incumbent_split_topo_g0_p4,1359544.0,2082816.0,incumbent_split_topo_g0_p4,C,False
2436096.0,case_038,2,5.0,2436096.0,incumbent_split_topo_g1_p4,674381.0,incumbent_split_topo_g1_p4,674381.0,2672640.0,incumbent_base,C,False
3892224.0,case_038,3,5.0,3892224.0,event_timing_tid_1000003446_miss_2_bytes_65536_front,452022.0,event_timing_tid_1000003446_miss_2_bytes_65536_front,452022.0,3892224.0,incumbent_base,C,False
4257280.0,case_038,4,5.0,4257280.0,event_timing_tid_1000003448_miss_4_bytes_131072_front,337813.0,event_timing_tid_1000003448_miss_4_bytes_131072_front,337813.0,4257280.0,incumbent_base,C,False
5265408.0,case_038,5,5.0,5265408.0,event_timing_tid_1000003446_miss_2_bytes_65536_front,272533.0,event_timing_tid_1000003446_miss_2_bytes_65536_front,272533.0,5265408.0,incumbent_base,C,False
40960.0,case_039,1,1.0,40960.0,incumbent_split_topo_g0_p4,1426335.0,incumbent_split_topo_g0_p4,1426335.0,40960.0,incumbent_split_topo_g0_p4,C,False
6033408.0,case_039,2,3.0,6033408.0,incumbent_split_topo_g1_p4,703954.0,incumbent_split_topo_g1_p4,703954.0,6033408.0,incumbent_split_topo_g1_p4,C,False
7286784.0,case_039,3,3.0,7286784.0,r2_boundary_n651_c2_p0,482066.0,r2_boundary_n651_c2_p0,482066.0,7286784.0,r2_boundary_n651_c2_p0,C,False
10428416.0,case_039,4,3.0,10428416.0,incumbent_base,368055.0,incumbent_base,368055.0,10493952.0,incumbent_split_topo_g3_p4,C,False
9154560.0,case_039,5,3.0,9154560.0,C1_base,340476.0,C1_base,340476.0,10428416.0,incumbent_base,C,False
8192.0,case_040,1,2.0,8192.0,incumbent_split_height_g1_p4,249653.0,incumbent_split_height_g1_p4,249653.0,8192.0,incumbent_split_height_g1_p4,C,False
53760.0,case_040,2,3.0,53760.0,incumbent_disperse_tid_12_node_163_core_0_pos_0,137487.0,incumbent_disperse_tid_12_node_163_core_0_pos_0,137487.0,53760.0,incumbent_disperse_tid_12_node_163_core_0_pos_0,C,False
12288.0,case_040,3,2.0,12288.0,incumbent_disperse_tid_3_node_22_core_2_pos_0,140543.0,incumbent_disperse_tid_3_node_22_core_2_pos_0,140543.0,12288.0,incumbent_disperse_tid_3_node_22_core_2_pos_0,C,False
24714.0,case_040,4,2.0,24714.0,r2_split_g0_h1_c2_p1,136073.0,r2_split_g0_h1_c2_p1,136073.0,24714.0,r2_split_g0_h1_c2_p1,C,False
12288.0,case_040,5,2.0,12288.0,incumbent_disperse_tid_12_node_37_core_2_pos_0,140543.0,incumbent_disperse_tid_12_node_37_core_2_pos_0,140543.0,12288.0,incumbent_disperse_tid_12_node_37_core_2_pos_0,C,False
3643392.0,case_041,1,1.0,3643392.0,incumbent_base,6001575.0,incumbent_base,6001575.0,3643392.0,incumbent_base,C,False
6100992.0,case_041,2,2.0,6100992.0,incumbent_base,2981318.0,incumbent_base,2981318.0,6100992.0,incumbent_base,C,False
10368000.0,case_041,3,5.0,10368000.0,event_timing_tid_1000000409_miss_9_bytes_55296_front,1989953.0,event_timing_tid_1000000409_miss_9_bytes_55296_front,1989953.0,10564608.0,C1_base,C,False
9492480.0,case_041,4,3.0,9492480.0,incumbent_base,1494017.0,incumbent_base,1494017.0,10368000.0,lower_core_base,C,False
14902272.0,case_041,5,5.0,14902272.0,event_timing_tid_1000010481_miss_10_bytes_61440_front,1194643.0,event_timing_tid_1000010481_miss_10_bytes_61440_front,1194643.0,14902272.0,incumbent_base,C,False
2866176.0,case_042,1,1.0,2866176.0,incumbent_base,1675633.0,incumbent_base,1675633.0,2866176.0,incumbent_base,C,False
3308064.0,case_042,2,4.0,3308064.0,incumbent_disperse_tid_1000005495_node_5021_core_1_pos_1,843098.0,incumbent_disperse_tid_1000005495_node_5021_core_1_pos_1,843098.0,3308064.0,incumbent_disperse_tid_1000005495_node_5021_core_1_pos_1,C,False
4636224.0,case_042,3,5.0,4636224.0,event_timing_tid_1000000109_miss_4_bytes_24576_front,561628.0,event_timing_tid_1000000109_miss_4_bytes_24576_front,561628.0,4900128.0,C1_base,C,False
4710240.0,case_042,4,5.0,4710240.0,event_timing_tid_1000000249_miss_5_bytes_30720_front,423652.0,event_timing_tid_1000000249_miss_5_bytes_30720_front,423652.0,4710240.0,incumbent_base,C,False
6196800.0,case_042,5,5.0,6196800.0,event_timing_tid_1000000139_miss_5_bytes_30720_front,339457.0,event_timing_tid_1000000139_miss_5_bytes_30720_front,339457.0,6196800.0,incumbent_base,C,False
86788.0,case_043,1,3.0,86788.0,incumbent_split_release_g3_p4,656100.0,incumbent_split_release_g3_p4,656100.0,86788.0,incumbent_split_release_g3_p4,C,False
417792.0,case_043,2,3.0,417792.0,incumbent_base,347613.0,incumbent_base,347613.0,417792.0,incumbent_base,C,False
141312.0,case_043,3,5.0,141312.0,incumbent_split_release_g0_p4,265478.0,incumbent_split_release_g0_p4,265478.0,417792.0,lower_core_base,C,False
348160.0,case_043,4,3.0,348160.0,incumbent_base,295497.0,incumbent_base,295497.0,381952.0,incumbent_split_height_g2_p4,C,False
348160.0,case_043,5,3.0,348160.0,incumbent_base,295497.0,incumbent_base,295497.0,381952.0,incumbent_split_height_g2_p4,C,False
0.0,case_044,1,1.0,4408416.0,C0_base,107814.0,incumbent_base,88538.0,4408416.0,C0_base,C,True
576.0,case_044,2,4.0,576.0,r9_capacity_g1_front,67862.0,r9_capacity_g1_front,67862.0,4408416.0,C0_base,C,False
576.0,case_044,3,4.0,576.0,lower_core_base,67862.0,lower_core_base,67862.0,4408416.0,C0_base,C,False
576.0,case_044,4,4.0,576.0,lower_core_base,67862.0,lower_core_base,67862.0,4408416.0,C0_base,C,False
0.0,case_044,5,4.0,576.0,lower_core_base,67862.0,r10_boundary_n71_c2_p0,63439.0,4408416.0,C0_base,C,True
0.0,case_045,1,0.0,0.0,,nan,incumbent_base,125614.0,0.0,,C,False
4096.0,case_045,2,1.0,4096.0,incumbent_disperse_tid_1000000050_node_49_core_1_pos_0,63052.0,incumbent_disperse_tid_1000000050_node_49_core_1_pos_0,63052.0,4096.0,incumbent_disperse_tid_1000000050_node_49_core_1_pos_0,C,False
0.0,case_045,3,1.0,4096.0,lower_core_base,63052.0,incumbent_base,42601.0,4096.0,lower_core_base,C,True
0.0,case_045,4,0.0,0.0,,nan,incumbent_base,31878.0,0.0,,C,False
0.0,case_045,5,0.0,0.0,,nan,incumbent_base,26164.0,0.0,,C,False
0.0,case_046,1,1.0,3120992.0,C0_base,244994.0,incumbent_base,226233.0,3120992.0,C0_base,C,True
2207872.0,case_046,2,3.0,2207872.0,incumbent_split_height_g0_p4,125148.0,incumbent_split_height_g0_p4,125148.0,3120992.0,C0_base,C,False
2134112.0,case_046,3,4.0,2134112.0,incumbent_split_height_g0_p4,106079.0,incumbent_split_height_g0_p4,106079.0,3120992.0,C0_base,C,False
1673632.0,case_046,4,4.0,1673632.0,incumbent_split_height_g0_p2,98844.0,incumbent_split_height_g0_p2,98844.0,3120992.0,C0_base,C,False
1673632.0,case_046,5,5.0,1673632.0,lower_core_base,98844.0,lower_core_base,98844.0,3120992.0,C0_base,C,False
0.0,case_047,1,0.0,0.0,,nan,incumbent_split_release_g2_p4,322738.0,0.0,,C,False
51714.0,case_047,2,1.0,51714.0,incumbent_base,321355.0,incumbent_base,321355.0,51714.0,incumbent_base,C,False
0.0,case_047,3,0.0,0.0,,nan,incumbent_split_height_g0_p4,324264.0,0.0,,C,False
165444.0,case_047,4,1.0,165444.0,incumbent_base,314754.0,incumbent_base,314754.0,165444.0,incumbent_base,C,False
280.0,case_047,5,2.0,280.0,incumbent_split_height_g1_p4,315056.0,incumbent_split_height_g1_p4,315056.0,280.0,incumbent_split_height_g1_p4,C,False
0.0,case_048,1,0.0,0.0,,nan,incumbent_base,222220.0,0.0,,C,False
24580.0,case_048,2,2.0,24580.0,incumbent_aggregate_tid_1000001920,219037.0,incumbent_aggregate_tid_1000001920,219037.0,24580.0,incumbent_aggregate_tid_1000001920,C,False
65286.0,case_048,3,2.0,65286.0,incumbent_base,218419.0,incumbent_base,218419.0,65286.0,incumbent_base,C,False
65286.0,case_048,4,2.0,65286.0,incumbent_base,218419.0,incumbent_base,218419.0,65290.0,event_timing_tid_1000000009_miss_2_bytes_4_core_3,C,False
90766.0,case_048,5,3.0,90766.0,incumbent_split_topo_g30_p4,215393.0,incumbent_split_topo_g30_p4,215393.0,90766.0,incumbent_split_topo_g30_p4,C,False
0.0,case_049,1,0.0,0.0,,nan,incumbent_split_height_g1_p4,194548.0,0.0,,C,False
0.0,case_049,2,0.0,0.0,,nan,incumbent_base,160206.0,0.0,,C,False
0.0,case_049,3,0.0,0.0,,nan,incumbent_base,160206.0,0.0,,C,False
0.0,case_049,4,0.0,0.0,,nan,incumbent_base,160206.0,0.0,,C,False
0.0,case_049,5,0.0,0.0,,nan,incumbent_base,160206.0,0.0,,C,False
24580.0,case_050,1,2.0,24580.0,incumbent_split_height_g3_p4,148876.0,incumbent_split_height_g3_p4,148876.0,24580.0,incumbent_split_height_g3_p4,C,False
11648.0,case_050,2,3.0,11648.0,incumbent_disperse_tid_9224_node_9231_core_1_pos_0,107981.0,incumbent_disperse_tid_9224_node_9231_core_1_pos_0,107981.0,24580.0,lower_core_base,C,False
11648.0,case_050,3,2.0,11648.0,incumbent_disperse_tid_9224_node_9231_core_1_pos_0,107981.0,incumbent_disperse_tid_9224_node_9231_core_1_pos_0,107981.0,11648.0,incumbent_disperse_tid_9224_node_9231_core_1_pos_0,C,False
3532.0,case_050,4,4.0,3532.0,incumbent_split_height_g2_p4,107658.0,incumbent_split_height_g2_p4,107658.0,11648.0,lower_core_base,C,False
3532.0,case_050,5,3.0,3532.0,incumbent_split_height_g2_p4,107658.0,incumbent_split_height_g2_p4,107658.0,3532.0,incumbent_split_height_g2_p4,C,False
0.0,case_051,1,0.0,0.0,,nan,incumbent_base,607628.0,0.0,,C,False
0.0,case_051,2,0.0,0.0,,nan,incumbent_base,607628.0,0.0,,C,False
0.0,case_051,3,0.0,0.0,,nan,incumbent_base,607628.0,0.0,,C,False
393216.0,case_051,4,1.0,393216.0,incumbent_base,541017.0,incumbent_base,541017.0,393216.0,incumbent_base,C,False
393216.0,case_051,5,1.0,393216.0,incumbent_base,541017.0,incumbent_base,541017.0,393216.0,incumbent_base,C,False
0.0,case_052,1,0.0,0.0,,nan,incumbent_aggregate,158577.0,0.0,,C,False
102912.0,case_052,2,2.0,102912.0,incumbent_base,90903.0,incumbent_base,90903.0,102912.0,incumbent_base,C,False
181248.0,case_052,3,3.0,181248.0,incumbent_base,61071.0,incumbent_base,61071.0,181248.0,incumbent_base,C,False
176640.0,case_052,4,4.0,176640.0,event_timing_tid_2287_miss_3_bytes_41472_front,45610.0,event_timing_tid_2287_miss_3_bytes_41472_front,45610.0,250368.0,C1_base,C,False
296448.0,case_052,5,4.0,296448.0,event_timing_tid_2290_miss_2_bytes_27648_front,37387.0,event_timing_tid_2290_miss_2_bytes_27648_front,37387.0,296448.0,incumbent_base,C,False
2613792.0,case_053,1,3.0,2613792.0,r1_merge_g2_3,1421619.0,r1_merge_g2_3,1421619.0,5155968.0,C0_base,C,False
3190336.0,case_053,2,4.0,3190336.0,incumbent_split_height_g1_p4,759346.0,incumbent_split_height_g1_p4,759346.0,5155968.0,C0_base,C,False
3570304.0,case_053,3,5.0,3570304.0,incumbent_split_height_g2_p4,491765.0,incumbent_split_height_g2_p4,491765.0,5155968.0,C0_base,C,False
3570304.0,case_053,4,4.0,3570304.0,lower_core_base,491765.0,lower_core_base,491765.0,5155968.0,C0_base,C,False
3570304.0,case_053,5,4.0,3570304.0,lower_core_base,491765.0,lower_core_base,491765.0,5155968.0,C0_base,C,False
2.0,case_054,1,1.0,2.0,incumbent_split_height_g2_p4,792519.0,incumbent_split_height_g2_p4,792519.0,2.0,incumbent_split_height_g2_p4,C,False
0.0,case_054,2,1.0,2.0,lower_core_base,792519.0,incumbent_split_topo_g0_p4,513641.0,2.0,lower_core_base,C,True
0.0,case_054,3,0.0,0.0,,nan,incumbent_split_release_g0_p4,513130.0,0.0,,C,False
0.0,case_054,4,0.0,0.0,,nan,incumbent_split_release_g0_p4,513130.0,0.0,,C,False
0.0,case_054,5,0.0,0.0,,nan,incumbent_split_topo_g0_p4,513641.0,0.0,,C,False
32768.0,case_055,1,2.0,32768.0,incumbent_split_topo_g0_p4,114628.0,incumbent_split_topo_g0_p4,114628.0,69632.0,incumbent_base,C,False
41472.0,case_055,2,3.0,41472.0,incumbent_base,59839.0,incumbent_base,59839.0,69632.0,C0_base,C,False
107520.0,case_055,3,5.0,107520.0,incumbent_disperse_tid_3_node_38_core_2_pos_0,39987.0,incumbent_disperse_tid_3_node_38_core_2_pos_0,39987.0,115712.0,incumbent_base,C,False
173568.0,case_055,4,4.0,173568.0,incumbent_base,32099.0,incumbent_base,32099.0,173568.0,incumbent_base,C,False
189952.0,case_055,5,5.0,189952.0,event_timing_tid_1385_miss_2_bytes_27648_front,25635.0,event_timing_tid_1385_miss_2_bytes_27648_front,25635.0,189952.0,incumbent_base,C,False
0.0,case_056,1,0.0,0.0,,nan,incumbent_base,277285.0,0.0,,C,False
0.0,case_056,2,0.0,0.0,,nan,incumbent_base,265710.0,0.0,,C,False
0.0,case_056,3,0.0,0.0,,nan,incumbent_base,265710.0,0.0,,C,False
0.0,case_056,4,0.0,0.0,,nan,incumbent_base,265710.0,0.0,,C,False
0.0,case_056,5,0.0,0.0,,nan,incumbent_base,265710.0,0.0,,C,False
45056.0,case_057,1,3.0,45056.0,incumbent_split_topo_g1_p4,59096.0,incumbent_split_topo_g1_p4,59096.0,94208.0,incumbent_aggregate,C,False
22304.0,case_057,2,4.0,22304.0,incumbent_split_height_g1_p4,29658.0,incumbent_split_height_g1_p4,29658.0,94208.0,C0_base,C,False
288.0,case_057,3,3.0,288.0,incumbent_base,20705.0,incumbent_base,20705.0,94208.0,C0_base,C,False
28224.0,case_057,4,3.0,28224.0,incumbent_base,16485.0,incumbent_base,16485.0,94208.0,C0_base,C,False
13824.0,case_057,5,3.0,13824.0,incumbent_base,14028.0,incumbent_base,14028.0,94208.0,C0_base,C,False
0.0,case_058,1,0.0,0.0,,nan,incumbent_split_topo_g0_p4,4533133.0,0.0,,C,False
4317184.0,case_058,2,3.0,4317184.0,incumbent_base,2266610.0,incumbent_base,2266610.0,4390912.0,r1_boundary_n1060_c1_p0,C,False
6488064.0,case_058,3,2.0,6488064.0,incumbent_split_topo_g0_p4,1533246.0,incumbent_split_topo_g0_p4,1533246.0,6488064.0,incumbent_split_topo_g0_p4,C,False
13246464.0,case_058,4,2.0,13246464.0,incumbent_base,1142629.0,incumbent_base,1142629.0,13246464.0,incumbent_base,C,False
0.0,case_058,5,0.0,0.0,,nan,incumbent_base,1004819.0,0.0,,C,False
1691648.0,case_059,1,1.0,1691648.0,incumbent_base,815938.0,incumbent_base,815938.0,1691648.0,incumbent_base,C,False
0.0,case_059,2,1.0,1691648.0,C0_base,815938.0,incumbent_base,369318.0,1691648.0,C0_base,C,True
2961408.0,case_059,3,3.0,2961408.0,r2_boundary_n353_c2_p0,257883.0,r2_boundary_n353_c2_p0,257883.0,2961408.0,r2_boundary_n353_c2_p0,C,False
0.0,case_059,4,1.0,1691648.0,C0_base,815938.0,incumbent_base,185216.0,1691648.0,C0_base,C,True
3989504.0,case_059,5,2.0,3989504.0,incumbent_base,150736.0,incumbent_base,150736.0,3989504.0,incumbent_base,C,False
970754.0,case_060,1,3.0,970754.0,incumbent_split_topo_g1_p4,883441.0,incumbent_split_topo_g1_p4,883441.0,1763336.0,incumbent_aggregate,C,False
2093056.0,case_060,2,4.0,2093056.0,incumbent_split_topo_g0_p4,437319.0,incumbent_split_topo_g0_p4,437319.0,2093056.0,incumbent_split_topo_g0_p4,C,False
2546816.0,case_060,3,4.0,2546816.0,incumbent_disperse_tid_1000002029_node_2884_core_0_pos_0,297002.0,incumbent_disperse_tid_1000002029_node_2884_core_0_pos_0,297002.0,2556032.0,incumbent_base,C,False
2753664.0,case_060,4,4.0,2753664.0,incumbent_split_topo_g0_p4,221694.0,incumbent_split_topo_g0_p4,221694.0,2904192.0,incumbent_base,C,False
3179904.0,case_060,5,3.0,3179904.0,incumbent_base,175626.0,incumbent_base,175626.0,3179904.0,incumbent_base,C,False
0.0,case_061,1,0.0,0.0,,nan,incumbent_base,77191.0,0.0,,C,False
42752.0,case_061,2,2.0,42752.0,incumbent_disperse_tid_2232_node_2233_core_1_pos_0,38792.0,incumbent_disperse_tid_2232_node_2233_core_1_pos_0,38792.0,42752.0,incumbent_disperse_tid_2232_node_2233_core_1_pos_0,C,False
36096.0,case_061,3,3.0,36096.0,incumbent_base,30303.0,incumbent_base,30303.0,43008.0,C1_base,C,False
70656.0,case_061,4,3.0,70656.0,incumbent_base,24024.0,incumbent_base,24024.0,70656.0,incumbent_base,C,False
76544.0,case_061,5,4.0,76544.0,event_timing_tid_15_miss_2_bytes_6400_front,22283.0,event_timing_tid_15_miss_2_bytes_6400_front,22283.0,76544.0,incumbent_base,C,False
0.0,case_062,1,0.0,0.0,,nan,incumbent_base,2854809.0,0.0,,C,False
0.0,case_062,2,0.0,0.0,,nan,incumbent_disperse_group_tid_1000012951_group_9_core_0_pos_4,2387918.0,0.0,,C,False
0.0,case_062,3,0.0,0.0,,nan,r1_split_g4_h0_c2_p8,1818680.0,0.0,,C,False
4608.0,case_062,4,1.0,4608.0,incumbent_base,1270730.0,incumbent_base,1270730.0,4608.0,incumbent_base,C,False
1138176.0,case_062,5,2.0,1138176.0,r1_split_g0_h1_c4_p0,701554.0,r1_split_g0_h1_c4_p0,701554.0,1138176.0,r1_split_g0_h1_c4_p0,C,False
0.0,case_063,1,0.0,0.0,,nan,incumbent_base,1070397.0,0.0,,C,False
626688.0,case_063,2,2.0,626688.0,incumbent_disperse_group_tid_1000002259_group_0_core_1_pos_0,874911.0,incumbent_disperse_group_tid_1000002259_group_0_core_1_pos_0,874911.0,760320.0,incumbent_base,C,False
55296.0,case_063,3,2.0,55296.0,event_timing_tid_1000003227_miss_4_bytes_18432_core_2,593484.0,event_timing_tid_1000003227_miss_4_bytes_18432_core_2,593484.0,55296.0,event_timing_tid_1000003227_miss_4_bytes_18432_core_2,C,False
0.0,case_063,4,0.0,0.0,,nan,incumbent_aggregate,324251.0,0.0,,C,False
0.0,case_063,5,0.0,0.0,,nan,incumbent_aggregate,251581.0,0.0,,C,False
0.0,case_064,1,0.0,0.0,,nan,incumbent_base,19116.0,0.0,,C,False
0.0,case_064,2,0.0,0.0,,nan,incumbent_base,19116.0,0.0,,C,False
0.0,case_064,3,0.0,0.0,,nan,incumbent_base,19116.0,0.0,,C,False
0.0,case_064,4,0.0,0.0,,nan,incumbent_base,19116.0,0.0,,C,False
0.0,case_064,5,0.0,0.0,,nan,incumbent_base,19116.0,0.0,,C,False
0.0,case_065,1,0.0,0.0,,nan,incumbent_aggregate,39824.0,0.0,,C,False
13968.0,case_065,2,3.0,13968.0,incumbent_split_release_g1_p4,26551.0,incumbent_split_release_g1_p4,26551.0,13968.0,incumbent_split_release_g1_p4,C,False
27936.0,case_065,3,2.0,27936.0,incumbent_base,17972.0,incumbent_base,17972.0,27936.0,incumbent_base,C,False
32544.0,case_065,4,3.0,32544.0,incumbent_split_height_g1_p4,13062.0,incumbent_split_height_g1_p4,13062.0,32544.0,incumbent_split_height_g1_p4,C,False
23616.0,case_065,5,4.0,23616.0,event_timing_tid_9_miss_5_bytes_23040_front,11396.0,event_timing_tid_9_miss_5_bytes_23040_front,11396.0,55584.0,C1_base,C,False
0.0,case_066,1,0.0,0.0,,nan,incumbent_split_topo_g2_p4,356326.0,0.0,,C,False
0.0,case_066,2,0.0,0.0,,nan,incumbent_split_height_g1_p4,247485.0,0.0,,C,False
0.0,case_066,3,0.0,0.0,,nan,incumbent_split_height_g1_p4,247485.0,0.0,,C,False
0.0,case_066,4,0.0,0.0,,nan,incumbent_split_height_g1_p4,247485.0,0.0,,C,False
805514.0,case_066,5,1.0,805514.0,incumbent_base,237121.0,incumbent_base,237121.0,805514.0,incumbent_base,C,False
0.0,case_067,1,0.0,0.0,,nan,incumbent_base,63397576.0,0.0,,C,False
18886656.0,case_067,2,1.0,18886656.0,incumbent_split_height_g0_p4,32164982.0,incumbent_split_height_g0_p4,32164982.0,18886656.0,incumbent_split_height_g0_p4,C,False
15804416.0,case_067,3,2.0,15804416.0,incumbent_split_height_g0_p4,22573181.0,incumbent_split_height_g0_p4,22573181.0,18886656.0,lower_core_base,C,False
19190016.0,case_067,4,2.0,19190016.0,incumbent_split_height_g0_p4,17693167.0,incumbent_split_height_g0_p4,17693167.0,19190016.0,incumbent_split_height_g0_p4,C,False
25423872.0,case_067,5,2.0,25423872.0,incumbent_split_height_g1_p4,15229262.0,incumbent_split_height_g1_p4,15229262.0,25423872.0,incumbent_split_height_g1_p4,C,False
0.0,case_068,1,0.0,0.0,,nan,incumbent_split_release_g1_p4,359166.0,0.0,,C,False
278534.0,case_068,2,2.0,278534.0,incumbent_split_topo_g14_p4,302692.0,incumbent_split_topo_g14_p4,302692.0,278534.0,incumbent_split_topo_g14_p4,C,False
719694.0,case_068,3,1.0,719694.0,incumbent_base,281418.0,incumbent_base,281418.0,719694.0,incumbent_base,C,False
908496.0,case_068,4,1.0,908496.0,incumbent_base,266974.0,incumbent_base,266974.0,908496.0,incumbent_base,C,False
371084.0,case_068,5,1.0,371084.0,incumbent_base,339915.0,incumbent_base,339915.0,371084.0,incumbent_base,C,False
0.0,case_069,1,0.0,0.0,,nan,incumbent_split_height_g0_p4,22655.0,0.0,,C,False
0.0,case_069,2,0.0,0.0,,nan,incumbent_split_release_g0_p4,24048.0,0.0,,C,False
36200.0,case_069,3,2.0,36200.0,r3_boundary_n1028_c0_p6,22922.0,r3_boundary_n1028_c0_p6,22922.0,36200.0,r3_boundary_n1028_c0_p6,C,False
44742.0,case_069,4,1.0,44742.0,incumbent_base,24134.0,incumbent_base,24134.0,44742.0,incumbent_base,C,False
78348.0,case_069,5,2.0,78348.0,event_timing_tid_1000000148_miss_2_bytes_2304_core_4,13239.0,event_timing_tid_1000000148_miss_2_bytes_2304_core_4,13239.0,85644.0,incumbent_base,C,False
0.0,case_070,1,0.0,0.0,,nan,incumbent_split_release_g0_p4,104334.0,0.0,,C,False
78336.0,case_070,2,3.0,78336.0,incumbent_split_height_g1_p4,59140.0,incumbent_split_height_g1_p4,59140.0,129536.0,incumbent_base,C,False
185344.0,case_070,3,2.0,185344.0,incumbent_base,39333.0,incumbent_base,39333.0,259072.0,C1_base,C,False
311808.0,case_070,4,2.0,311808.0,incumbent_base,31192.0,incumbent_base,31192.0,317952.0,C1_base,C,False
259328.0,case_070,5,3.0,259328.0,incumbent_disperse_tid_2081_node_2108_core_2_pos_0,26030.0,incumbent_disperse_tid_2081_node_2108_core_2_pos_0,26030.0,285696.0,C1_base,C,False
0.0,case_071,1,0.0,0.0,,nan,incumbent_split_height_g3_p4,17401.0,0.0,,C,False
0.0,case_071,2,0.0,0.0,,nan,incumbent_split_height_g3_p4,17401.0,0.0,,C,False
0.0,case_071,3,0.0,0.0,,nan,incumbent_split_height_g3_p4,17401.0,0.0,,C,False
0.0,case_071,4,0.0,0.0,,nan,incumbent_split_height_g3_p4,17401.0,0.0,,C,False
0.0,case_071,5,0.0,0.0,,nan,incumbent_split_height_g3_p4,17401.0,0.0,,C,False
3137536.0,case_072,1,1.0,3137536.0,incumbent_base,23890756.0,incumbent_base,23890756.0,3137536.0,incumbent_base,C,False
10838016.0,case_072,2,2.0,10838016.0,incumbent_base,11819724.0,incumbent_base,11819724.0,10838016.0,incumbent_base,C,False
20250624.0,case_072,3,5.0,20250624.0,incumbent_disperse_tid_1000001161_node_1656_core_1_pos_0,7921555.0,incumbent_disperse_tid_1000001161_node_1656_core_1_pos_0,7921555.0,20250624.0,incumbent_disperse_tid_1000001161_node_1656_core_1_pos_0,C,False
14303232.0,case_072,4,2.0,14303232.0,incumbent_base,5988828.0,incumbent_base,5988828.0,14303232.0,incumbent_base,C,False
28975104.0,case_072,5,3.0,28975104.0,incumbent_base,4809827.0,incumbent_base,4809827.0,28975104.0,incumbent_base,C,False
0.0,case_073,1,0.0,0.0,,nan,incumbent_base,9870212.0,0.0,,C,False
12593152.0,case_073,2,1.0,12593152.0,incumbent_split_height_g0_p4,5176545.0,incumbent_split_height_g0_p4,5176545.0,12593152.0,incumbent_split_height_g0_p4,C,False
15228928.0,case_073,3,2.0,15228928.0,incumbent_split_height_g0_p4,3969025.0,incumbent_split_height_g0_p4,3969025.0,15228928.0,incumbent_split_height_g0_p4,C,False
15778816.0,case_073,4,2.0,15778816.0,incumbent_split_height_g0_p4,3434743.0,incumbent_split_height_g0_p4,3434743.0,15778816.0,incumbent_split_height_g0_p4,C,False
15778816.0,case_073,5,1.0,15778816.0,lower_core_base,3434743.0,lower_core_base,3434743.0,15778816.0,lower_core_base,C,False
1642496.0,case_074,1,1.0,1642496.0,incumbent_base,1678120.0,incumbent_base,1678120.0,1642496.0,incumbent_base,C,False
2605056.0,case_074,2,3.0,2605056.0,r2_boundary_n4295_c1_p0,818681.0,r2_boundary_n4295_c1_p0,818681.0,2605056.0,r2_boundary_n4295_c1_p0,C,False
3670016.0,case_074,3,3.0,3670016.0,incumbent_disperse_tid_2926_node_4699_core_2_pos_0,554482.0,incumbent_disperse_tid_2926_node_4699_core_2_pos_0,554482.0,3690496.0,incumbent_base,C,False
3747840.0,case_074,4,3.0,3747840.0,incumbent_base,415633.0,incumbent_base,415633.0,4055040.0,C1_base,C,False
3665920.0,case_074,5,3.0,3665920.0,incumbent_base,335626.0,incumbent_base,335626.0,3665920.0,incumbent_base,C,False
0.0,case_075,1,0.0,0.0,,nan,incumbent_split_height_g3_p4,1427745.0,0.0,,C,False
163844.0,case_075,2,2.0,163844.0,incumbent_split_height_g0_p4,1389088.0,incumbent_split_height_g0_p4,1389088.0,163844.0,incumbent_split_height_g0_p4,C,False
351622.0,case_075,3,2.0,351622.0,incumbent_base,1363444.0,incumbent_base,1363444.0,351622.0,incumbent_base,C,False
634502.0,case_075,4,2.0,634502.0,incumbent_base,1320971.0,incumbent_base,1320971.0,634502.0,incumbent_base,C,False
790672.0,case_075,5,2.0,790672.0,incumbent_base,1219026.0,incumbent_base,1219026.0,790672.0,incumbent_base,C,False
4342784.0,case_076,1,2.0,4342784.0,incumbent_split_topo_g0_p2,6182761.0,incumbent_split_topo_g0_p2,6182761.0,4347904.0,incumbent_base,C,False
9714688.0,case_076,2,5.0,9714688.0,incumbent_disperse_tid_1000000279_node_1176_core_1_pos_0,3063504.0,incumbent_disperse_tid_1000000279_node_1176_core_1_pos_0,3063504.0,10003456.0,C1_base,C,False
13006848.0,case_076,3,5.0,13006848.0,incumbent_base,2047868.0,incumbent_base,2047868.0,13746176.0,C1_base,C,False
17383424.0,case_076,4,4.0,17383424.0,incumbent_disperse_tid_1000000307_node_1200_core_1_pos_0,1536296.0,incumbent_disperse_tid_1000000307_node_1200_core_1_pos_0,1536296.0,17399808.0,incumbent_base,C,False
16793600.0,case_076,5,2.0,16793600.0,incumbent_base,1232497.0,incumbent_base,1232497.0,16793600.0,incumbent_base,C,False
0.0,case_077,1,0.0,0.0,,nan,incumbent_split_topo_g0_p4,494044.0,0.0,,C,False
57344.0,case_077,2,1.0,57344.0,incumbent_base,248734.0,incumbent_base,248734.0,57344.0,incumbent_base,C,False
57344.0,case_077,3,3.0,57344.0,incumbent_split_topo_g2_p4,168126.0,incumbent_split_topo_g2_p4,168126.0,57344.0,incumbent_split_topo_g2_p4,C,False
114688.0,case_077,4,3.0,114688.0,incumbent_disperse_tid_1000004420_node_4253_core_1_pos_0,126652.0,incumbent_disperse_tid_1000004420_node_4253_core_1_pos_0,126652.0,114688.0,incumbent_disperse_tid_1000004420_node_4253_core_1_pos_0,C,False
172032.0,case_077,5,2.0,172032.0,incumbent_base,115617.0,incumbent_base,115617.0,172032.0,incumbent_base,C,False
3613824.0,case_078,1,2.0,3613824.0,incumbent_split_height_g1_p4,2142955.0,incumbent_split_height_g1_p4,2142955.0,6019200.0,incumbent_base,C,False
3073896.0,case_078,2,2.0,3073896.0,incumbent_split_height_g0_p4,1149984.0,incumbent_split_height_g0_p4,1149984.0,3613824.0,lower_core_base,C,False
4614480.0,case_078,3,3.0,4614480.0,incumbent_split_height_g0_p4,882747.0,incumbent_split_height_g0_p4,882747.0,4614480.0,incumbent_split_height_g0_p4,C,False
1634184.0,case_078,4,2.0,1634184.0,incumbent_split_height_g0_p4,642020.0,incumbent_split_height_g0_p4,642020.0,4614480.0,lower_core_base,C,False
5452056.0,case_078,5,2.0,5452056.0,incumbent_base,578013.0,incumbent_base,578013.0,5452056.0,incumbent_base,C,False
0.0,case_079,1,0.0,0.0,,nan,incumbent_base,31052251.0,0.0,,C,False
0.0,case_079,2,0.0,0.0,,nan,incumbent_base,15446486.0,0.0,,C,False
6285312.0,case_079,3,1.0,6285312.0,incumbent_base,10175315.0,incumbent_base,10175315.0,6285312.0,incumbent_base,C,False
0.0,case_079,4,0.0,0.0,,nan,incumbent_base,7635624.0,0.0,,C,False
13060096.0,case_079,5,2.0,13060096.0,incumbent_base,6075472.0,incumbent_base,6075472.0,13060096.0,incumbent_base,C,False
413696.0,case_080,1,1.0,413696.0,incumbent_base,291826.0,incumbent_base,291826.0,413696.0,incumbent_base,C,False
1785856.0,case_080,2,2.0,1785856.0,incumbent_base,145674.0,incumbent_base,145674.0,1785856.0,incumbent_base,C,False
0.0,case_080,3,2.0,344064.0,incumbent_split_topo_g0_p4,100325.0,incumbent_base,100325.0,413696.0,C0_base,C,True
2985984.0,case_080,4,3.0,2985984.0,incumbent_disperse_tid_1000000543_node_1340_core_3_pos_0,90559.0,incumbent_disperse_tid_1000000543_node_1340_core_3_pos_0,90559.0,2985984.0,incumbent_disperse_tid_1000000543_node_1340_core_3_pos_0,C,False
2363392.0,case_080,5,3.0,2363392.0,r6_boundary_n288_c3_p0,88140.0,r6_boundary_n288_c3_p0,88140.0,2363392.0,r6_boundary_n288_c3_p0,C,False
0.0,case_081,1,0.0,0.0,,nan,incumbent_base,151795.0,0.0,,C,False
0.0,case_081,2,0.0,0.0,,nan,incumbent_base,76860.0,0.0,,C,False
0.0,case_081,3,0.0,0.0,,nan,incumbent_base,51943.0,0.0,,C,False
0.0,case_081,4,0.0,0.0,,nan,incumbent_base,39588.0,0.0,,C,False
0.0,case_081,5,0.0,0.0,,nan,incumbent_base,30943.0,0.0,,C,False
0.0,case_082,1,0.0,0.0,,nan,incumbent_split_topo_g0_p4,709534.0,0.0,,C,False
54406.0,case_082,2,1.0,54406.0,incumbent_base,708711.0,incumbent_base,708711.0,54406.0,incumbent_base,C,False
138380.0,case_082,3,2.0,138380.0,event_timing_tid_1000003013_miss_2_bytes_4096_core_1,606773.0,event_timing_tid_1000003013_miss_2_bytes_4096_core_1,606773.0,138380.0,event_timing_tid_1000003013_miss_2_bytes_4096_core_1,C,False
871304.0,case_082,4,1.0,871304.0,incumbent_base,581598.0,incumbent_base,581598.0,871304.0,incumbent_base,C,False
491216.0,case_082,5,2.0,491216.0,incumbent_disperse_tid_1000001471_node_2686_core_0_pos_2,592853.0,incumbent_disperse_tid_1000001471_node_2686_core_0_pos_2,592853.0,491216.0,incumbent_disperse_tid_1000001471_node_2686_core_0_pos_2,C,False
0.0,case_083,1,1.0,11829024.0,C0_base,946145.0,incumbent_split_height_g1_p4,875735.0,11829024.0,C0_base,C,True
5979328.0,case_083,2,3.0,5979328.0,incumbent_split_height_g0_p4,465958.0,incumbent_split_height_g0_p4,465958.0,11829024.0,C0_base,C,False
10443552.0,case_083,3,2.0,10443552.0,incumbent_base,402691.0,incumbent_base,402691.0,11829024.0,C0_base,C,False
10324096.0,case_083,4,2.0,10324096.0,incumbent_base,333151.0,incumbent_base,333151.0,11829024.0,C0_base,C,False
10966272.0,case_083,5,2.0,10966272.0,incumbent_base,310731.0,incumbent_base,310731.0,11829024.0,C0_base,C,False
0.0,case_084,1,0.0,0.0,,nan,incumbent_base,1371156.0,0.0,,C,False
0.0,case_084,2,0.0,0.0,,nan,incumbent_base,1255052.0,0.0,,C,False
0.0,case_084,3,0.0,0.0,,nan,incumbent_base,836220.0,0.0,,C,False
0.0,case_084,4,0.0,0.0,,nan,incumbent_base,629028.0,0.0,,C,False
0.0,case_084,5,0.0,0.0,,nan,incumbent_base,503472.0,0.0,,C,False
0.0,case_085,1,0.0,0.0,,nan,incumbent_split_topo_g0_p4,3173461.0,0.0,,C,False
425158.0,case_085,2,2.0,425158.0,incumbent_split_topo_g13_p4,3157230.0,incumbent_split_topo_g13_p4,3157230.0,425158.0,incumbent_split_topo_g13_p4,C,False
134.0,case_085,3,3.0,134.0,r1_boundary_n6703_c2_p0,3112095.0,r1_boundary_n6703_c2_p0,3112095.0,425158.0,lower_core_base,C,False
1259406.0,case_085,4,2.0,1259406.0,incumbent_base,2986917.0,incumbent_base,2986917.0,1259406.0,incumbent_base,C,False
34060.0,case_085,5,2.0,34060.0,incumbent_base,3157239.0,incumbent_base,3157239.0,38156.0,incumbent_disperse_tid_1000018063_node_17891_core_1_pos_1,C,False
0.0,case_086,1,0.0,0.0,,nan,incumbent_split_release_g0_p4,114476.0,0.0,,C,False
0.0,case_086,2,0.0,0.0,,nan,incumbent_split_topo_g0_p4,115496.0,0.0,,C,False
0.0,case_086,3,0.0,0.0,,nan,incumbent_split_topo_g0_p4,115496.0,0.0,,C,False
24016.0,case_086,4,2.0,24016.0,incumbent_split_release_g0_p4,88995.0,incumbent_split_release_g0_p4,88995.0,24016.0,incumbent_split_release_g0_p4,C,False
0.0,case_086,5,0.0,0.0,,nan,incumbent_split_topo_g0_p4,115496.0,0.0,,C,False
2534400.0,case_087,1,1.0,2534400.0,incumbent_base,3969779.0,incumbent_base,3969779.0,2534400.0,incumbent_base,C,False
4271616.0,case_087,2,3.0,4271616.0,incumbent_base,1982828.0,incumbent_base,1982828.0,4271616.0,incumbent_base,C,False
4432896.0,case_087,3,5.0,4432896.0,event_timing_tid_1000009058_miss_6_bytes_27648_front,1372451.0,event_timing_tid_1000009058_miss_6_bytes_27648_front,1372451.0,4432896.0,incumbent_base,C,False
5552640.0,case_087,4,4.0,5552640.0,incumbent_disperse_tid_1000009350_node_9272_core_2_pos_0,1042446.0,incumbent_disperse_tid_1000009350_node_9272_core_2_pos_0,1042446.0,5552640.0,incumbent_disperse_tid_1000009350_node_9272_core_2_pos_0,C,False
5594112.0,case_087,5,4.0,5594112.0,incumbent_split_height_g1_p2,829449.0,incumbent_split_height_g1_p2,829449.0,5594112.0,incumbent_split_height_g1_p2,C,False
0.0,case_088,1,0.0,0.0,,nan,incumbent_split_height_g2_p4,242071.0,0.0,,C,False
476292.0,case_088,2,1.0,476292.0,incumbent_base,203492.0,incumbent_base,203492.0,476292.0,incumbent_base,C,False
689992.0,case_088,3,2.0,689992.0,incumbent_split_height_g20_p4,190688.0,incumbent_split_height_g20_p4,190688.0,689992.0,incumbent_split_height_g20_p4,C,False
797258.0,case_088,4,2.0,797258.0,incumbent_disperse_tid_171_node_1470_core_3_pos_3,184608.0,incumbent_disperse_tid_171_node_1470_core_3_pos_3,184608.0,797258.0,incumbent_disperse_tid_171_node_1470_core_3_pos_3,C,False
467532.0,case_088,5,2.0,467532.0,incumbent_disperse_group_tid_3_group_4_core_2_pos_3,194762.0,incumbent_disperse_group_tid_3_group_4_core_2_pos_3,194762.0,492108.0,incumbent_base,C,False
0.0,case_089,1,0.0,0.0,,nan,incumbent_base,689572.0,0.0,,C,False
224968.0,case_089,2,1.0,224968.0,incumbent_split_release_g1_p4,346763.0,incumbent_split_release_g1_p4,346763.0,224968.0,incumbent_split_release_g1_p4,C,False
224968.0,case_089,3,1.0,224968.0,incumbent_split_release_g0_p4,242586.0,incumbent_split_release_g0_p4,242586.0,224968.0,incumbent_split_release_g0_p4,C,False
231880.0,case_089,4,1.0,231880.0,incumbent_split_release_g0_p4,175147.0,incumbent_split_release_g0_p4,175147.0,231880.0,incumbent_split_release_g0_p4,C,False
220360.0,case_089,5,1.0,220360.0,incumbent_split_release_g3_p4,144388.0,incumbent_split_release_g3_p4,144388.0,220360.0,incumbent_split_release_g3_p4,C,False
6276096.0,case_090,1,2.0,6276096.0,incumbent_split_height_g1_p4,919256.0,incumbent_split_height_g1_p4,919256.0,10402560.0,incumbent_base,C,False
4753824.0,case_090,2,3.0,4753824.0,incumbent_split_height_g3_p2,549431.0,incumbent_split_height_g3_p2,549431.0,5592096.0,incumbent_base,C,False
4273776.0,case_090,3,2.0,4273776.0,incumbent_split_height_g1_p4,549742.0,incumbent_split_height_g1_p4,549742.0,4273776.0,incumbent_split_height_g1_p4,C,False
1531656.0,case_090,4,2.0,1531656.0,incumbent_split_height_g1_p4,534087.0,incumbent_split_height_g1_p4,534087.0,1531656.0,incumbent_split_height_g1_p4,C,False
7467480.0,case_090,5,2.0,7467480.0,incumbent_split_height_g3_p4,416535.0,incumbent_split_height_g3_p4,416535.0,7467480.0,incumbent_split_height_g3_p4,C,False
8082048.0,case_091,1,2.0,8082048.0,incumbent_split_topo_g0_p4,9166672.0,incumbent_split_topo_g0_p4,9166672.0,8082048.0,incumbent_split_topo_g0_p4,C,False
11590464.0,case_091,2,4.0,11590464.0,incumbent_base,4569395.0,incumbent_base,4569395.0,12269376.0,C1_base,C,False
16382528.0,case_091,3,2.0,16382528.0,incumbent_base,3057457.0,incumbent_base,3057457.0,16382528.0,incumbent_base,C,False
14582560.0,case_091,4,2.0,14582560.0,incumbent_base,2306119.0,incumbent_base,2306119.0,14582560.0,incumbent_base,C,False
24930816.0,case_091,5,3.0,24930816.0,incumbent_base,1876653.0,incumbent_base,1876653.0,24930816.0,incumbent_base,C,False
0.0,case_092,1,1.0,52970464.0,C0_base,4333631.0,incumbent_split_height_g2_p4,4004200.0,52970464.0,C0_base,C,True
50993920.0,case_092,2,2.0,50993920.0,incumbent_base,2358868.0,incumbent_base,2358868.0,52970464.0,C0_base,C,False
44215392.0,case_092,3,2.0,44215392.0,incumbent_base,1792534.0,incumbent_base,1792534.0,52970464.0,C0_base,C,False
44066112.0,case_092,4,2.0,44066112.0,incumbent_base,1470508.0,incumbent_base,1470508.0,52970464.0,C0_base,C,False
39473888.0,case_092,5,2.0,39473888.0,incumbent_base,1351088.0,incumbent_base,1351088.0,52970464.0,C0_base,C,False
0.0,case_093,1,0.0,0.0,,nan,incumbent_base,74205.0,0.0,,C,False
0.0,case_093,2,0.0,0.0,,nan,incumbent_base,37827.0,0.0,,C,False
0.0,case_093,3,0.0,0.0,,nan,incumbent_base,25103.0,0.0,,C,False
0.0,case_093,4,0.0,0.0,,nan,incumbent_base,19779.0,0.0,,C,False
0.0,case_093,5,0.0,0.0,,nan,incumbent_base,15876.0,0.0,,C,False
16384.0,case_094,1,2.0,16384.0,incumbent_split_height_g0_p4,87488.0,incumbent_split_height_g0_p4,87488.0,16384.0,incumbent_split_height_g0_p4,C,False
106272.0,case_094,2,3.0,106272.0,incumbent_split_topo_g0_p4,46927.0,incumbent_split_topo_g0_p4,46927.0,106272.0,incumbent_split_topo_g0_p4,C,False
194112.0,case_094,3,3.0,194112.0,incumbent_split_height_g1_p4,31679.0,incumbent_split_height_g1_p4,31679.0,212544.0,incumbent_base,C,False
304704.0,case_094,4,2.0,304704.0,incumbent_base,24640.0,incumbent_base,24640.0,304704.0,incumbent_base,C,False
274272.0,case_094,5,2.0,274272.0,incumbent_base,20380.0,incumbent_base,20380.0,274272.0,incumbent_base,C,False
0.0,case_095,1,0.0,0.0,,nan,r2_merge_g0_1,1161033.0,0.0,,C,False
0.0,case_095,2,0.0,0.0,,nan,incumbent_base,1042890.0,0.0,,C,False
0.0,case_095,3,0.0,0.0,,nan,incumbent_base,695775.0,0.0,,C,False
0.0,case_095,4,0.0,0.0,,nan,incumbent_base,524422.0,0.0,,C,False
0.0,case_095,5,0.0,0.0,,nan,incumbent_base,420852.0,0.0,,C,False
0.0,case_096,1,0.0,0.0,,nan,incumbent_split_release_g2_p4,75108.0,0.0,,C,False
67392.0,case_096,2,3.0,67392.0,incumbent_split_release_g0_p4,41802.0,incumbent_split_release_g0_p4,41802.0,67392.0,incumbent_split_release_g0_p4,C,False
79488.0,case_096,3,2.0,79488.0,incumbent_base,30318.0,incumbent_base,30318.0,79488.0,incumbent_base,C,False
24192.0,case_096,4,2.0,24192.0,incumbent_base,26984.0,incumbent_base,26984.0,55296.0,C1_base,C,False
18432.0,case_096,5,2.0,18432.0,incumbent_split_release_g0_p4,38946.0,incumbent_split_release_g0_p4,38946.0,55296.0,incumbent_base,C,False
0.0,case_097,1,0.0,0.0,,nan,incumbent_base,11491509.0,0.0,,C,False
0.0,case_097,2,0.0,0.0,,nan,incumbent_base,5617602.0,0.0,,C,False
5357568.0,case_097,3,2.0,5357568.0,r2_boundary_n833_c2_p0,3622881.0,r2_boundary_n833_c2_p0,3622881.0,5357568.0,r2_boundary_n833_c2_p0,C,False
770048.0,case_097,4,1.0,770048.0,incumbent_base,2626908.0,incumbent_base,2626908.0,770048.0,incumbent_base,C,False
6270976.0,case_097,5,1.0,6270976.0,incumbent_base,2102250.0,incumbent_base,2102250.0,6270976.0,incumbent_base,C,False
24576.0,case_098,1,2.0,24576.0,incumbent_aggregate,174782.0,incumbent_aggregate,174782.0,24576.0,incumbent_aggregate,C,False
0.0,case_098,2,0.0,0.0,,nan,incumbent_base,89756.0,0.0,,C,False
0.0,case_098,3,0.0,0.0,,nan,incumbent_base,89756.0,0.0,,C,False
0.0,case_098,4,0.0,0.0,,nan,incumbent_base,89756.0,0.0,,C,False
0.0,case_098,5,0.0,0.0,,nan,incumbent_base,89756.0,0.0,,C,False
2023424.0,case_099,1,1.0,2023424.0,incumbent_base,1618902.0,incumbent_base,1618902.0,2023424.0,incumbent_base,C,False
4284416.0,case_099,2,3.0,4284416.0,incumbent_base,806053.0,incumbent_base,806053.0,4284416.0,incumbent_base,C,False
4575232.0,case_099,3,3.0,4575232.0,incumbent_disperse_tid_1000000580_node_800_core_1_pos_0,537694.0,incumbent_disperse_tid_1000000580_node_800_core_1_pos_0,537694.0,4575232.0,incumbent_disperse_tid_1000000580_node_800_core_1_pos_0,C,False
6320128.0,case_099,4,3.0,6320128.0,C1_base,403147.0,C1_base,403147.0,6889472.0,incumbent_base,C,False
6717440.0,case_099,5,3.0,6717440.0,r2_boundary_n199_c0_p0,327139.0,r2_boundary_n199_c0_p0,327139.0,6762496.0,incumbent_base,C,False
0.0,case_100,1,0.0,0.0,,nan,incumbent_split_release_g1_p4,142753.0,0.0,,C,False
16896.0,case_100,2,3.0,16896.0,incumbent_split_release_g0_p4,77421.0,incumbent_split_release_g0_p4,77421.0,16896.0,incumbent_split_release_g0_p4,C,False
53760.0,case_100,3,2.0,53760.0,incumbent_base,57811.0,incumbent_base,57811.0,53760.0,incumbent_base,C,False
308864.0,case_100,4,2.0,308864.0,r10_capacity_g6_front,72103.0,r10_capacity_g6_front,72103.0,308864.0,r10_capacity_g6_front,C,False
351360.0,case_100,5,2.0,351360.0,r10_capacity_g8_front,59623.0,r10_capacity_g8_front,59623.0,351360.0,r10_capacity_g8_front,C,False
