candidate,candidate_added_copy_bytes,candidate_cache_hit_bytes,candidate_light_score,candidate_makespan,candidate_plan_sha256,candidate_profile_score,candidate_source,case,cores,evaluation_seconds,light_agrees_with_official,light_delta_error_cycles,light_direction,main_added_copy_bytes,main_cache_hit_bytes,main_candidate,main_light_score,main_makespan,main_plan_sha256,main_profile_score,official_direction,profile_agrees_with_official,profile_direction,profile_failures,scene,status
r1_boundary_n2193_c1_p0,31680,0,"[33923, 586578, 0, 0, 0]",30138,76a4f70b0bbb5d735c76e890ac3e3d96c69370a53a54a400bde9bf75b412e36d,"[30063, 586578, 0]",ordinary_chain,case_012,2,0.13470200000301702,False,-163,-1,29376,0,L1_base,"[34006, 584274, 0, 0, 0]",30058,db30914618b4c8f56b037619f2bd7f5e53a72647f2c498d2d97d684db3177abf,"[30023, 584274, 0]",1,True,1,0,B,AI_VERIFIED
incumbent_split_release_g1_p2,29376,29376,"[34006, 584274, 0, -29376, -4742]",29156,145c2d323a86d5ed2a1b1a43686c2f485726eb8a6fbf0c23f18509877e3d3563,"[29121, 9248.3, -29376, 0]",timing,case_012,2,0.1348764159993152,False,0,-1,29376,29376,incumbent_split_height_g1_p4,"[34006, 584274, 0, -28800, -151698]",29156,796ac57ae9a4f80872cc2d41381df99589d9dc242705c2f30581ec8ba92ba6ba,"[29121, 9248.3, -29376, 0]",0,True,0,0,C,AI_VERIFIED
r1_boundary_n2193_c2_p1,55872,0,"[13633, 610770, 0, 0, 0]",20306,baad805fb986fb0aa50a3787c2ace9111f5ed20246670946c47a0a6cf02c9048,"[19018, 610770, 0]",ordinary_chain,case_012,5,0.13031545799822197,False,-7020,-1,53568,0,L1_base,"[13753, 608466, 0, 0, 0]",13406,74e2f48a02bc0da889d9ecfa1e9a1620e41c58aa5959111496f36eec5e3f8b21,"[12718, 608466, 0]",1,True,1,0,B,AI_VERIFIED
A2_base,125548,0,"[19594, 680446, 0, 0, 0]",49036,f12b3c6ec944e2d149193208542aeda4d9f5bde11ae38acadab7c0c9a9ae77fc,"[58568, 680446, 0]",seed,case_012,5,0.1568924999992305,True,-29789,1,53568,0,L1_base,"[13753, 608466, 0, 0, 0]",13406,74e2f48a02bc0da889d9ecfa1e9a1620e41c58aa5959111496f36eec5e3f8b21,"[14858, 608466, 0]",1,True,1,0,A,AI_VERIFIED
incumbent_split_release_g1_p4,53568,40128,"[13753, 608466, 0, -52416, -45446]",13406,6b18636d8116b2a0c1f1e184782d5d66a0d613c3ac9bc7d22196371685b20ae1,"[12718, 9248.3, -53568, 0]",timing,case_012,5,0.15463483299754444,False,0,-1,53568,41280,event_timing_tid_1766_miss_2_bytes_12288_front,"[13753, 608466, 0, -46080, 0]",13406,4b293d7da5a1ffae9b39529d488931796e59c19b6739a2bda984e891e0acf9a2,"[12718, 9248.3, -53568, 0]",0,True,0,0,C,AI_VERIFIED
A3_base,1253532,0,"[34676, 1808430, 0, 0, 0]",64525,9b456fc83559b32c5ea2e563d4afc04487aa992b11260d70b6b6b644bc7b04c8,"[76203, 1808430, 0]",seed,case_012,2,0.23422504099653452,True,-33797,1,29376,0,L1_base,"[34006, 584274, 0, 0, 0]",30058,db30914618b4c8f56b037619f2bd7f5e53a72647f2c498d2d97d684db3177abf,"[35924, 584274, 0]",1,True,1,0,A,AI_VERIFIED
r1_split_g0_h1_c1_p0,393220,0,"[303540, 786438, 0, 0, 0]",608677,c047f0c2903a5423d7ad16cedc01b25067e265ceccf3ed73df81463baf512717,"[608130, 786438, 0]",ordinary_chain,case_051,2,0.12675845799822127,False,-304589,-1,0,0,B0_base,"[607080, 393218, 0, 0, 0]",607628,2a2865adc5eff22153cf709fe4d0e43cbfa7456ab5e749636d0c433923fc996f,"[607628, 393218, 0]",1,True,1,0,B,AI_VERIFIED
r1_split_g0_h1_c1_p0,393220,0,"[303540, 786438, 0, 0, 0]",609177,c047f0c2903a5423d7ad16cedc01b25067e265ceccf3ed73df81463baf512717,"[614793, 786438, 0]",ordinary_chain,case_051,2,0.2591702499994426,False,-305089,-1,0,0,A0_base,"[607080, 393218, 0, 0, 0]",607628,2a2865adc5eff22153cf709fe4d0e43cbfa7456ab5e749636d0c433923fc996f,"[610436, 393218, 0]",1,True,1,0,A,AI_VERIFIED
incumbent_split_topo_g0_p4,0,0,"[607080, 393218, 0, 0, -3538944]",607628,6d22850844061519bbdfcbb72554c518cc04666753e7014b31d13545f69f86e8,"[607628, 6553.633333333333, 0, 0]",timing,case_051,2,0.14898191699830932,False,0,-1,0,0,incumbent_base,"[607080, 393218, 0, 0, 0]",607628,2a2865adc5eff22153cf709fe4d0e43cbfa7456ab5e749636d0c433923fc996f,"[607628, 6553.633333333333, 0, 0]",0,True,0,0,C,AI_VERIFIED
r1_split_g0_h0_c2_p0,393220,0,"[303540, 786438, 0, 0, 0]",609177,325ebcd6f79fd7fcbe87d3324e67bffbf2c348aec6298f286ec0bd284851bcdd,"[614793, 786438, 0]",ordinary_chain,case_051,5,0.15633587499905843,False,-305089,-1,0,0,A0_base,"[607080, 393218, 0, 0, 0]",607628,456eecf04e269a172a7af1acb42c946578f7cff24aea1494b816e99b7d7ce0f4,"[610436, 393218, 0]",1,True,1,0,A,AI_VERIFIED
L3_base,3670204,0,"[122244, 4063422, 0, 0, 0]",627634,019a6c6cd451dcf5e536f5117d74914ab862a3ce658e8dc4f4487655ecd4bb02,"[624899, 4063422, 0]",legacy_seed,case_051,5,0.1432392080023419,False,-116429,-1,7471132,0,incumbent_base,"[152056, 7864350, 0, 0, 0]",541017,23f9b112319e3936a068ccb03a1cd5b513fedf05827230057b5884ab0315e322,"[531670, 7864350, 0]",1,True,1,0,B,AI_VERIFIED
incumbent_split_topo_g5_p4,7471132,393216,"[152056, 7864350, 0, -753664, -17694728]",541108,8ab93a3cedb5d40269adf74c01ae3fd22c52f9dbc0897cc5c71f54d558f49e67,"[531670, 124518.9, -393216, 0]",timing,case_051,5,0.15847929200026556,False,-91,-1,7471132,393216,incumbent_base,"[152056, 7864350, 0, -753664, -14155776]",541017,23f9b112319e3936a068ccb03a1cd5b513fedf05827230057b5884ab0315e322,"[531670, 124518.9, -393216, 0]",1,False,0,0,C,AI_VERIFIED
r1_boundary_n7211_c4_p0,5832720,0,"[1548616, 6225938, 0, 0, 0]",7719043,8fd1551949f16ef8b0335e71950f16b8581eeb9d7723b7423fc44e8b217f5286,"[7710172, 6225938, 0]",ordinary_chain,case_016,5,3.765597292000166,False,-394212,-1,4784208,0,incumbent_base,"[1930280, 4522066, 294912, 0, 0]",7706495,03da0b47a1a75f2ff482f833cdb9eb23554517ec97c8a07e9c4669d1f35f24e3,"[7703056, 5177426, 655360]",1,True,1,0,B,AI_VERIFIED
incumbent_split_release_g2_p4,4784208,425984,"[1930280, 4522066, 294912, -786432, -7471110]",7706495,da25e11f5f97bede88ad56d7a765a6a6cb5d323602f630d4ebe3d2252fcfed76,"[7703056, 79190.7, -425984, 655360]",timing,case_016,5,4.131943583000975,True,501,1,4718672,425984,incumbent_disperse_tid_1000002265_node_2259_core_1_pos_0,"[1929756, 4456530, 294912, -786432, -1671170]",7706472,6d6434de9c3ef3ce26d1ae7f99555457339f55d779d89363ccbbf36dce152590,"[7703033, 78098.43333333333, -425984, 655360]",1,True,1,0,C,AI_VERIFIED
,,,,,,,,case_062,5,,,,,,,,,,,,,,,0,A,NO_VALID_UNMEASURED_CANDIDATE
,,,,,,,,case_062,5,,,,,,,,,,,,,,,0,B,NO_VALID_UNMEASURED_CANDIDATE
r1_boundary_n4525_c1_p0,2097192,0,"[3860036, 2490410, 0, 0, 0]",7720499,2517b46cdff809dab77acf5139b517c551178d8d49095cb98479832ad2610899,"[7718134, 2490410, 0]",ordinary_chain,case_016,2,5.391168916001334,False,-8108,-1,2162724,0,L2_base,"[3860560, 2555942, 0, 0, 0]",7712915,e2438d3e4d442d491994663f96bb030d5709dded898d99b202205b6a635ab902,"[7709858, 2555942, 0]",1,True,1,0,B,AI_VERIFIED
r1_split_g0_h0_c1_p0,393220,0,"[3870135, 786438, 0, 0, 0]",7717072,1f19047c2ee44e1e894038a3ced1b2eea47596b497f227a67c6837fd0bf2cbd9,"[7722688, 786438, 0]",ordinary_chain,case_016,2,5.51962495800035,False,-3846389,-1,0,0,A0_base,"[7714975, 393218, 0, 0, 0]",7715523,085d99a8e31183460b528babd5e25515a3470d4bee6c75765189c6b934a35737,"[7718331, 393218, 0]",1,True,1,0,A,AI_VERIFIED
incumbent_split_release_g1_p4,2162724,0,"[3860560, 2555942, 0, -393216, -6684678]",7712915,46e28e49520fb17c43fefa8d61a3625e62cda41e0d3f88c4897b42561a548a83,"[7709858, 42599.03333333333, 0, 0]",timing,case_016,2,5.606646250002086,False,0,-1,2162724,0,incumbent_base,"[3860560, 2555942, 0, -393216, -786432]",7712915,e2438d3e4d442d491994663f96bb030d5709dded898d99b202205b6a635ab902,"[7709858, 42599.03333333333, 0, 0]",0,True,0,0,C,AI_VERIFIED
r1_split_g0_h0_c2_p0,393220,0,"[3870135, 786438, 0, 0, 0]",7717072,28127fc175f8fb409d23f2290a721bc2d10cd562c92afe78a102afe14ea5d0f0,"[7722688, 786438, 0]",ordinary_chain,case_016,5,5.691331916001218,False,-3846389,-1,0,0,A0_base,"[7714975, 393218, 0, 0, 0]",7715523,21d209bb67af2852a38e87dca51cb294aced7191073d35bbd8c3f6d0d0d9f9c8,"[7718331, 393218, 0]",1,True,1,0,A,AI_VERIFIED
r2_move_g0_c1_p2,261050752,0,"[24165120, 35820928, 12985856, 0, 0]",27042125,50bde8e41cf778e73818e18d4f4ef4e7a998693a8bb44baabf06aff2d1b4ed22,"[25689752, 267098880, 231277952]",capacity_representative,case_067,5,2.002243582999654,True,109082,1,262750080,0,A1_base,"[12945600, 20934528, 16232320, 0, 0]",15931687,641a4ced7312dd343437d661ed65a184d94fef87d8de6543fdf114fc7ef96d84,"[13763654, 268798208, 247863680]",1,True,1,0,A,AI_VERIFIED
r2_move_g1_c0_p0,263599744,0,"[61275840, 13491328, 3246464, 0, 0]",63863742,05753ad902b2a39775ca676c422081ee6d0da8073fb19f48b5f8b545f8beb1e5,"[65152142, 269647872, 256156544]",capacity_representative,case_067,2,2.664874124999187,True,111362,1,264024576,0,A1_base,"[31069440, 9769728, 6492928, 0, 0]",33768704,de4fc70bed692708f7aafe564468d462ad2cfa41508d6423ee70e58b2805f93e,"[33035984, 270072704, 260302976]",1,True,1,0,A,AI_VERIFIED
incumbent_split_height_g1_p4,260242048,20618752,"[31069440, 9769728, 5859712, -734464, -2831360]",32424161,8b47c3d8ab5e2f8501db9aecafe0f300bc1d3a11937cb81be0d2579516e7c79b,"[32225782, 4137804.8, -18021888, 256520448]",timing,case_067,2,2.396106290998432,False,-259179,-1,260124928,18886656,incumbent_split_height_g0_p4,"[31069440, 9769728, 5892480, -756352, -2912256]",32164982,7cd3ecc55a849fdebd25ad700ba7b9c8b1a5e9bfcd3e1ff5b1f8cfdcf47b5508,"[32021068, 4110790.4, -19525632, 256403328]",1,True,1,0,C,AI_VERIFIED
r1_move_g0_c1_p0,264449408,0,"[61275840, 6048128, 3246464, 0, 0]",63834834,af95a0b481fe7f1f653d06c803182c95d99c3d20193a5e0bf23e6a161ea4b184,"[63662046, 270497536, 264449408]",capacity_representative,case_067,2,2.635383707998699,True,140270,1,264024576,0,B1_base,"[31069440, 9769728, 6492928, 0, 0]",33768704,de4fc70bed692708f7aafe564468d462ad2cfa41508d6423ee70e58b2805f93e,"[32287486, 270072704, 260302976]",1,True,1,0,B,AI_VERIFIED
,,,,,,,,case_081,2,,,,,,,,,,,,,,,0,A,NO_VALID_UNMEASURED_CANDIDATE
,,,,,,,,case_081,2,,,,,,,,,,,,,,,0,B,NO_VALID_UNMEASURED_CANDIDATE
,,,,,,,,case_081,5,,,,,,,,,,,,,,,0,A,NO_VALID_UNMEASURED_CANDIDATE
,,,,,,,,case_081,5,,,,,,,,,,,,,,,0,B,NO_VALID_UNMEASURED_CANDIDATE
incumbent_split_topo_g1_p4,0,0,"[30345, 1741140, 0, 0, -24584]",30943,115514a8b07197f1c724bd382a37a803aa9b44d0e3060b4560599aeb6e7f9613,"[30415, 29019.0, 0, 0]",timing,case_081,5,0.535138041999744,False,0,-1,0,0,incumbent_base,"[30345, 1741140, 0, 0, 0]",30943,f9e651df6a8229a7879066c19329096daf7d234ff4a05bd6b9f88f0a1a712f81,"[30415, 29019.0, 0, 0]",0,True,0,0,C,AI_VERIFIED
incumbent_split_topo_g0_p4,0,0,"[76755, 1741140, 0, 0, -24584]",76860,e743d2a445bde4404262e94d52422ea9665f3734bf905a1cbd5be00d2f274472,"[76825, 29019.0, 0, 0]",timing,case_081,2,0.720028416999412,False,0,-1,0,0,incumbent_base,"[76755, 1741140, 0, 0, 0]",76860,b7e6a3b5035f9799e42ecb4781b51865028c011698668214f8e11e4f2be19793,"[76825, 29019.0, 0, 0]",0,True,0,0,C,AI_VERIFIED
r1_move_g3_c1_p0,266876032,0,"[24165120, 17212928, 12985856, 0, 0]",26931245,13ddd535df42eda9d160d8ff71b18d0988b3f545122de2fd34665e4307fc9931,"[25168892, 272924160, 255711232]",capacity_representative,case_067,5,2.027589999997872,True,219962,1,262750080,0,B1_base,"[12945600, 20934528, 16232320, 0, 0]",15931687,641a4ced7312dd343437d661ed65a184d94fef87d8de6543fdf114fc7ef96d84,"[13462750, 268798208, 247863680]",1,True,1,0,B,AI_VERIFIED
event_timing_tid_1000000043_miss_71_bytes_20938752_core_0,263174912,0,"[25028160, 17212928, 12985856, 0, -3721600]",27892326,d22dfa3c8ad15a41a5f54099ce8bc6174ff8be9701b5996dd5c5d159e33b6364,"[26012574, 4487050.666666667, 0, 252010112]",event_timing,case_067,5,1.9740132080005424,True,-580504,1,261427072,25423872,incumbent_split_height_g1_p4,"[12945600, 20934528, 14910976, -279552, -1132544]",15229262,cce18458b3a5d656f81cad82e3d6fb9859d5becc9a8a06d68bc5f8780d352b85,"[13445610, 4233766.4, -13449216, 246540672]",1,True,1,0,C,AI_VERIFIED
event_timing_tid_1000008835_miss_2_bytes_9216_core_0,7147008,4608,"[989856, 20057088, 1378816, -13824, 0]",997601,fdb8b57b02a6e15f27017e4205c0b28564f3774f7a1f30c2f2fb51c3a8ae3e73,"[997173, 342400.0, -4608, 491520]",event_timing,case_062,5,6.47770620799929,True,33941,1,9028608,1138176,r1_split_g0_h1_c4_p0,"[659868, 21938688, 1378816, -64512, 0]",701554,57b5a541f6ceec49cae03b457f6b669defda84f3a70f69bcb2cb70e71178600e,"[690085, 355097.6, -1124352, 491520]",1,True,1,0,C,AI_VERIFIED
B2_base,64797696,0,"[1606272, 47092224, 15055872, 0, 0]",2923097,ef7967fc81e3503c6a9269d503b46281762742177fac45785782b25c9524aaf9,"[2759040, 78199296, 31107072]",seed,case_062,2,10.457544165998115,False,-403031,-1,68806656,0,B3_base,"[1607700, 47634432, 18718720, 0, 0]",2521494,ae01397ed297b9192279fb29e5ee2976eb844aace79399fde76153945c2a62d9,"[2245425, 82208256, 34573824]",1,True,1,0,B,AI_VERIFIED
r1_merge_g6_7,69130752,0,"[1631040, 82532352, 14949888, 0, 0]",2944423,8ba2ff765b3754d3221484ed1fbb8bc218fe57bd123641baaa2328b52472dc93,"[3108140, 82532352, 0]",ordinary_chain,case_062,2,12.082579582998733,False,-1502477,-1,42112512,0,incumbent_base,"[3011088, 55514112, 14824448, 0, 0]",2821994,2d20bfd6292fbe949254597fd039da7ee594180c54715939c81c69c4ec6b5736,"[3189843, 55514112, 0]",1,False,-1,0,A,AI_VERIFIED
incumbent_aggregate,68806656,0,"[1607700, 47634432, 18718720, 0, -62862336]",2521618,0d4847c0126e9524360ee795fb64fbf9aac1479393763e1d8b41dcbf2db5813d,"[2245461, 1370137.6, 0, 34573824]",aggregate,case_062,2,11.490284957999393,True,-97988,1,68368896,0,incumbent_disperse_group_tid_1000012951_group_9_core_0_pos_4,"[1571988, 47588352, 17112064, 0, -79405056]",2387918,30d7fe878a9b7dfd0c0dd75e54fddf83b7b56befa3c9f577141c341e4a0258dc,"[2127746, 1362841.6, 0, 34182144]",1,True,1,0,C,AI_VERIFIED
