claim_id,statement,value,unit,tolerance,result_file,result_row,result_column,code_file,run_id,paper_location,figure_file,verification_file,human_review,status
Q1-K1,问题1的1核逐用例平均加速比,1.0,ratio,1e-12,results/auto_solve_20260923_120249/analysis_final/summary.csv,1,mean_speedup,tools/a_analyze_results.py,auto_solve_20260923_120249,问题1结果；摘要,,review/auto_solve/20260923_120249/03_validation/claim_verification.json,NOT_ASSESSED,AI_VERIFIED
Q1-K2,问题1的2核逐用例平均加速比,1.707180718165453,ratio,1e-12,results/auto_solve_20260923_120249/analysis_final/summary.csv,5,mean_speedup,tools/a_analyze_results.py,auto_solve_20260923_120249,问题1结果；摘要,,review/auto_solve/20260923_120249/03_validation/claim_verification.json,NOT_ASSESSED,AI_VERIFIED
Q1-K3,问题1的3核逐用例平均加速比,2.2951105244982073,ratio,1e-12,results/auto_solve_20260923_120249/analysis_final/summary.csv,9,mean_speedup,tools/a_analyze_results.py,auto_solve_20260923_120249,问题1结果；摘要,,review/auto_solve/20260923_120249/03_validation/claim_verification.json,NOT_ASSESSED,AI_VERIFIED
Q1-K4,问题1的4核逐用例平均加速比,2.8391338710820677,ratio,1e-12,results/auto_solve_20260923_120249/analysis_final/summary.csv,13,mean_speedup,tools/a_analyze_results.py,auto_solve_20260923_120249,问题1结果；摘要,,review/auto_solve/20260923_120249/03_validation/claim_verification.json,NOT_ASSESSED,AI_VERIFIED
Q1-K5,问题1的5核逐用例平均加速比,3.2186062232673347,ratio,1e-12,results/auto_solve_20260923_120249/analysis_final/summary.csv,17,mean_speedup,tools/a_analyze_results.py,auto_solve_20260923_120249,问题1结果；摘要,,review/auto_solve/20260923_120249/03_validation/claim_verification.json,NOT_ASSESSED,AI_VERIFIED
Q2-K1,问题2的1核逐用例平均加速比,1.0,ratio,1e-12,results/auto_solve_20260923_120249/analysis_final/summary.csv,21,mean_speedup,tools/a_analyze_results.py,auto_solve_20260923_120249,问题2结果；摘要,,review/auto_solve/20260923_120249/03_validation/claim_verification.json,NOT_ASSESSED,AI_VERIFIED
Q2-K2,问题2的2核逐用例平均加速比,1.786204754393148,ratio,1e-12,results/auto_solve_20260923_120249/analysis_final/summary.csv,25,mean_speedup,tools/a_analyze_results.py,auto_solve_20260923_120249,问题2结果；摘要,,review/auto_solve/20260923_120249/03_validation/claim_verification.json,NOT_ASSESSED,AI_VERIFIED
Q2-K3,问题2的3核逐用例平均加速比,2.4453869784736217,ratio,1e-12,results/auto_solve_20260923_120249/analysis_final/summary.csv,29,mean_speedup,tools/a_analyze_results.py,auto_solve_20260923_120249,问题2结果；摘要,,review/auto_solve/20260923_120249/03_validation/claim_verification.json,NOT_ASSESSED,AI_VERIFIED
Q2-K4,问题2的4核逐用例平均加速比,3.0284475413638874,ratio,1e-12,results/auto_solve_20260923_120249/analysis_final/summary.csv,33,mean_speedup,tools/a_analyze_results.py,auto_solve_20260923_120249,问题2结果；摘要,,review/auto_solve/20260923_120249/03_validation/claim_verification.json,NOT_ASSESSED,AI_VERIFIED
Q2-K5,问题2的5核逐用例平均加速比,3.492065524763809,ratio,1e-12,results/auto_solve_20260923_120249/analysis_final/summary.csv,37,mean_speedup,tools/a_analyze_results.py,auto_solve_20260923_120249,问题2结果；摘要,,review/auto_solve/20260923_120249/03_validation/claim_verification.json,NOT_ASSESSED,AI_VERIFIED
Q3-K1,问题3的1核逐用例平均加速比,1.0086217156663206,ratio,1e-12,results/auto_solve_20260923_120249/analysis_final/summary.csv,41,mean_speedup,tools/a_analyze_results.py,auto_solve_20260923_120249,问题3结果；摘要,,review/auto_solve/20260923_120249/03_validation/claim_verification.json,NOT_ASSESSED,AI_VERIFIED
Q3-K2,问题3的2核逐用例平均加速比,1.8044433128780208,ratio,1e-12,results/auto_solve_20260923_120249/analysis_final/summary.csv,45,mean_speedup,tools/a_analyze_results.py,auto_solve_20260923_120249,问题3结果；摘要,,review/auto_solve/20260923_120249/03_validation/claim_verification.json,NOT_ASSESSED,AI_VERIFIED
Q3-K3,问题3的3核逐用例平均加速比,2.471783376177171,ratio,1e-12,results/auto_solve_20260923_120249/analysis_final/summary.csv,49,mean_speedup,tools/a_analyze_results.py,auto_solve_20260923_120249,问题3结果；摘要,,review/auto_solve/20260923_120249/03_validation/claim_verification.json,NOT_ASSESSED,AI_VERIFIED
Q3-K4,问题3的4核逐用例平均加速比,3.067807409913027,ratio,1e-12,results/auto_solve_20260923_120249/analysis_final/summary.csv,53,mean_speedup,tools/a_analyze_results.py,auto_solve_20260923_120249,问题3结果；摘要,,review/auto_solve/20260923_120249/03_validation/claim_verification.json,NOT_ASSESSED,AI_VERIFIED
Q3-K5,问题3的5核逐用例平均加速比,3.550139859944528,ratio,1e-12,results/auto_solve_20260923_120249/analysis_final/summary.csv,57,mean_speedup,tools/a_analyze_results.py,auto_solve_20260923_120249,问题3结果；摘要,,review/auto_solve/20260923_120249/03_validation/claim_verification.json,NOT_ASSESSED,AI_VERIFIED
CACHE-HIT-K5,5核跨用例字节加权Cache命中率,0.20424210952292732,fraction,1e-12,results/auto_solve_20260923_120249/analysis_final/summary.csv,57,byte_weighted_cache_hit_rate,tools/a_analyze_results.py,auto_solve_20260923_120249,第7节,,review/auto_solve/20260923_120249/03_validation/claim_verification.json,NOT_ASSESSED,AI_VERIFIED
CACHE-K1,同方案无L2/只读L2逐例比值的算术平均,1.0086217156663206,ratio,1e-12,results/auto_solve_20260923_120249/analysis_final/cache_summary.csv,1,same_plan_cache_speedup,tools/a_analyze_results.py,auto_solve_20260923_120249,第7节表6与图4,,review/auto_solve/20260923_120249/03_validation/claim_verification.json,NOT_ASSESSED,AI_VERIFIED
CACHE-K2,同方案无L2/只读L2逐例比值的算术平均,1.0124199639663158,ratio,1e-12,results/auto_solve_20260923_120249/analysis_final/cache_summary.csv,2,same_plan_cache_speedup,tools/a_analyze_results.py,auto_solve_20260923_120249,第7节表6与图4,,review/auto_solve/20260923_120249/03_validation/claim_verification.json,NOT_ASSESSED,AI_VERIFIED
CACHE-K3,同方案无L2/只读L2逐例比值的算术平均,1.0140958549243109,ratio,1e-12,results/auto_solve_20260923_120249/analysis_final/cache_summary.csv,3,same_plan_cache_speedup,tools/a_analyze_results.py,auto_solve_20260923_120249,第7节表6与图4,,review/auto_solve/20260923_120249/03_validation/claim_verification.json,NOT_ASSESSED,AI_VERIFIED
CACHE-K4,同方案无L2/只读L2逐例比值的算术平均,1.0189860419762997,ratio,1e-12,results/auto_solve_20260923_120249/analysis_final/cache_summary.csv,4,same_plan_cache_speedup,tools/a_analyze_results.py,auto_solve_20260923_120249,第7节表6与图4,,review/auto_solve/20260923_120249/03_validation/claim_verification.json,NOT_ASSESSED,AI_VERIFIED
CACHE-K5,同方案无L2/只读L2逐例比值的算术平均,1.023308716834331,ratio,1e-12,results/auto_solve_20260923_120249/analysis_final/cache_summary.csv,5,same_plan_cache_speedup,tools/a_analyze_results.py,auto_solve_20260923_120249,第7节表6与图4,,review/auto_solve/20260923_120249/03_validation/claim_verification.json,NOT_ASSESSED,AI_VERIFIED
