id,quote,source_file,source_page,deliverable,paper_location,result_file,status,review_note
A-Q1-P046,问题 1：场景 A 下的多核切图与调度算法,inputs/problem/A题/通用神经网络处理器下的多核调度问题.docx,word/document.xml/body/p[46],问题1；附录A；results/v071_full_20260924_v2_analysis/selected_summary.csv,问题1；附录A,results/v071_full_20260924_v2_analysis/selected_summary.csv,AI_VERIFIED,原句保留；AI程序核验完成；人工未核验。容量仅核对评估器报告峰值。
A-Q1-P047,场景 A 下，每个子图独立构成一个 Task，所有跨子图数据均须经 DDR 中转。参赛者需建立多核切图与调度模型并设计求解算法，为每个非 COPY_IN/COPY_OUT 操作分配子图 id，同时确定各核心上的子图执行顺序。方案以缩短总体任务执行时间为主要目标，并兼顾总额外数据搬运量；算法还应适应核数变化，在 2～5 核范围内均能稳定地、高效地生成高质量结果。,inputs/problem/A题/通用神经网络处理器下的多核调度问题.docx,word/document.xml/body/p[47],问题1；附录A；results/v071_full_20260924_v2_analysis/selected_summary.csv,问题1；附录A,results/v071_full_20260924_v2_analysis/selected_summary.csv,AI_VERIFIED,原句保留；AI程序核验完成；人工未核验。容量仅核对评估器报告峰值。
A-Q1-P048,参赛者须通过代码实现所提出的算法，在题目给定的全部测试用例和固定配置参数下完成实验，并提交以下三类结果：,inputs/problem/A题/通用神经网络处理器下的多核调度问题.docx,word/document.xml/body/p[48],问题1；附录A；results/v071_full_20260924_v2_analysis/selected_summary.csv,问题1；附录A,results/v071_full_20260924_v2_analysis/selected_summary.csv,AI_VERIFIED,原句保留；AI程序核验完成；人工未核验。容量仅核对评估器报告峰值。
A-Q1-P049,正文：给出 1～5 个核的平均加速比折线图，作为关键算法结果。单核基准 Makespan 由核内调度算法在整图上计算，单核加速比定义为 1；对于 k 核配置，加速比定义为单核配置下核内调度所得 Makespan 与 k 核下多核评估所得 Makespan 之比。,inputs/problem/A题/通用神经网络处理器下的多核调度问题.docx,word/document.xml/body/p[49],第5节折线图；figures/v071_full_20260924_v2/v071_speedup_by_problem.pdf,第5节折线图,figures/v071_full_20260924_v2/v071_speedup_by_problem.pdf,AI_VERIFIED,原句保留；AI程序核验完成；人工未核验。容量仅核对评估器报告峰值。
A-Q1-P050,附录：逐用例列出赛题评估程序给出的结果，包括 Makespan 和总额外数据搬运量。,inputs/problem/A题/通用神经网络处理器下的多核调度问题.docx,word/document.xml/body/p[50],问题1；附录A；results/v071_full_20260924_v2_analysis/selected_summary.csv,问题1；附录A,results/v071_full_20260924_v2_analysis/selected_summary.csv,AI_VERIFIED,原句保留；AI程序核验完成；人工未核验。容量仅核对评估器报告峰值。
A-Q1-P051,附件：提供可复现的 Python 程序脚本，输入输出格式见附录 B。,inputs/problem/A题/通用神经网络处理器下的多核调度问题.docx,word/document.xml/body/p[51],附录C复现入口；tools/run_v071.py,附录C复现入口,tools/run_v071.py,AI_VERIFIED,原句保留；AI程序核验完成；人工未核验。容量仅核对评估器报告峰值。
A-Q2-P053,问题 2：场景 B 下的多核切图与调度算法,inputs/problem/A题/通用神经网络处理器下的多核调度问题.docx,word/document.xml/body/p[53],问题2；附录A；results/v071_full_20260924_v2_analysis/selected_summary.csv,问题2；附录A,results/v071_full_20260924_v2_analysis/selected_summary.csv,AI_VERIFIED,原句保留；AI程序核验完成；人工未核验。容量仅核对评估器报告峰值。
A-Q2-P054,场景 B 下，每个核心上的全部子图合并为一个 Task：同核子图可直接复用 L1/UB 中的数据，跨核依赖则通过 COPY_OUT/COPY_IN 和固定同步延迟完成。参赛者需在问题 1 的基础上，建立适用于场景 B 的切图与调度模型并设计求解算法，在严格满足 L1/UB 容量约束的前提下，进一步缩短总体任务执行时间并减少额外数据搬运。算法应适应核数变化，在 2～5 核范围内均能稳定地、高效地生成高质量结果。,inputs/problem/A题/通用神经网络处理器下的多核调度问题.docx,word/document.xml/body/p[54],问题2；附录A；results/v071_full_20260924_v2_analysis/selected_summary.csv,问题2；附录A,results/v071_full_20260924_v2_analysis/selected_summary.csv,AI_VERIFIED,原句保留；AI程序核验完成；人工未核验。容量仅核对评估器报告峰值。
A-Q2-P055,参赛者须在题目给定的全部测试用例和固定配置参数下完成实验，并提交以下三类结果：,inputs/problem/A题/通用神经网络处理器下的多核调度问题.docx,word/document.xml/body/p[55],问题2；附录A；results/v071_full_20260924_v2_analysis/selected_summary.csv,问题2；附录A,results/v071_full_20260924_v2_analysis/selected_summary.csv,AI_VERIFIED,原句保留；AI程序核验完成；人工未核验。容量仅核对评估器报告峰值。
A-Q2-P056,正文：给出场景 B 下 1～5 个核的平均加速比折线图，加速比定义与问题 1 相同。,inputs/problem/A题/通用神经网络处理器下的多核调度问题.docx,word/document.xml/body/p[56],第6节折线图；figures/v071_full_20260924_v2/v071_speedup_by_problem.pdf,第6节折线图,figures/v071_full_20260924_v2/v071_speedup_by_problem.pdf,AI_VERIFIED,原句保留；AI程序核验完成；人工未核验。容量仅核对评估器报告峰值。
A-Q2-P057,附录：逐个用例地列出赛题评估程序给出的结果，包括 Makespan和总额外数据搬运量。,inputs/problem/A题/通用神经网络处理器下的多核调度问题.docx,word/document.xml/body/p[57],问题2；附录A；results/v071_full_20260924_v2_analysis/selected_summary.csv,问题2；附录A,results/v071_full_20260924_v2_analysis/selected_summary.csv,AI_VERIFIED,原句保留；AI程序核验完成；人工未核验。容量仅核对评估器报告峰值。
A-Q2-P058,附件：提供可复现的 Python 程序脚本，输入输出格式见附录 B。,inputs/problem/A题/通用神经网络处理器下的多核调度问题.docx,word/document.xml/body/p[58],附录C复现入口；tools/run_v071.py,附录C复现入口,tools/run_v071.py,AI_VERIFIED,原句保留；AI程序核验完成；人工未核验。容量仅核对评估器报告峰值。
A-Q3-P059,问题 3：共享 L2 资源下的多核切图与调度,inputs/problem/A题/通用神经网络处理器下的多核调度问题.docx,word/document.xml/body/p[59],第7节；附录B；results/v071_full_20260924_v2_analysis/cache_pairs.csv,第7节；附录B,results/v071_full_20260924_v2_analysis/cache_pairs.csv,AI_VERIFIED,原句保留；AI程序核验完成；人工未核验。容量仅核对评估器报告峰值。
A-Q3-P060,本问题在场景 B 的基础上引入所有核心共享的只读 L2 Cache，要求参赛者研究其容量和带宽对多核切图与调度的影响，并建立相应模型、设计求解算法。L2 容量为 1 MB、带宽为 250 bytes/cycle，用于复用多核共享输入，其带宽独立于 DDR 带宽。算法应适应核数变化，并能稳定地、高效地生成高质量结果。,inputs/problem/A题/通用神经网络处理器下的多核调度问题.docx,word/document.xml/body/p[60],第7节；附录B；results/v071_full_20260924_v2_analysis/cache_pairs.csv,第7节；附录B,results/v071_full_20260924_v2_analysis/cache_pairs.csv,AI_VERIFIED,原句保留；AI程序核验完成；人工未核验。容量仅核对评估器报告峰值。
A-Q3-P061,参赛者须在题目给定的全部测试用例和固定配置参数下完成实验，并提交以下两类结果：,inputs/problem/A题/通用神经网络处理器下的多核调度问题.docx,word/document.xml/body/p[61],第7节；附录B；results/v071_full_20260924_v2_analysis/cache_pairs.csv,第7节；附录B,results/v071_full_20260924_v2_analysis/cache_pairs.csv,AI_VERIFIED,原句保留；AI程序核验完成；人工未核验。容量仅核对评估器报告峰值。
A-Q3-P062,正文：给出 1～5 核下无 L2 与只读 Cache 两种配置的对比曲线，并报告相同核数下只读 Cache 相对无 L2 基线的加速比；该加速比定义为无 L2 时的 Makespan 与只读 Cache 配置下 Makespan 之比。,inputs/problem/A题/通用神经网络处理器下的多核调度问题.docx,word/document.xml/body/p[62],第7节；附录B；results/v071_full_20260924_v2_analysis/cache_pairs.csv,第7节；附录B,results/v071_full_20260924_v2_analysis/cache_pairs.csv,AI_VERIFIED,原句保留；AI程序核验完成；人工未核验。容量仅核对评估器报告峰值。
A-Q3-P063,附录：逐用例列出无 L2 与只读 Cache 两种配置的赛题评估程序给出的结果，包括 Makespan、总额外数据搬运量、Cache 命中率。,inputs/problem/A题/通用神经网络处理器下的多核调度问题.docx,word/document.xml/body/p[63],第7节；附录B；results/v071_full_20260924_v2_analysis/cache_pairs.csv,第7节；附录B,results/v071_full_20260924_v2_analysis/cache_pairs.csv,AI_VERIFIED,原句保留；AI程序核验完成；人工未核验。容量仅核对评估器报告峰值。
A-Q1-P143,问题 1：每个子图构成一个独立 Task，并按 core_schedules 分配到核心。Task 之间不保留核内数据：所有边界数据均经 DDR 中转，并由 COPY_OUT/COPY_IN 传递，即使相邻 Task 位于同一核心也是如此。Task 的最早激活时刻同时受同核顺序和前驱约束：同核前一 Task 完成后至少等待 100 cycles；每个跨核前驱 Task 完成后至少等待 1000 cycles。实际激活时刻取全部约束的最大值。,inputs/problem/A题/通用神经网络处理器下的多核调度问题.docx,word/document.xml/body/p[143],第3节；第8.1节；review/v071_claim_verification_20260924.json,第3节；第8.1节,review/v071_claim_verification_20260924.json,AI_VERIFIED,原句保留；AI程序核验完成；人工未核验。容量仅核对评估器报告峰值。
A-Q1-P144,问题 2、3：同一核心的全部子图合并为一个 Task；同核依赖保留核内数据，不插入边界 COPY。仅对跨核数据边，在源核插入 COPY_OUT、目标核插入 COPY_IN。目标 COPY_IN 须在源 COPY_OUT 完成并经过 500 cycles 同步延迟后，才能进入就绪判定。问题 3 沿用问题 2 的 Task 结构，仅增加只读 Cache 资源。,inputs/problem/A题/通用神经网络处理器下的多核调度问题.docx,word/document.xml/body/p[144],第3节；第8.1节；review/v071_claim_verification_20260924.json,第3节；第8.1节,review/v071_claim_verification_20260924.json,AI_VERIFIED,原句保留；AI程序核验完成；人工未核验。容量仅核对评估器报告峰值。
A-Q1-P146,每个 Task 按附录 C 展开，得到包含必要换入换出操作的扩展图和确定性操作顺序。随后为每个核心初始化四条 Pipe 的就绪队列与执行器，以及操作状态、前驱计数、L1/UB 驻留集合、剩余引用、当前占用和峰值；全局初始化 DDR 带宽池，问题 3 另初始化只读 Cache 及 Cache 读带宽池。,inputs/problem/A题/通用神经网络处理器下的多核调度问题.docx,word/document.xml/body/p[146],第3节；第8.1节；review/v071_claim_verification_20260924.json,第3节；第8.1节,review/v071_claim_verification_20260924.json,AI_VERIFIED,原句保留；AI程序核验完成；人工未核验。容量仅核对评估器报告峰值。
A-Q1-P148,操作状态依次为 pending、ready、running 和 done。进入 ready 必须同时满足：所属 Task 已激活，全部核内前驱已完成，跨核释放时刻已到；若操作需要申请核内缓存，还须轮到其申请次序且 L1/UB 容量足够。就绪操作按附录 C 给出的确定性顺序进入本核对应 Pipe 的队列；Pipe 空闲时发射，同核同 Pipe 串行，不同 Pipe 或不同核心可并行。发射前申请输出空间，操作完成后递减输入张量引用，最后一次使用完成即释放空间。,inputs/problem/A题/通用神经网络处理器下的多核调度问题.docx,word/document.xml/body/p[148],第3节；第8.1节；review/v071_claim_verification_20260924.json,第3节；第8.1节,review/v071_claim_verification_20260924.json,AI_VERIFIED,原句保留；AI程序核验完成；人工未核验。容量仅核对评估器报告峰值。
A-Q1-P157,发射就绪操作：逐核、逐 Pipe 发射满足依赖、执行器、申请次序和容量条件的操作；带宽操作加入相应共享池，并立即重算预计完成时刻。,inputs/problem/A题/通用神经网络处理器下的多核调度问题.docx,word/document.xml/body/p[157],第3节；第8.1节；review/v071_claim_verification_20260924.json,第3节；第8.1节,review/v071_claim_verification_20260924.json,AI_VERIFIED,原句保留；AI程序核验完成；人工未核验。容量仅核对评估器报告峰值。
