阶段编号,阶段名称,本次实际工作,主要产物,可迁移经验,下次提前点
128,问题一分析改写,按题面重写典型日模型思路,paper/latex/sections/02_analysis.tex,先说数据和约束再写模型,题面到达后当天完成
129,问题二至四分析改写,明确预测和动态调整依赖,问题分析章节,小问之间的继承关系必须写清,模型卡阶段完成
132,摘要回退,恢复用户确认的摘要版本,论文PDF与阶段记录,保留版本选择和回退原因,摘要初稿后立即人工看
137,图18重绘,加入效率扫描和局部放大,图18源文件与PDF,图表先定论证任务再美化,与结果导出同步
141,全文表述清理,删除空泛和防御性表达,修改对照与PDF,语言修改不能改变证据,建立术语黑名单
143/144,图表候选,提供图1和图4候选,候选PDF/PPTX/SVG,候选先人工选择再嵌入,每张图保留源文件
153,题面必需表补全,补齐正文需要的结果表,表格与核验报告,题面要求建立覆盖表,题面拆解时登记
154,储能图增强,标出真实峰谷和局部变化,图表源与PDF,解释性标注不能遮挡数据,先做标注层
157,续表排版,处理跨页表格和重复表头,续表PDF与布局证据,允许续表避免大空白,论文骨架阶段确定浮动策略
159,AI声明,按用户确认文本修订,AI声明PDF与阶段记录,实际工具和用途要如实记录,比赛开始就建立记录表
161,支撑材料,生成提交用包和完整归档,五个Excel、代码、数据和ZIP,提交包与归档分层,上传前留出解压复核时间
162,4.3精简与图3随文,压缩工作流程说明并放置矢量图,论文PDF与布局证据,图文顺序服务阅读,图表任务表先于排版
163,华为杯流程复盘,整理本次完整链路并写迁移手册,本流程复盘包,迁移方法不等于新赛事规则,新届次先重查官方通知
