problem,cores,algorithm,cases,mean_speedup,median_speedup,min_speedup,max_speedup,mean_makespan,mean_added_copy_bytes,mean_cache_hit_rate,byte_weighted_cache_hit_rate,slower_than_singlecore
2,1,portfolio,100,1.0,1.0,1.0,1.0,3124793.73,12416861.2,0.0,0.0,0
2,1,balanced_greedy,100,1.0,1.0,1.0,1.0,3124793.73,12416861.2,0.0,0.0,0
2,1,component_aware,100,1.0,1.0,1.0,1.0,3124793.73,12416861.2,0.0,0.0,0
2,1,component_packed,100,1.0,1.0,1.0,1.0,3124793.73,12416861.2,0.0,0.0,0
2,2,portfolio,100,1.786204754393148,1.9743277514356696,1.0,2.336133032694476,1697962.14,12880521.46,0.0,0.0,0
2,2,balanced_greedy,100,1.424601237234454,1.3560221759904536,0.90182573005614,2.041146622832057,2162354.76,15191443.22,0.0,0.0,5
2,2,component_aware,100,1.7517954754471563,1.9735930080766375,0.932715206169989,2.336133032694476,1726935.98,12700897.28,0.0,0.0,3
2,2,component_packed,100,1.571677817052324,1.695723616931361,0.90182573005614,2.2459587672412393,2373066.79,13437543.68,0.0,0.0,15
2,3,portfolio,100,2.4453869784736217,2.84071828532434,1.0,3.394463100991072,1227568.97,13755762.62,0.0,0.0,0
2,3,balanced_greedy,100,1.712499788088371,1.5727956037388564,0.8242142025611175,3.01633025735042,1873752.53,16018222.38,0.0,0.0,4
2,3,component_aware,100,2.3812578813952987,2.84071828532434,0.932715206169989,3.394463100991072,1267174.93,13489607.68,0.0,0.0,3
2,3,component_packed,100,2.1107045964000775,2.2851362033296407,0.8242142025611175,3.1157777301975456,2084723.68,14405528.42,0.0,0.0,6
2,4,portfolio,100,3.0284475413638874,3.5903650322717535,1.0,4.478408992743607,994169.04,14219554.32,0.0,0.0,0
2,4,balanced_greedy,100,1.9353062952362297,1.6627245499142005,0.85691231845078,3.971024362277825,1688074.0,16647749.82,0.0,0.0,4
2,4,component_aware,100,2.931210428324115,3.5903650322717535,0.932715206169989,4.478408992743607,1040418.78,13856591.84,0.0,0.0,3
2,4,component_packed,100,2.625170102157559,2.784090994262483,0.85691231845078,4.478408992743607,1893352.05,14828418.54,0.0,0.0,4
2,5,portfolio,100,3.492065524763809,4.004617791387901,1.0,5.501140719714555,864357.09,14868677.78,0.0,0.0,0
2,5,balanced_greedy,100,2.119585679057339,1.7022352631003614,0.8915213133103256,4.9073723211654245,1612175.7,17133328.6,0.0,0.0,5
2,5,component_aware,100,3.380766000195119,4.004617791387901,0.932715206169989,5.501140719714555,913227.06,14456369.2,0.0,0.0,3
2,5,component_packed,100,3.0512557609176953,3.070048538005405,0.8326509277811656,5.501140719714555,1444143.07,15472123.78,0.0,0.0,4
