job,official_hash_match,historical_status
code/results/full_main_fast_split_20260924/case_076_3core,True,COMPUTED
code/results/full_main_fast_split_20260924/case_076_4core,True,COMPUTED
code/results/full_main_fast_split_20260924/case_076_5core,True,COMPUTED
code/results/full_main_fast_split_20260924/case_091_3core,True,COMPUTED
code/results/full_main_fast_split_20260924/case_091_4core,True,COMPUTED
code/results/full_main_fast_split_20260924/case_091_5core,True,COMPUTED
code/results/full_main_fast_20260924/batch_01,True,RUNNING
code/results/full_main_fast_20260924/batch_02,True,RUNNING
code/results/full_main_fast_20260924/batch_03,True,COMPUTED
code/results/full_main_fast_20260924/batch_04,True,COMPUTED
code/results/full_main_fast_20260924/batch_05,True,COMPUTED
code/results/full_main_fast_20260924/batch_06,True,COMPUTED
code/results/full_main_fast_20260924/batch_07,True,COMPUTED
code/results/full_main_fast_20260924/batch_08,True,COMPUTED
code/results/full_main_fast_20260924/batch_09,True,COMPUTED
code/results/full_main_fast_20260924/batch_10,True,COMPUTED
code/results/full_main_fast_20260924/batch_11,True,COMPUTED
code/results/full_main_fast_20260924/batch_12,True,COMPUTED
code/results/full_main_20260924/batch_01,True,RUNNING
code/results/full_main_20260924/batch_02,True,RUNNING
code/results/full_main_20260924/batch_03,True,RUNNING
code/results/full_main_20260924/batch_04,True,RUNNING
